case,fixed,moving,pair,n_cells_fixed,n_cells_moving,icp_matched_pairs,time_seconds,icp_mean_L2,icp_median_L2,icp_p95_L2,F1,precision,recall,matched_cells,eligible_moving,eligible_fixed,matched_mean_iou,TRE_mean_px,TRE_median_px,TRE_p95_px,mask_dice,mask_iou
C3-3,C3-B-3,C3-A-3,C3-A-3_to_C3-B-3,1246,1278,963,7.7,1.08,0.88,2.59,0.895,0.8921,0.898,1100,1233,1225,0.78,1.56,0.96,5.64,0.8825,0.7897
C3-3,C3-B-3,C3-D-3,C3-D-3_to_C3-B-3,1246,1224,531,8.8,2.4,1.98,5.94,0.7356,0.7477,0.7239,886,1185,1224,0.6212,3.36,2.47,9.13,0.7235,0.5668
A5-1,A5-B-1,A5-C-1,A5-C-1_to_A5-B-1,1286,1541,815,7.9,1.53,1.07,4.32,0.7746,0.7107,0.8512,1093,1538,1284,0.7162,2.4,1.49,7.68,0.7503,0.6004
C4-1,C4-C-1,C4-D-1,C4-D-1_to_C4-C-1,1320,1404,1109,7.9,1.12,1.0,2.32,0.9178,0.8924,0.9446,1228,1376,1300,0.803,1.38,1.06,4.01,0.892,0.8051
A3-3,A3-A-3,A3-D-3,A3-D-3_to_A3-A-3,1434,1414,927,8.5,1.38,1.1,3.62,0.8542,0.8671,0.8416,1201,1385,1427,0.7519,2.04,1.31,6.79,0.8547,0.7463
A5-3,A5-B-3,A5-A-3,A5-A-3_to_A5-B-3,1557,1500,825,8.7,2.06,1.68,5.16,0.7532,0.772,0.7354,1131,1465,1538,0.6932,2.9,1.96,8.26,0.7573,0.6094
C6-3,C6-C-3,C6-A-3,C6-A-3_to_C6-C-3,1411,1524,1034,8.5,1.4,1.16,3.62,0.8684,0.8436,0.8948,1251,1483,1398,0.7542,2.1,1.31,6.85,0.8495,0.7384
A2-2,A2-A-2,A2-E-2,A2-E-2_to_A2-A-2,1675,1479,345,11.1,3.22,2.59,7.52,0.5633,0.604,0.5278,874,1447,1656,0.5574,4.27,3.62,9.63,0.5632,0.392
C4-3,C4-C-3,C4-E-3,C4-E-3_to_C4-C-3,1407,1519,1000,8.5,1.49,1.23,3.45,0.8808,0.856,0.9071,1260,1472,1389,0.7428,2.05,1.41,6.36,0.8438,0.7297
C4-3,C4-C-3,C4-A-3,C4-A-3_to_C4-C-3,1407,1483,896,8.3,1.51,1.19,3.98,0.859,0.8385,0.8807,1225,1461,1391,0.7325,2.3,1.48,7.4,0.8371,0.7198
C6-1,C6-C-1,C6-B-1,C6-B-1_to_C6-C-1,1444,1441,1119,8.1,0.94,0.67,2.57,0.9073,0.9044,0.9102,1267,1401,1392,0.7947,1.4,0.75,6.06,0.889,0.8002
A3-3,A3-A-3,A3-B-3,A3-B-3_to_A3-A-3,1434,1365,608,10.2,2.36,1.9,6.19,0.7309,0.7506,0.7123,1020,1359,1432,0.6346,3.21,2.45,8.56,0.7241,0.5675
A2-4,A2-A-4,A2-C-4,A2-C-4_to_A2-A-4,1488,1449,635,10.9,2.87,2.33,7.02,0.7038,0.7169,0.6911,1018,1420,1473,0.6079,3.87,3.03,9.81,0.6845,0.5203
A3-3,A3-A-3,A3-C-3,A3-C-3_to_A3-A-3,1434,1437,1104,8.3,1.65,1.14,5.2,0.8526,0.8532,0.852,1215,1424,1426,0.7324,2.08,1.26,7.11,0.8393,0.7231
C4-1,C4-C-1,C4-B-1,C4-B-1_to_C4-C-1,1320,1406,1042,8.0,1.15,1.01,2.32,0.9041,0.8808,0.9286,1197,1359,1289,0.781,1.44,1.07,4.09,0.8663,0.7641
A3-3,A3-A-3,A3-E-3,A3-E-3_to_A3-A-3,1434,1413,715,9.3,2.32,1.93,5.75,0.7347,0.7404,0.7291,1044,1410,1432,0.6505,3.15,2.35,9.11,0.7396,0.5868
C2-1,C2-C-1,C2-A-1,C2-A-1_to_C2-C-1,2131,2109,489,15.0,4.55,4.63,7.71,0.3734,0.3804,0.3666,746,1961,2035,0.5154,5.29,5.03,9.97,0.4819,0.3175
C2-1,C2-C-1,C2-E-1,C2-E-1_to_C2-C-1,2131,2103,1339,9.8,1.18,0.91,3.3,0.8759,0.8864,0.8657,1779,2007,2055,0.7645,2.02,1.13,7.23,0.8759,0.7793
A3-2,A3-A-2,A3-B-2,A3-B-2_to_A3-A-2,1521,1361,351,10.5,3.86,3.37,8.35,0.5111,0.5443,0.4817,725,1332,1505,0.5208,4.77,4.14,10.5,0.5265,0.3573
A3-1,A3-A-1,A3-B-1,A3-B-1_to_A3-A-1,1649,1732,1112,8.9,1.48,1.05,4.12,0.8383,0.8218,0.8554,1402,1706,1639,0.7356,2.2,1.25,7.82,0.835,0.7167
A4-1,A4-B-1,A4-E-1,A4-E-1_to_A4-B-1,2075,2131,1341,9.9,1.44,1.17,3.46,0.8584,0.8513,0.8657,1786,2098,2063,0.7506,2.11,1.39,6.43,0.8651,0.7622
C4-3,C4-C-3,C4-D-3,C4-D-3_to_C4-C-3,1407,1507,938,8.7,1.82,1.49,4.07,0.8679,0.8473,0.8895,1215,1434,1366,0.712,2.44,1.79,6.66,0.8217,0.6974
A5-2,A5-B-2,A5-C-2,A5-C-2_to_A5-B-2,1403,1522,946,8.6,1.35,1.02,3.54,0.8272,0.8349,0.8196,1072,1284,1308,0.7566,1.93,1.21,7.06,0.82,0.6949
A6-3,A6-B-3,A6-D-3,A6-D-3_to_A6-B-3,1939,2091,1566,10.2,1.4,1.06,3.55,0.8644,0.8502,0.879,1657,1949,1885,0.7945,1.63,1.11,5.12,0.876,0.7794
A6-1,A6-B-1,A6-D-1,A6-D-1_to_A6-B-1,1681,1787,1350,9.2,1.09,0.85,2.81,0.9093,0.8829,0.9373,1569,1777,1674,0.812,1.49,0.92,5.24,0.906,0.8282
C6-2,C6-C-2,C6-B-2,C6-B-2_to_C6-C-2,1940,2042,1312,9.5,1.39,1.03,3.73,0.8793,0.8583,0.9013,1726,2011,1915,0.7539,2.02,1.25,6.56,0.8546,0.7461
C6-2,C6-C-2,C6-A-2,C6-A-2_to_C6-C-2,1940,1961,1409,9.3,1.24,0.94,3.09,0.8935,0.8879,0.8991,1711,1927,1903,0.7775,1.86,1.09,6.48,0.8815,0.7881
C6-2,C6-C-2,C6-E-2,C6-E-2_to_C6-C-2,1940,2033,1512,9.3,1.71,1.58,3.1,0.9145,0.8945,0.9355,1797,2009,1921,0.7504,2.17,1.68,5.74,0.8725,0.7738
A2-2,A2-A-2,A2-B-2,A2-B-2_to_A2-A-2,1675,1518,404,11.1,3.06,2.41,7.93,0.6144,0.6484,0.5837,948,1462,1624,0.5754,4.34,3.63,10.01,0.612,0.4409
C2-3,C2-C-3,C2-E-3,C2-E-3_to_C2-C-3,1932,1981,1118,9.9,1.53,1.12,4.25,0.8366,0.828,0.8454,1613,1948,1908,0.7194,2.5,1.58,7.85,0.8168,0.6903
C5-3,C5-C-3,C5-B-3,C5-B-3_to_C5-C-3,1847,1897,1387,9.5,1.25,1.03,2.94,0.91,0.8996,0.9206,1693,1882,1839,0.7742,1.77,1.15,6.24,0.8875,0.7977
A6-4,A6-B-4,A6-A-4,A6-A-4_to_A6-B-4,1451,1426,873,8.4,1.68,1.24,4.47,0.7877,0.7991,0.7767,1078,1349,1388,0.7364,2.47,1.54,7.82,0.7717,0.6283
C5-3,C5-C-3,C5-D-3,C5-D-3_to_C5-C-3,1847,1903,1399,9.3,0.95,0.71,2.41,0.9211,0.9084,0.9341,1715,1888,1836,0.8002,1.52,0.81,5.94,0.9059,0.828
A4-1,A4-B-1,A4-C-1,A4-C-1_to_A4-B-1,2075,2186,1319,10.1,1.41,0.99,3.86,0.8384,0.8172,0.8607,1779,2177,2067,0.7493,2.17,1.38,6.86,0.8587,0.7524
A4-2,A4-B-2,A4-E-2,A4-E-2_to_A4-B-2,2280,2367,1358,10.4,1.59,1.12,4.7,0.824,0.8118,0.8366,1889,2327,2258,0.7226,2.49,1.57,7.79,0.8259,0.7035
C5-3,C5-C-3,C5-E-3,C5-E-3_to_C5-C-3,1847,1877,1082,9.7,1.53,1.19,3.83,0.8436,0.842,0.8453,1535,1823,1816,0.7353,2.33,1.5,7.48,0.8338,0.715
A6-2,A6-B-2,A6-A-2,A6-A-2_to_A6-B-2,1435,1418,1008,8.2,1.47,1.13,3.81,0.8514,0.8591,0.8439,1189,1384,1409,0.7695,2.09,1.31,7.02,0.8256,0.7029
A6-2,A6-B-2,A6-C-2,A6-C-2_to_A6-B-2,1435,1649,883,8.7,1.61,1.18,4.48,0.7799,0.736,0.8295,1182,1606,1425,0.7458,2.54,1.58,8.16,0.7718,0.6284
A4-3,A4-B-3,A4-A-3,A4-A-3_to_A4-B-3,2719,2595,2249,11.3,1.56,0.98,5.54,0.8976,0.9329,0.8649,2279,2443,2635,0.7923,1.76,1.0,6.61,0.899,0.8166
A4-3,A4-B-3,A4-C-3,A4-C-3_to_A4-B-3,2719,2799,1788,11.4,1.38,1.01,3.66,0.8631,0.8537,0.8726,2357,2761,2701,0.7638,2.1,1.25,6.93,0.8714,0.7721
A2-3,A2-A-3,A2-D-3,A2-D-3_to_A2-A-3,1652,1645,217,12.0,6.28,6.57,9.53,0.2082,0.2127,0.2039,316,1486,1550,0.4531,6.95,6.5,12.27,0.3369,0.2026
C3-1,C3-B-1,C3-D-1,C3-D-1_to_C3-B-1,1224,1030,132,8.8,5.06,4.76,9.32,0.3458,0.3776,0.3189,375,993,1176,0.4568,5.22,4.76,10.05,0.3991,0.2493
C2-2,C2-C-2,C2-E-2,C2-E-2_to_C2-C-2,1665,1727,457,12.3,6.31,6.82,9.68,0.3474,0.347,0.3478,568,1637,1633,0.4802,6.79,6.87,11.84,0.4397,0.2818
A4-1,A4-B-1,A4-A-1,A4-A-1_to_A4-B-1,2075,1944,434,13.9,5.89,6.02,9.65,0.3529,0.3627,0.3435,695,1916,2023,0.477,6.47,6.16,11.85,0.4464,0.2874
A2-3,A2-A-3,A2-C-3,A2-C-3_to_A2-A-3,1652,1459,279,11.2,3.98,3.59,8.85,0.4554,0.497,0.4201,668,1344,1590,0.5219,5.15,4.44,11.32,0.4781,0.3142
C3-2,C3-B-2,C3-D-2,C3-D-2_to_C3-B-2,1103,970,187,8.5,4.13,3.59,8.85,0.4641,0.5021,0.4315,469,934,1087,0.4967,4.54,4.1,9.55,0.4614,0.2999
C3-1,C3-B-1,C3-E-1,C3-E-1_to_C3-B-1,1224,1174,180,9.4,3.99,3.73,8.95,0.4714,0.4846,0.4589,536,1106,1168,0.4883,4.79,4.25,10.39,0.4968,0.3305
