fixed_cell_id,moving_cell_id,iou,accepted,centroid_error_px,tre_px,moving_valid_area_px,moving_valid_fraction,fixed_valid_area_px,fixed_valid_fraction
1,1,0.65807962529274,True,0.8745700626234976,0.8745700626234976,427,0.9143468950749465,281,0.9093851132686084
5,2,0.0,False,,,88,0.6821705426356589,186,0.8193832599118943
4,5,0.0,False,,,42,0.6666666666666666,102,0.7083333333333334
29,6,0.0,False,,,293,0.8347578347578347,202,1.0
2,9,0.32838283828382836,True,12.346501476175941,12.346501476175941,489,1.0,316,0.8102564102564103
7,10,0.23684210526315788,False,,,201,1.0,363,0.9758064516129032
3,11,0.4978038067349927,True,3.3546637524894454,3.3546637524894454,340,1.0,683,0.940771349862259
8,12,0.38904899135446686,True,7.181104547096389,7.181104547096389,195,1.0,287,0.9930795847750865
13,13,0.1547911547911548,False,,,83,1.0,387,1.0
46,14,0.0,False,,,143,1.0,96,1.0
11,15,0.0,False,,,57,1.0,263,1.0
21,16,0.0,False,,,102,1.0,405,1.0
16,17,0.0,False,,,495,1.0,134,1.0
12,18,0.5017964071856288,True,7.992481610604778,7.992481610604778,789,1.0,465,1.0
14,19,0.296,False,,,234,1.0,90,1.0
15,20,0.7660044150110376,True,2.1507657222825536,2.1507657222825536,404,1.0,396,1.0
18,21,0.0,False,,,709,1.0,31,1.0
19,22,0.0,False,,,100,1.0,94,1.0
31,24,0.0,False,,,340,1.0,553,1.0
9,25,0.2625169147496617,False,,,263,1.0,670,1.0
41,26,0.0,False,,,403,1.0,336,1.0
22,27,0.1524390243902439,False,,,164,1.0,25,1.0
20,28,0.17632241813602015,False,,,118,1.0,349,1.0
24,29,0.6719022687609075,True,2.6810442951934306,2.6810442951934306,534,1.0,424,1.0
26,30,0.0,False,,,192,1.0,279,1.0
44,31,0.0,False,,,278,1.0,945,1.0
17,32,0.4896030245746692,True,4.205902462994967,4.205902462994967,291,1.0,497,1.0
23,33,0.3717693836978131,True,0.39143027388613927,0.39143027388613927,187,1.0,503,1.0
27,34,0.5330396475770925,True,4.484685768747953,4.484685768747953,196,1.0,152,1.0
30,35,0.0,False,,,194,1.0,507,1.0
25,36,0.3026315789473684,True,2.579476786030828,2.579476786030828,92,1.0,304,1.0
10,37,0.13631406761177753,False,,,185,1.0,857,1.0
28,38,0.8012422360248447,True,2.4953164921122974,2.4953164921122974,538,1.0,622,1.0
47,39,0.0,False,,,167,1.0,147,1.0
32,40,0.34398496240601506,True,7.454363387416275,7.454363387416275,223,1.0,492,1.0
40,41,0.29329608938547486,False,,,496,1.0,430,1.0
35,42,0.6021699819168174,True,4.267989194334744,4.267989194334744,389,1.0,497,1.0
36,43,0.14792899408284024,False,,,282,1.0,300,1.0
38,44,0.0,False,,,29,1.0,51,1.0
43,45,0.5042016806722689,True,3.6154084549236254,3.6154084549236254,232,1.0,126,1.0
39,46,0.0,False,,,262,1.0,298,1.0
33,47,0.5064102564102564,True,6.266415255220719,6.266415255220719,322,1.0,383,1.0
34,48,0.04559270516717325,False,,,30,1.0,658,1.0
37,49,0.27472527472527475,False,,,102,1.0,246,1.0
45,50,0.0,False,,,406,1.0,436,1.0
42,51,0.3545816733067729,True,6.45635963767605,6.45635963767605,140,1.0,200,1.0
49,52,0.7283702213279678,True,2.0348845980794925,2.0348845980794925,430,1.0,429,1.0
51,53,0.22788203753351208,False,,,91,1.0,367,1.0
56,54,0.31981981981981983,True,7.996389039609911,7.996389039609911,434,1.0,152,1.0
57,55,0.7710144927536232,True,1.122379539094949,1.122379539094949,341,1.0,270,1.0
59,56,0.5539305301645339,True,2.601271575747842,2.601271575747842,303,1.0,547,1.0
48,57,0.0,False,,,87,1.0,310,1.0
50,58,0.0,False,,,146,1.0,273,1.0
58,59,0.5961538461538461,True,3.754037219013564,3.754037219013564,327,1.0,420,1.0
53,60,0.2871287128712871,False,,,237,1.0,543,1.0
80,61,0.0,False,,,283,1.0,359,1.0
52,62,0.0,False,,,295,1.0,306,1.0
61,63,0.32792207792207795,True,4.093742342960407,4.093742342960407,139,1.0,270,1.0
62,64,0.5435897435897435,True,3.29388469306035,3.29388469306035,305,1.0,297,1.0
63,65,0.4367588932806324,True,7.2875858578638075,7.2875858578638075,330,1.0,397,1.0
54,66,0.0,False,,,153,1.0,188,1.0
64,67,0.590625,True,3.368699564048561,3.368699564048561,238,1.0,271,1.0
60,68,0.0,False,,,641,1.0,848,1.0
55,69,0.12326043737574553,False,,,514,1.0,616,1.0
65,70,0.8272027373823782,True,1.9522108043229411,1.9522108043229411,1111,1.0,1025,1.0
66,71,0.3613138686131387,True,3.7275342513712957,3.7275342513712957,99,1.0,274,1.0
67,73,0.12404580152671756,False,,,167,1.0,422,1.0
74,74,0.27385892116182575,False,,,366,1.0,555,1.0
68,75,0.0,False,,,691,1.0,244,1.0
70,76,0.32160804020100503,True,4.598163535983611,4.598163535983611,179,1.0,84,1.0
87,77,0.0,False,,,35,1.0,442,1.0
72,78,0.2984749455337691,False,,,208,1.0,388,1.0
69,79,0.6216216216216216,True,2.989137848071028,2.989137848071028,408,1.0,432,1.0
103,80,0.0,False,,,179,1.0,120,1.0
76,81,0.2171945701357466,False,,,117,1.0,152,1.0
111,82,0.0,False,,,311,1.0,321,1.0
73,83,0.39171974522292996,True,4.4633762385624625,4.4633762385624625,246,1.0,628,1.0
75,85,0.298932384341637,False,,,86,1.0,279,1.0
97,86,0.0,False,,,50,1.0,777,1.0
89,87,0.0,False,,,55,1.0,291,1.0
82,88,0.47317073170731705,True,5.888079714153147,5.888079714153147,254,1.0,350,1.0
78,89,0.4295774647887324,True,7.116387705704009,7.116387705704009,313,1.0,702,1.0
81,90,0.2967741935483871,False,,,116,1.0,286,1.0
79,91,0.15135834411384216,False,,,131,1.0,759,1.0
84,92,0.3813131313131313,True,5.44887059242306,5.44887059242306,373,1.0,174,1.0
93,93,0.6961325966850829,True,2.4547931265552645,2.4547931265552645,761,1.0,774,1.0
88,95,0.7422360248447205,True,2.580375348528386,2.580375348528386,638,1.0,484,1.0
95,96,0.0,False,,,499,1.0,239,1.0
91,97,0.47351524879614765,True,3.2403812609383316,3.2403812609383316,623,1.0,295,1.0
85,98,0.6972010178117048,True,2.4434660185595316,2.4434660185595316,331,1.0,336,1.0
83,100,0.2332657200811359,False,,,630,1.0,586,1.0
90,101,0.7050067658998647,True,1.8404697100179008,1.8404697100179008,579,1.0,681,1.0
94,102,0.8029661016949152,True,1.2838388776777219,1.2838388776777219,409,1.0,442,1.0
86,103,0.40415140415140416,True,10.650265911237543,10.650265911237543,586,1.0,564,1.0
92,105,0.22815533980582525,False,,,94,1.0,412,1.0
122,106,0.0,False,,,275,1.0,312,1.0
107,107,0.0,False,,,340,1.0,138,1.0
100,108,0.5282112845138055,True,6.630518235338562,6.630518235338562,454,1.0,819,1.0
113,109,0.24363057324840764,False,,,492,1.0,289,1.0
96,110,0.46265938069216755,True,3.6599457403495186,3.6599457403495186,266,1.0,537,1.0
105,111,0.6630824372759857,True,3.099331636087461,3.099331636087461,436,1.0,492,1.0
106,112,0.8015463917525774,True,0.8159157429317733,0.8159157429317733,374,1.0,325,1.0
104,113,0.7219512195121951,True,2.031228736145395,2.031228736145395,802,1.0,610,1.0
101,114,0.35855263157894735,True,6.696283584259461,6.696283584259461,369,1.0,870,1.0
99,115,0.16486902927580893,False,,,107,1.0,649,1.0
108,116,0.49389416553595655,True,7.899649989021326,7.899649989021326,439,1.0,662,1.0
109,117,0.7229254571026723,True,2.1361829556307734,2.1361829556307734,530,1.0,695,1.0
102,118,0.5064377682403434,True,5.705516418631976,5.705516418631976,400,1.0,653,1.0
130,119,0.0,False,,,119,1.0,346,1.0
114,120,0.6928327645051194,True,2.1618201095884353,2.1618201095884353,251,1.0,245,1.0
118,121,0.6223628691983122,True,2.406668225603449,2.406668225603449,450,1.0,319,1.0
115,122,0.0,False,,,305,1.0,673,1.0
110,123,0.4452380952380952,True,6.689099625244645,6.689099625244645,411,1.0,803,1.0
119,124,0.3469721767594108,True,7.470776988209159,7.470776988209159,247,1.0,576,1.0
121,125,0.0,False,,,102,1.0,300,1.0
117,126,0.641860465116279,True,3.497508540369496,3.497508540369496,467,1.0,592,1.0
116,127,0.44353182751540043,True,7.434687040069258,7.434687040069258,321,1.0,382,1.0
123,128,0.0,False,,,471,1.0,26,1.0
124,129,0.8038194444444444,True,2.5088018533100347,2.5088018533100347,489,1.0,550,1.0
126,131,0.4045368620037807,True,3.193467953022086,3.193467953022086,214,1.0,529,1.0
127,132,0.5058823529411764,True,2.366429863547061,2.366429863547061,64,1.0,64,1.0
112,133,0.2287145242070117,False,,,161,1.0,575,1.0
128,134,0.0,False,,,422,1.0,469,1.0
131,135,0.39322033898305087,True,1.9919339173317496,1.9919339173317496,295,1.0,116,1.0
125,136,0.690923317683881,True,5.0591411087381495,5.0591411087381495,980,1.0,1181,1.0
129,137,0.5740740740740741,True,4.88943111105459,4.88943111105459,915,1.0,530,1.0
139,138,0.3401639344262295,True,7.4040899258575665,7.4040899258575665,488,1.0,166,1.0
144,139,0.3327239488117002,True,11.915011749743993,11.915011749743993,466,1.0,263,1.0
132,140,0.7126805778491172,True,2.8018758074311796,2.8018758074311796,590,1.0,477,1.0
136,141,0.4345006485084306,True,6.2398069372047145,6.2398069372047145,416,1.0,690,1.0
140,142,0.20204313280363223,False,,,296,1.0,763,1.0
134,143,0.8492063492063492,True,5.528346475058876,5.528346475058876,332,0.772093023255814,367,0.5469448584202683
141,144,0.39213602550478216,True,13.581003872079325,13.581003872079325,423,1.0,887,1.0
152,145,0.15019762845849802,False,,,270,1.0,312,1.0
146,146,0.0,False,,,378,1.0,299,1.0
133,147,0.32964824120603015,True,3.902141353769919,3.902141353769919,328,1.0,995,1.0
150,148,0.4609375,True,8.291837053531776,8.291837053531776,252,1.0,309,1.0
143,150,0.6346938775510204,True,2.5005728669948053,2.5005728669948053,480,1.0,321,1.0
135,151,0.047619047619047616,False,,,509,1.0,349,1.0
147,152,0.6678966789667896,True,2.662258847555965,2.662258847555965,810,1.0,546,1.0
137,153,0.27832512315270935,False,,,133,1.0,386,1.0
151,154,0.0665024630541872,False,,,313,1.0,553,1.0
148,155,0.6056074766355141,True,3.4452325225707736,3.4452325225707736,475,1.0,384,1.0
138,156,0.0,False,,,378,1.0,575,1.0
149,157,0.5602409638554217,True,2.0725803020186397,2.0725803020186397,319,1.0,199,1.0
145,158,0.6923076923076923,True,1.575059874367328,1.575059874367328,372,1.0,486,1.0
153,159,0.7733755942947702,True,2.0321479128924547,2.0321479128924547,533,1.0,586,1.0
154,160,0.6300505050505051,True,3.311769074661114,3.311769074661114,530,1.0,761,1.0
155,161,0.42084942084942084,True,8.346410176615343,8.346410176615343,704,1.0,768,1.0
159,162,0.4297820823244552,True,10.310418107413126,10.310418107413126,694,1.0,487,1.0
156,163,0.550251256281407,True,8.179032219120517,8.179032219120517,549,1.0,685,1.0
142,164,0.138442521631644,False,,,139,1.0,782,1.0
157,166,0.0,False,,,92,1.0,167,1.0
161,167,0.5947019867549669,True,4.312134235777699,4.312134235777699,697,1.0,507,1.0
158,168,0.4809384164222874,True,3.1708149445689613,3.1708149445689613,350,1.0,660,1.0
166,169,0.48540706605222733,True,6.640682901083697,6.640682901083697,361,1.0,606,1.0
167,170,0.5696594427244582,True,1.6146400300857815,1.6146400300857815,323,1.0,184,1.0
163,171,0.0,False,,,407,1.0,594,1.0
162,172,0.38563829787234044,True,2.030380365481822,2.030380365481822,290,1.0,752,1.0
165,173,0.6752941176470588,True,4.3829023990996285,4.3829023990996285,640,1.0,784,1.0
170,174,0.7693236714975845,True,1.2848328942811638,1.2848328942811638,638,1.0,827,1.0
176,175,0.3291338582677165,True,12.71271348579539,12.71271348579539,512,1.0,1176,1.0
174,176,0.3188405797101449,True,1.8952403237630546,1.8952403237630546,276,0.9616724738675958,88,1.0
168,177,0.0,False,,,418,1.0,474,1.0
164,178,0.44553072625698326,True,5.518059700160262,5.518059700160262,340,1.0,695,1.0
191,179,0.5073170731707317,True,8.513779479007361,8.513779479007361,575,1.0,661,1.0
160,180,0.49113233287858116,True,7.530540756316377,7.530540756316377,389,1.0,704,1.0
169,181,0.5701754385964912,True,2.2671417364882265,2.2671417364882265,465,1.0,788,1.0
182,182,0.6444099378881988,True,2.552821055996968,2.552821055996968,629,1.0,430,1.0
177,183,0.5483870967741935,True,2.8597093339294286,2.8597093339294286,224,1.0,352,1.0
239,184,0.0,False,,,456,1.0,256,1.0
185,185,0.22877358490566038,False,,,144,1.0,377,1.0
188,186,0.4772277227722772,True,2.444562552720041,2.444562552720041,503,1.0,243,1.0
183,187,0.7230392156862745,True,2.20170264492139,2.20170264492139,623,1.0,783,1.0
172,188,0.0,False,,,251,1.0,293,1.0
192,190,0.7495395948434622,True,2.3687152394789788,2.3687152394789788,456,1.0,494,1.0
194,191,0.2644787644787645,False,,,164,1.0,491,1.0
180,192,0.0,False,,,273,1.0,637,1.0
193,193,0.49800796812749004,True,2.593313081492269,2.593313081492269,229,1.0,147,1.0
204,194,0.5178173719376392,True,7.181215369714769,7.181215369714769,806,1.0,557,1.0
178,195,0.2667910447761194,False,,,150,1.0,529,1.0
171,196,0.3083528493364559,True,14.566077374846195,14.566077374846195,440,1.0,1236,1.0
190,198,0.32338653712699517,True,5.212467862760004,5.212467862760004,912,1.0,995,1.0
173,199,0.0,False,,,69,1.0,62,1.0
179,200,0.2537313432835821,False,,,297,1.0,627,1.0
200,201,0.8756302521008403,True,0.7377252314083759,0.7377252314083759,584,1.0,532,1.0
196,202,0.4106666666666667,True,4.933751941159678,4.933751941159678,252,1.0,277,1.0
175,203,0.0,False,,,426,1.0,361,1.0
198,204,0.505307855626327,True,5.7894211029365525,5.7894211029365525,307,1.0,402,1.0
189,205,0.2720527617477329,False,,,330,1.0,1213,1.0
199,206,0.6744471744471745,True,4.371798162515037,4.371798162515037,683,1.0,680,1.0
209,207,0.8738317757009346,True,0.8627803551879697,0.8627803551879697,592,1.0,611,1.0
213,208,0.35086128739800543,True,11.497137425245821,11.497137425245821,501,1.0,989,1.0
212,209,0.6995708154506438,True,3.0152579683854497,3.0152579683854497,404,1.0,388,1.0
203,210,0.6401869158878505,True,3.6461948637764854,3.6461948637764854,505,1.0,548,1.0
206,211,0.3254437869822485,True,4.113286538867165,4.113286538867165,110,1.0,338,1.0
208,212,0.1601489757914339,False,,,364,1.0,259,1.0
216,213,0.2961876832844575,False,,,496,1.0,388,1.0
197,214,0.3278236914600551,True,11.432651023150923,11.432651023150923,423,1.0,541,1.0
210,215,0.3012658227848101,True,6.455550404620149,6.455550404620149,164,1.0,350,1.0
218,216,0.008771929824561403,False,,,257,1.0,203,1.0
181,217,0.0,False,,,371,1.0,300,1.0
211,218,0.31320224719101125,True,7.64271085364002,7.64271085364002,223,1.0,712,1.0
221,219,0.9070567986230637,True,0.49661646340717913,0.49661646340717913,573,1.0,535,1.0
187,220,0.0,False,,,362,1.0,701,1.0
195,221,0.0,False,,,188,1.0,703,1.0
184,222,0.2643109540636042,False,,,559,1.0,1230,1.0
223,223,0.4131147540983607,True,4.459686612996261,4.459686612996261,305,1.0,126,1.0
226,224,0.6428571428571429,True,1.424397275686642,1.424397275686642,895,1.0,945,1.0
220,225,0.3944954128440367,True,5.647213001521278,5.647213001521278,131,1.0,325,1.0
228,226,0.20133111480865223,False,,,595,1.0,127,1.0
222,227,0.2921615201900237,False,,,186,1.0,358,1.0
201,228,0.0,False,,,621,1.0,360,1.0
219,229,0.29551820728291317,False,,,322,1.0,603,1.0
205,230,0.0,False,,,286,1.0,707,1.0
224,231,0.6807511737089202,True,3.7468886250806435,3.7468886250806435,534,1.0,540,1.0
225,232,0.0,False,,,495,1.0,574,1.0
217,233,0.42816500711237554,True,8.114999738750898,8.114999738750898,318,1.0,686,1.0
207,234,0.0,False,,,126,0.7924528301886793,112,1.0
231,235,0.38321167883211676,True,9.31946422277616,9.31946422277616,329,1.0,808,1.0
232,236,0.3281786941580756,True,10.16801941266445,10.16801941266445,207,1.0,566,1.0
214,237,0.0,False,,,219,1.0,50,1.0
215,238,0.0,False,,,90,1.0,41,1.0
233,239,0.2681318681318681,False,,,409,1.0,168,1.0
229,240,0.5943728018757327,True,6.389834702732309,6.389834702732309,621,1.0,739,1.0
234,241,0.47201492537313433,True,7.075632947301003,7.075632947301003,276,1.0,513,1.0
227,242,0.39731285988483683,True,8.292321677057291,8.292321677057291,345,1.0,383,1.0
230,243,0.0,False,,,162,1.0,176,1.0
235,244,0.4570596797671033,True,6.41323748585968,6.41323748585968,395,1.0,606,1.0
236,245,0.7191011235955056,True,3.083378522127171,3.083378522127171,402,1.0,363,1.0
237,246,0.43672456575682383,True,4.513846860621072,4.513846860621072,386,1.0,193,1.0
241,247,0.27936507936507937,False,,,627,1.0,179,1.0
249,248,0.5128939828080229,True,2.8653755810054977,2.8653755810054977,341,1.0,187,1.0
238,249,0.3654916512059369,True,8.144516187877983,8.144516187877983,218,1.0,518,1.0
244,250,0.5657894736842105,True,1.0492109663421778,1.0492109663421778,150,1.0,88,1.0
251,251,0.6119402985074627,True,4.057633216914571,4.057633216914571,608,1.0,472,1.0
242,252,0.44206008583690987,True,6.2370223595336425,6.2370223595336425,342,1.0,666,1.0
250,253,0.3625632377740304,True,9.945620941271716,9.945620941271716,325,1.0,483,1.0
261,254,0.0,False,,,131,1.0,239,1.0
245,255,0.0,False,,,88,1.0,554,1.0
243,256,0.6148867313915858,True,4.803085456338802,4.803085456338802,485,1.0,513,1.0
248,257,0.5128755364806867,True,4.456817420122999,4.456817420122999,376,1.0,329,1.0
246,258,0.6615969581749049,True,2.1939807536710956,2.1939807536710956,191,1.0,246,1.0
247,259,0.0,False,,,126,1.0,676,1.0
240,260,0.08906882591093117,False,,,75,1.0,194,1.0
254,261,0.5483870967741935,True,3.095915401740685,3.095915401740685,167,1.0,121,1.0
253,262,0.664804469273743,True,2.962270882309835,2.962270882309835,322,1.0,274,1.0
256,263,0.7655310621242485,True,1.5883810064680037,1.5883810064680037,443,1.0,438,1.0
255,264,0.5936329588014981,True,2.481518281499646,2.481518281499646,324,1.0,527,1.0
257,265,0.3519163763066202,True,5.170662613832717,5.170662613832717,176,1.0,212,1.0
260,266,0.6361607142857143,True,1.523625288066114,1.523625288066114,327,1.0,406,1.0
252,267,0.34615384615384615,True,3.347716171727215,3.347716171727215,164,1.0,466,1.0
258,268,0.7868613138686131,True,2.9279732695469627,2.9279732695469627,626,1.0,598,1.0
259,269,0.5931558935361216,True,4.3154207879262945,4.3154207879262945,545,1.0,712,1.0
264,270,0.6348074179743224,True,2.610818541057584,2.610818541057584,599,1.0,547,1.0
265,271,0.5384615384615384,True,1.3622513739040538,1.3622513739040538,203,1.0,377,1.0
266,272,0.519455252918288,True,5.3609506686567086,5.3609506686567086,326,1.0,455,1.0
267,273,0.47644927536231885,True,5.946193179199297,5.946193179199297,438,1.0,377,1.0
273,274,0.6152219873150105,True,2.795650165090209,2.795650165090209,372,1.0,392,1.0
262,275,0.0,False,,,317,1.0,166,1.0
277,276,0.5354969574036511,True,5.762292458152724,5.762292458152724,318,1.0,439,1.0
272,277,0.5135802469135803,True,5.11636175836481,5.11636175836481,290,1.0,323,1.0
269,278,0.27823240589198034,False,,,170,1.0,611,1.0
284,279,0.5932539682539683,True,3.119104473606396,3.119104473606396,492,1.0,311,1.0
263,280,0.0,False,,,138,1.0,365,1.0
274,281,0.5523114355231143,True,3.9737362468418747,3.9737362468418747,317,1.0,321,1.0
280,282,0.39166666666666666,True,4.608349911060565,4.608349911060565,145,1.0,356,1.0
279,283,0.6083333333333333,True,3.720257696435005,3.720257696435005,382,1.0,583,1.0
278,284,0.5944206008583691,True,2.286354010751518,2.286354010751518,327,1.0,416,1.0
270,285,0.2784313725490196,False,,,361,1.0,291,1.0
285,286,0.591726618705036,True,5.650860086729474,5.650860086729474,444,1.0,441,1.0
268,287,0.0,False,,,229,1.0,505,1.0
282,288,0.44875776397515527,True,9.142369369670469,9.142369369670469,405,1.0,528,1.0
294,289,0.6085011185682326,True,2.348454601206623,2.348454601206623,430,1.0,289,1.0
271,290,0.0,False,,,287,1.0,255,1.0
286,291,0.6136919315403423,True,1.677473885516972,1.677473885516972,303,1.0,357,1.0
287,292,0.37470997679814383,True,15.611257725787516,15.611257725787516,529,1.0,656,1.0
275,293,0.0,False,,,243,1.0,621,1.0
292,294,0.7723342939481268,True,0.8905574241995446,0.8905574241995446,693,1.0,537,1.0
276,295,0.0,False,,,373,1.0,445,1.0
283,296,0.34306569343065696,True,8.098353734095944,8.098353734095944,155,1.0,213,1.0
297,297,0.7128712871287128,True,1.901072304543353,1.901072304543353,276,1.0,243,1.0
306,298,0.4477124183006536,True,7.688904933816686,7.688904933816686,490,1.0,396,1.0
290,299,0.18128654970760233,False,,,63,1.0,139,1.0
281,300,0.0,False,,,142,1.0,293,1.0
303,301,0.4621212121212121,True,4.25985345930908,4.25985345930908,442,1.0,330,1.0
295,302,0.5801886792452831,True,4.241226490143828,4.241226490143828,336,1.0,334,1.0
301,303,0.30140845070422534,True,3.7142486290686723,3.7142486290686723,355,1.0,107,1.0
305,304,0.582995951417004,True,6.367814772398437,6.367814772398437,424,1.0,358,1.0
299,305,0.3561643835616438,True,5.4551895604278675,5.4551895604278675,230,1.0,265,1.0
293,306,0.2257617728531856,False,,,163,1.0,722,1.0
319,307,0.0,False,,,151,1.0,234,1.0
289,308,0.12987012987012986,False,,,97,1.0,164,1.0
291,309,0.2146422628951747,False,,,131,1.0,599,1.0
307,310,0.4577625570776256,True,4.710790500050296,4.710790500050296,865,1.0,412,1.0
304,311,0.7654584221748401,True,2.7691455497282496,2.7691455497282496,397,1.0,431,1.0
309,312,0.39631336405529954,True,6.648848256539216,6.648848256539216,191,1.0,415,1.0
311,313,0.35942028985507246,True,6.490770565355915,6.490770565355915,334,1.0,135,1.0
288,314,0.08731241473396999,False,,,238,1.0,559,1.0
310,315,0.5825242718446602,True,0.44135480014106104,0.44135480014106104,180,1.0,309,1.0
298,316,0.0,False,,,242,1.0,171,1.0
302,317,0.0,False,,,218,1.0,212,1.0
318,318,0.11924119241192412,False,,,155,1.0,258,1.0
314,319,0.8490990990990991,True,1.260468882436558,1.260468882436558,438,1.0,383,1.0
315,320,0.5321782178217822,True,5.014800948584554,5.014800948584554,224,1.0,395,1.0
323,321,0.4784688995215311,True,7.915158127347765,7.915158127347765,474,1.0,453,1.0
312,322,0.5423728813559322,True,4.539584398027874,4.539584398027874,325,1.0,221,1.0
316,323,0.0,False,,,276,1.0,316,1.0
325,324,0.6237113402061856,True,2.2704490918271873,2.2704490918271873,357,1.0,273,1.0
317,325,0.4115606936416185,True,8.830011921274451,8.830011921274451,381,1.0,840,1.0
308,326,0.0,False,,,427,1.0,266,1.0
322,327,0.6956521739130435,True,1.516831289160217,1.516831289160217,279,1.0,228,1.0
313,328,0.0,False,,,417,1.0,215,1.0
320,329,0.31139240506329113,True,5.325212080639309,5.325212080639309,132,1.0,386,1.0
300,330,0.27184466019417475,False,,,322,1.0,333,1.0
326,331,0.746938775510204,True,2.00415490951938,2.00415490951938,414,1.0,442,1.0
327,332,0.48217317487266553,True,5.445039046671146,5.445039046671146,392,1.0,481,1.0
324,333,0.2611464968152866,False,,,179,1.0,613,1.0
335,334,0.6674418604651163,True,1.6669391039008554,1.6669391039008554,421,1.0,296,1.0
364,335,0.06346749226006192,False,,,625,1.0,62,1.0
296,336,0.1044349070100143,False,,,73,1.0,699,1.0
333,337,0.2549019607843137,False,,,200,1.0,120,1.0
321,338,0.0,False,,,295,1.0,47,1.0
343,339,0.6617647058823529,True,2.1774080634042177,2.1774080634042177,266,1.0,186,1.0
341,340,0.5955334987593052,True,3.107529333156553,3.107529333156553,263,1.0,380,1.0
338,341,0.13110846245530394,False,,,110,1.0,839,1.0
349,342,0.638752052545156,True,5.879692002967298,5.879692002967298,557,1.0,441,1.0
340,343,0.7655860349127181,True,1.8388521448073787,1.8388521448073787,381,1.0,327,1.0
352,344,0.4280373831775701,True,5.402853653693658,5.402853653693658,516,1.0,248,1.0
345,345,0.4742268041237113,True,5.336145220565889,5.336145220565889,255,1.0,317,1.0
347,346,0.41205211726384366,True,6.3009998285350495,6.3009998285350495,412,1.0,455,1.0
351,347,0.5164835164835165,True,3.1381850691435367,3.1381850691435367,181,1.0,95,1.0
342,348,0.506578947368421,True,7.531339934602526,7.531339934602526,441,1.0,246,1.0
339,349,0.39299610894941633,True,5.231560276885087,5.231560276885087,164,1.0,194,1.0
334,350,0.46534653465346537,True,6.010863562072868,6.010863562072868,384,1.0,800,0.9592326139088729
344,351,0.5855018587360595,True,0.7844357574782551,0.7844357574782551,315,1.0,538,1.0
331,352,0.20646319569120286,False,,,145,1.0,527,1.0
346,353,0.581081081081081,True,4.495421464468189,4.495421464468189,427,1.0,392,1.0
354,354,0.49865229110512127,True,5.667751979692791,5.667751979692791,458,1.0,654,1.0
359,355,0.17793594306049823,False,,,281,1.0,50,1.0
356,356,0.588855421686747,True,4.450450532119434,4.450450532119434,569,1.0,486,1.0
365,357,0.6179039301310044,True,2.2688971724273523,2.2688971724273523,456,1.0,285,1.0
353,358,0.7665706051873199,True,1.694723451484068,1.694723451484068,272,1.0,341,1.0
361,359,0.5483870967741935,True,3.6558043507216844,3.6558043507216844,191,1.0,145,1.0
373,360,0.4782608695652174,True,1.5194816213573754,1.5194816213573754,253,1.0,121,1.0
360,361,0.3351206434316354,True,6.524031492047215,6.524031492047215,148,1.0,350,1.0
355,362,0.5096870342771982,True,4.4456620076195446,4.4456620076195446,374,1.0,639,1.0
369,363,0.5634146341463414,True,5.5479656128084684,5.5479656128084684,296,1.0,345,1.0
350,364,0.0,False,,,346,1.0,77,1.0
376,365,0.8341121495327103,True,1.202921743724964,1.202921743724964,376,1.0,409,1.0
372,366,0.7622377622377622,True,1.7940286103684038,1.7940286103684038,399,1.0,357,1.0
328,367,0.0,False,,,132,1.0,183,1.0
375,368,0.8010752688172043,True,1.044254958852924,1.044254958852924,350,1.0,320,1.0
363,369,0.5008403361344538,True,5.7433539917650975,5.7433539917650975,365,1.0,528,1.0
378,370,0.6366083445491252,True,2.08673567510045,2.08673567510045,743,1.0,473,1.0
387,371,0.42533081285444235,True,7.03188941894023,7.03188941894023,529,1.0,225,1.0
370,372,0.3788235294117647,True,5.777914506240725,5.777914506240725,185,1.0,401,1.0
366,373,0.46405228758169936,True,9.61770012433826,9.61770012433826,448,1.0,448,1.0
371,374,0.5361702127659574,True,2.7015746663614904,2.7015746663614904,388,1.0,695,1.0
329,375,0.0,False,,,46,1.0,358,1.0
330,376,0.0,False,,,216,1.0,154,1.0
385,377,0.6832460732984293,True,2.1099991284744255,2.1099991284744255,328,1.0,315,1.0
332,378,0.0,False,,,378,1.0,730,1.0
384,379,0.5435606060606061,True,5.913105236377911,5.913105236377911,319,1.0,496,1.0
386,380,0.6889204545454546,True,4.669375674690807,4.669375674690807,621,1.0,568,1.0
381,381,0.7593220338983051,True,0.4878310964980729,0.4878310964980729,224,1.0,295,1.0
336,383,0.0,False,,,103,1.0,310,1.0
389,384,0.5419734904270986,True,5.350628119341974,5.350628119341974,590,1.0,457,1.0
383,385,0.34515366430260047,True,1.7342155334865303,1.7342155334865303,146,1.0,423,1.0
394,386,0.6986970684039088,True,3.0788194158587046,3.0788194158587046,556,1.0,487,1.0
393,387,0.630173564753004,True,4.366313807086155,4.366313807086155,565,1.0,656,1.0
398,388,0.6136680613668062,True,5.259487286675007,5.259487286675007,576,1.0,581,1.0
390,389,0.2598870056497175,False,,,138,1.0,531,1.0
391,390,0.28125,False,,,420,1.0,687,1.0
402,391,0.6678200692041523,True,2.893549884466115,2.893549884466115,269,1.0,213,1.0
337,392,0.0,False,,,294,1.0,430,1.0
348,393,0.0,False,,,421,1.0,434,1.0
401,394,0.2697495183044316,False,,,243,1.0,416,1.0
403,395,0.5865209471766849,True,3.996570168320917,3.996570168320917,421,1.0,450,1.0
400,396,0.2878787878787879,False,,,922,1.0,608,1.0
404,397,0.3871794871794872,True,2.380665776475605,2.380665776475605,151,1.0,390,1.0
388,398,0.07113543091655267,False,,,122,1.0,661,1.0
405,399,0.725,True,3.435369595848213,3.435369595848213,830,1.0,757,1.0
397,400,0.4125,True,6.678679138782192,6.678679138782192,400,1.0,278,1.0
407,401,0.44104134762633995,True,4.668997775966441,4.668997775966441,288,1.0,653,1.0
417,402,0.6311111111111111,True,3.283744462777298,3.283744462777298,186,1.0,181,1.0
415,403,0.33676975945017185,True,9.826717931871729,9.826717931871729,475,1.0,692,1.0
409,404,0.2420785804816223,False,,,408,1.0,572,1.0
416,405,0.5983193277310924,True,2.984329830712257,2.984329830712257,556,1.0,395,1.0
414,406,0.7507692307692307,True,1.3986050160230294,1.3986050160230294,325,1.0,244,1.0
421,407,0.4074074074074074,True,7.268178803952615,7.268178803952615,645,1.0,267,1.0
357,408,0.0,False,,,103,1.0,439,1.0
419,409,0.6694560669456067,True,3.0041502041237327,3.0041502041237327,368,1.0,430,1.0
358,410,0.0,False,,,104,1.0,555,1.0
410,412,0.5891472868217055,True,9.184809888928923,9.184809888928923,541,1.0,689,1.0
430,413,0.33146067415730335,True,3.0003771543945845,3.0003771543945845,178,1.0,59,1.0
427,414,0.6520618556701031,True,3.2745985521797314,3.2745985521797314,276,1.0,365,1.0
423,415,0.5411255411255411,True,2.466715371326181,2.466715371326181,137,1.0,219,1.0
411,416,0.19382022471910113,False,,,97,1.0,328,1.0
429,417,0.4107505070993915,True,14.195624936506876,14.195624936506876,798,1.0,593,1.0
362,418,0.0,False,,,313,1.0,168,1.0
367,419,0.0,False,,,206,1.0,435,1.0
432,420,0.1044776119402985,False,,,393,1.0,51,1.0
431,421,0.4177215189873418,True,1.4666391588042158,1.4666391588042158,154,1.0,70,1.0
437,422,0.411371237458194,True,3.544004022135865,3.544004022135865,257,1.0,165,1.0
440,423,0.6512605042016807,True,1.3994251015790733,1.3994251015790733,476,1.0,310,1.0
368,424,0.0,False,,,223,1.0,300,1.0
425,425,0.27494908350305497,False,,,144,1.0,482,1.0
436,426,0.8164665523156089,True,0.8458448712041575,0.8458448712041575,580,1.0,479,1.0
445,427,0.6946983546617916,True,3.0422400965531193,3.0422400965531193,428,1.0,499,1.0
443,428,0.6472303206997084,True,0.34464071169839255,0.34464071169839255,276,1.0,289,1.0
441,429,0.5698924731182796,True,1.3511017896963362,1.3511017896963362,265,1.0,465,1.0
449,430,0.19186046511627908,False,,,344,1.0,66,1.0
444,431,0.6088794926004228,True,3.813401486241621,3.813401486241621,468,1.0,293,1.0
453,432,0.5408805031446541,True,7.057975105816647,7.057975105816647,604,1.0,621,1.0
438,433,0.2768627450980392,False,,,891,1.0,737,1.0
395,434,0.0,False,,,623,1.0,238,1.0
380,435,0.0,False,,,607,1.0,249,1.0
458,436,0.51931330472103,True,5.783671687444737,5.783671687444737,360,1.0,348,1.0
447,437,0.6256983240223464,True,2.8959365287178636,2.8959365287178636,336,1.0,537,1.0
450,438,0.7389277389277389,True,1.9562831704274568,1.9562831704274568,393,1.0,353,1.0
452,439,0.580441640378549,True,3.450359869889415,3.450359869889415,561,1.0,441,1.0
454,440,0.7103174603174603,True,3.02444977341165,3.02444977341165,502,1.0,360,1.0
374,441,0.0,False,,,392,1.0,51,1.0
451,442,0.30691056910569103,True,8.261629579269243,8.261629579269243,209,1.0,434,1.0
459,443,0.5127610208816705,True,2.1878971103293083,2.1878971103293083,431,1.0,221,1.0
382,444,0.0,False,,,152,1.0,36,1.0
442,445,0.39269698910954515,True,12.187554104383366,12.187554104383366,624,1.0,1550,1.0
377,446,0.0,False,,,241,1.0,392,1.0
379,447,0.0,False,,,533,1.0,306,1.0
467,449,0.18027210884353742,False,,,75,1.0,272,1.0
465,450,0.4190340909090909,True,7.786863064640672,7.786863064640672,661,1.0,338,1.0
460,451,0.607741935483871,True,3.8658401524409673,3.8658401524409673,471,1.0,775,1.0
433,452,0.1166429587482219,False,,,82,1.0,703,1.0
468,453,0.3831242873432155,True,7.336964577604519,7.336964577604519,411,1.0,802,1.0
456,454,0.455467869222097,True,3.8344899128504997,3.8344899128504997,443,1.0,848,1.0
457,455,0.4130781499202552,True,3.8016467600495076,3.8016467600495076,259,1.0,627,1.0
392,456,0.0,False,,,415,1.0,389,1.0
470,457,0.7907949790794979,True,1.0538983477973538,1.0538983477973538,233,1.0,195,1.0
472,458,0.43507972665148065,True,6.771325612127027,6.771325612127027,393,1.0,237,1.0
463,459,0.44031007751937984,True,8.335840139154229,8.335840139154229,476,1.0,453,1.0
471,460,0.7447257383966245,True,3.3552160514212073,3.3552160514212073,886,1.0,768,1.0
462,461,0.5411255411255411,True,3.8886822858559293,3.8886822858559293,386,1.0,682,1.0
473,462,0.3524720893141946,True,7.990062067554937,7.990062067554937,453,1.0,395,1.0
396,463,0.0,False,,,294,1.0,371,1.0
474,464,0.5920138888888888,True,4.972059197628993,4.972059197628993,451,1.0,466,1.0
477,465,0.6789473684210526,True,3.0291077813241394,3.0291077813241394,454,1.0,503,1.0
475,466,0.7486338797814208,True,1.1630505691872268,1.1630505691872268,144,1.0,176,1.0
483,467,0.4929742388758782,True,8.03867125243498,8.03867125243498,630,1.0,645,1.0
399,468,0.0,False,,,57,1.0,281,1.0
420,469,0.0,False,,,223,1.0,160,1.0
479,470,0.5725888324873096,True,6.5427168970564,6.5427168970564,769,1.0,780,1.0
476,471,0.6876574307304786,True,2.524153373989786,2.524153373989786,310,1.0,360,1.0
480,472,0.3170197224251278,True,11.342740503693603,11.342740503693603,437,1.0,1366,1.0
406,473,0.0,False,,,145,1.0,590,1.0
408,474,0.0,False,,,140,1.0,182,1.0
491,475,0.2916666666666667,False,,,336,1.0,98,1.0
502,476,0.48427672955974843,True,4.839440038285006,4.839440038285006,743,1.0,437,1.0
498,477,0.5,True,4.986427759558224,4.986427759558224,429,1.0,339,1.0
495,478,0.19230769230769232,False,,,480,1.0,574,1.0
489,479,0.8726635514018691,True,0.6517748391361433,0.6517748391361433,796,1.0,807,1.0
484,480,0.033585222502099076,False,,,689,1.0,542,1.0
482,481,0.32116788321167883,True,6.190070887805715,6.190070887805715,284,1.0,440,1.0
413,482,0.0,False,,,236,1.0,461,1.0
418,483,0.0,False,,,131,1.0,230,1.0
507,484,0.4748201438848921,True,6.389063379462246,6.389063379462246,510,1.0,310,1.0
503,485,0.376,True,6.337323817503253,6.337323817503253,225,1.0,291,1.0
496,486,0.35560344827586204,True,9.749682963878588,9.749682963878588,194,1.0,435,1.0
499,487,0.6610169491525424,True,0.27094590691726134,0.27094590691726134,413,1.0,273,1.0
481,488,0.45591939546599497,True,0.5558774288127698,0.5558774288127698,182,1.0,396,1.0
497,489,0.6418269230769231,True,0.7822209140500884,0.7822209140500884,534,1.0,832,1.0
517,490,0.22849462365591397,False,,,372,1.0,85,1.0
504,491,0.4442857142857143,True,7.851745360228123,7.851745360228123,340,1.0,671,1.0
506,492,0.7019230769230769,True,3.635294677449058,3.635294677449058,485,1.0,577,1.0
422,493,0.0,False,,,186,1.0,172,1.0
501,494,0.6515151515151515,True,4.554945506794497,4.554945506794497,522,1.0,459,1.0
494,495,0.3465346534653465,True,5.091708146359983,5.091708146359983,241,1.0,575,1.0
505,496,0.6842105263157895,True,3.464343206858398,3.464343206858398,503,1.0,457,1.0
509,497,0.2786259541984733,False,,,86,1.0,249,1.0
424,498,0.0,False,,,85,1.0,262,1.0
426,499,0.0,False,,,117,1.0,159,1.0
455,500,0.0,False,,,130,1.0,290,0.5609284332688588
500,501,0.20770676691729323,False,,,688,1.0,597,1.0
428,502,0.0,False,,,890,1.0,104,1.0
511,503,0.43414634146341463,True,7.040213635515061,7.040213635515061,274,1.0,608,1.0
515,504,0.7039473684210527,True,1.4912539147970674,1.4912539147970674,297,1.0,221,1.0
513,505,0.184,False,,,116,1.0,624,1.0
434,506,0.0,False,,,130,1.0,73,1.0
516,507,0.25087719298245614,False,,,490,1.0,223,1.0
521,508,0.5703564727954972,True,1.4047840180956725,1.4047840180956725,533,1.0,304,1.0
518,509,0.5322862129144852,True,4.208284574158939,4.208284574158939,315,1.0,563,1.0
435,510,0.0,False,,,83,1.0,235,1.0
519,511,0.3548951048951049,True,10.303650312565043,10.303650312565043,232,1.0,543,1.0
523,512,0.7383177570093458,True,3.2328749617378683,3.2328749617378683,362,1.0,382,1.0
439,513,0.0,False,,,354,1.0,738,1.0
446,514,0.0,False,,,131,1.0,149,1.0
527,515,0.503584229390681,True,4.123301652373524,4.123301652373524,369,1.0,470,1.0
461,516,0.0,False,,,285,1.0,273,1.0
540,517,0.39179487179487177,True,9.528367119945791,9.528367119945791,655,1.0,702,1.0
520,518,0.08257918552036199,False,,,73,1.0,884,1.0
525,519,0.3669724770642202,True,8.490332796793387,8.490332796793387,324,1.0,570,1.0
512,520,0.20448877805486285,False,,,95,1.0,388,1.0
531,521,0.4850894632206759,True,6.626920714625254,6.626920714625254,255,1.0,492,1.0
529,522,0.44617784711388453,True,1.8179929134108923,1.8179929134108923,286,1.0,641,1.0
536,523,0.694954128440367,True,1.41184287317306,1.41184287317306,396,1.0,343,1.0
532,524,0.37222222222222223,True,3.0580751171821463,3.0580751171821463,201,1.0,540,1.0
534,525,0.3833718244803695,True,2.2042098666020236,2.2042098666020236,166,1.0,433,1.0
542,526,0.49829351535836175,True,8.115640375871484,8.115640375871484,402,1.0,476,1.0
533,527,0.5218068535825545,True,4.742653877799744,4.742653877799744,342,1.0,635,1.0
541,528,0.07488986784140969,False,,,152,1.0,336,1.0
543,529,0.5488721804511278,True,2.0856310226628754,2.0856310226628754,132,1.0,74,1.0
563,530,0.23491773308957953,False,,,1018,1.0,333,1.0
547,531,0.31476997578692495,True,4.799172158492624,4.799172158492624,130,1.0,413,1.0
464,532,0.0,False,,,234,1.0,205,1.0
550,533,0.3781818181818182,True,4.661809875793356,4.661809875793356,124,1.0,255,1.0
549,534,0.2197452229299363,False,,,138,1.0,628,1.0
466,535,0.0,False,,,251,1.0,677,1.0
552,536,0.2942830365510778,False,,,350,1.0,1031,1.0
553,537,0.6067588325652842,True,4.969701418759414,4.969701418759414,449,1.0,597,1.0
564,538,0.3204715969989282,True,14.410999640126052,14.410999640126052,457,1.0,775,1.0
558,539,0.7576285963382737,True,1.4337646288736179,1.4337646288736179,1092,1.0,924,1.0
566,540,0.5526315789473685,True,5.421941085408575,5.421941085408575,441,1.0,503,1.0
567,541,0.37719298245614036,True,9.472065317467992,9.472065317467992,641,1.0,301,1.0
556,543,0.06531531531531531,False,,,29,1.0,444,1.0
478,544,0.0,False,,,367,1.0,264,1.0
554,545,0.44936708860759494,True,8.211756425606179,8.211756425606179,241,1.0,446,1.0
568,546,0.4276315789473684,True,4.284470077485169,4.284470077485169,363,1.0,722,1.0
469,547,0.0,False,,,206,1.0,151,1.0
571,548,0.3478760045924225,True,4.2311584924178485,4.2311584924178485,303,1.0,871,1.0
486,549,0.0,False,,,171,1.0,124,1.0
576,550,0.6044142614601019,True,4.296551097451844,4.296551097451844,564,1.0,381,1.0
577,551,0.5,True,5.197550054434217,5.197550054434217,354,1.0,651,1.0
485,553,0.0,False,,,359,1.0,66,1.0
579,554,0.8482758620689655,True,1.662508261319549,1.662508261319549,542,1.0,530,1.0
574,555,0.42219679633867274,True,10.664628271134008,10.664628271134008,439,1.0,804,1.0
578,556,0.46411483253588515,True,4.971886135303908,4.971886135303908,360,1.0,558,1.0
582,557,0.43884892086330934,True,8.706984428524965,8.706984428524965,374,1.0,826,1.0
584,558,0.7761506276150628,True,1.9931017570741165,1.9931017570741165,452,1.0,397,1.0
575,559,0.26812585499316005,False,,,252,1.0,675,1.0
487,560,0.0,False,,,281,1.0,419,1.0
585,561,0.4409937888198758,True,4.303979294553399,4.303979294553399,149,1.0,315,1.0
580,562,0.38095238095238093,True,3.573780255361411,3.573780255361411,240,1.0,630,1.0
488,563,0.0,False,,,180,1.0,389,1.0
591,564,0.3328290468986384,True,1.5521172837446429,1.5521172837446429,661,1.0,220,1.0
590,565,0.6223404255319149,True,4.417197548539637,4.417197548539637,403,1.0,512,1.0
589,566,0.6987295825771325,True,3.648983495557387,3.648983495557387,456,1.0,480,1.0
583,567,0.04625346901017576,False,,,358,1.0,773,1.0
587,568,0.4307228915662651,True,7.325409810116792,7.325409810116792,419,1.0,531,1.0
594,569,0.479297365119197,True,8.105136298194905,8.105136298194905,513,1.0,666,1.0
490,570,0.0,False,,,181,1.0,287,1.0
595,571,0.7996422182468694,True,1.8553818260652664,1.8553818260652664,470,1.0,536,1.0
598,572,0.7218543046357616,True,1.9754665065986905,1.9754665065986905,134,1.0,126,1.0
603,573,0.6009104704097117,True,3.3397558231188924,3.3397558231188924,638,1.0,417,1.0
599,574,0.7421150278293135,True,2.315127850540986,2.315127850540986,518,1.0,421,1.0
602,575,0.7424960505529226,True,1.6382424297502447,1.6382424297502447,632,1.0,471,1.0
617,576,0.012437810945273632,False,,,383,1.0,431,1.0
620,577,0.15779283639883834,False,,,475,1.0,721,1.0
592,578,0.17938420348058903,False,,,288,1.0,593,1.0
608,579,0.8548895899053628,True,1.561893233576358,1.561893233576358,615,1.0,561,1.0
605,580,0.39600665557404324,True,7.600875986449802,7.600875986449802,387,1.0,452,1.0
492,581,0.0,False,,,74,1.0,78,1.0
604,582,0.23941605839416058,False,,,164,0.9704142011834319,685,0.9448275862068966
606,583,0.2134387351778656,False,,,361,1.0,253,1.0
612,584,0.5546558704453441,True,2.356259947580988,2.356259947580988,276,1.0,492,1.0
613,585,0.8504901960784313,True,0.6342450582919216,0.6342450582919216,350,1.0,405,1.0
614,586,0.5988455988455988,True,2.8373428983256055,2.8373428983256055,415,1.0,693,1.0
619,587,0.8540925266903915,True,1.0136718619173424,1.0136718619173424,541,1.0,501,1.0
607,588,0.44493392070484583,True,6.042859027297292,6.042859027297292,277,1.0,379,1.0
618,589,0.4841628959276018,True,2.6276958748052763,2.6276958748052763,198,1.0,130,1.0
630,590,0.04900181488203267,False,,,551,1.0,27,1.0
628,591,0.5476190476190477,True,6.793338324883767,6.793338324883767,1045,1.0,580,1.0
615,592,0.6048780487804878,True,5.722575351942625,5.722575351942625,570,1.0,746,1.0
621,593,0.4568345323741007,True,2.354515087826469,2.354515087826469,135,1.0,270,1.0
493,594,0.0,False,,,97,1.0,272,1.0
616,595,0.17695852534562212,False,,,192,1.0,1085,1.0
623,596,0.3147751605995717,True,5.745236246778743,5.745236246778743,167,1.0,447,1.0
508,597,0.0,False,,,791,1.0,83,1.0
627,598,0.6038834951456311,True,2.285328886981133,2.285328886981133,352,1.0,474,1.0
633,599,0.4109195402298851,True,10.174700175218694,10.174700175218694,677,1.0,305,1.0
629,600,0.5668316831683168,True,3.1839905012375764,3.1839905012375764,254,1.0,379,1.0
634,601,0.64,True,2.616577312289036,2.616577312289036,269,1.0,223,1.0
636,602,0.22972972972972974,False,,,138,1.0,226,1.0
626,603,0.0036900369003690036,False,,,357,1.0,187,1.0
510,604,0.0,False,,,135,1.0,150,0.8241758241758241
642,605,0.5883333333333334,True,1.424084649174768,1.424084649174768,373,1.0,580,1.0
646,606,0.6531204644412192,True,3.889317206923942,3.889317206923942,678,1.0,461,1.0
644,607,0.4095354523227384,True,5.381810060587912,5.381810060587912,745,1.0,408,1.0
643,608,0.7474916387959866,True,0.26461355955709914,0.26461355955709914,463,1.0,582,1.0
641,609,0.5640287769784172,True,1.8339403702424915,1.8339403702424915,407,1.0,680,1.0
639,610,0.6435406698564593,True,3.2886367452085543,3.2886367452085543,636,1.0,738,1.0
648,611,0.7971014492753623,True,1.069481610315234,1.069481610315234,264,1.0,232,1.0
654,612,0.5579119086460033,True,7.387019901604658,7.387019901604658,448,1.0,507,1.0
647,613,0.5433884297520661,True,0.8059305662926798,0.8059305662926798,263,1.0,484,1.0
651,614,0.383248730964467,True,10.159401743557538,10.159401743557538,167,1.0,378,1.0
652,615,0.22762148337595908,False,,,249,1.0,231,1.0
514,616,0.0,False,,,61,1.0,468,1.0
660,617,0.45454545454545453,True,3.9088273900536783,3.9088273900536783,118,1.0,106,1.0
655,618,0.5174129353233831,True,2.5252129251873994,2.5252129251873994,312,1.0,603,1.0
661,619,0.837037037037037,True,1.3464451780687514,1.3464451780687514,398,1.0,346,1.0
659,620,0.5669291338582677,True,1.890200415518299,1.890200415518299,75,1.0,124,1.0
669,621,0.6028243601059136,True,3.196233044237394,3.196233044237394,1126,1.0,690,1.0
665,622,0.15733333333333333,False,,,137,1.0,297,1.0
670,623,0.35802469135802467,True,8.915045973382265,8.915045973382265,251,1.0,299,1.0
674,624,0.5472496473906912,True,4.00784987264586,4.00784987264586,683,1.0,414,1.0
658,625,0.30674002751031637,True,9.516334342136398,9.516334342136398,291,1.0,659,1.0
671,626,0.16161616161616163,False,,,144,1.0,316,1.0
528,627,0.0,False,,,309,1.0,306,1.0
668,628,0.7170138888888888,True,1.1552143449514924,1.1552143449514924,565,1.0,424,1.0
675,629,0.6213768115942029,True,5.312737272894758,5.312737272894758,469,1.0,426,1.0
522,630,0.0,False,,,265,0.8439490445859873,319,1.0
672,631,0.34297520661157027,True,3.893095105403436,3.893095105403436,92,1.0,233,1.0
676,632,0.6396313364055299,True,3.3329509805712956,3.3329509805712956,791,1.0,988,1.0
680,633,0.7327433628318584,True,1.989669860606351,1.989669860606351,563,1.0,416,1.0
664,634,0.34517203107658156,True,8.283011260432284,8.283011260432284,330,1.0,882,1.0
524,635,0.0,False,,,127,1.0,417,1.0
535,636,0.0,False,,,179,1.0,51,1.0
679,637,0.7680140597539543,True,1.956104989034674,1.956104989034674,521,1.0,485,1.0
673,638,0.34068627450980393,True,7.631880193610037,7.631880193610037,187,1.0,360,1.0
682,639,0.780630105017503,True,2.5022137225793832,2.5022137225793832,721,1.0,805,1.0
694,640,0.4264705882352941,True,3.111618526161718,3.111618526161718,408,1.0,174,1.0
687,641,0.3058823529411765,True,4.42550271627296,4.42550271627296,156,1.0,510,1.0
685,642,0.656891495601173,True,2.4863758136226632,2.4863758136226632,497,1.0,633,1.0
684,643,0.7390542907180385,True,1.8150123359099526,1.8150123359099526,436,1.0,557,1.0
683,644,0.6982758620689655,True,3.15043563472776,3.15043563472776,338,1.0,450,1.0
526,645,0.0,False,,,226,1.0,159,1.0
702,646,0.7565698478561549,True,1.8961468301052231,1.8961468301052231,716,1.0,554,1.0
695,647,0.660377358490566,True,3.2604601897216794,3.2604601897216794,454,1.0,602,1.0
696,648,0.6158940397350994,True,5.116529082273187,5.116529082273187,473,1.0,503,1.0
692,649,0.4602649006622517,True,0.8962305989267517,0.8962305989267517,278,1.0,604,1.0
700,650,0.7858220211161387,True,1.5788345964181578,1.5788345964181578,606,1.0,578,1.0
690,652,0.2519230769230769,False,,,131,1.0,520,1.0
530,653,0.0,False,,,103,1.0,509,1.0
693,654,0.20605187319884727,False,,,143,1.0,694,1.0
710,655,0.6221294363256785,True,2.4891680002183603,2.4891680002183603,473,1.0,304,1.0
681,656,0.3431952662721893,True,14.829231828716784,14.829231828716784,243,1.0,665,1.0
715,657,0.5109649122807017,True,4.332971247744168,4.332971247744168,430,1.0,259,1.0
706,658,0.7423076923076923,True,2.3943741431786356,2.3943741431786356,487,1.0,419,1.0
705,659,0.4817073170731707,True,1.772911275861342,1.772911275861342,237,1.0,492,1.0
537,660,0.0,False,,,122,1.0,285,1.0
709,661,0.7793103448275862,True,2.179325564727937,2.179325564727937,369,1.0,405,1.0
711,662,0.6864244741873805,True,2.4021661892644346,2.4021661892644346,511,1.0,371,1.0
712,663,0.8521739130434782,True,0.982795076569014,0.982795076569014,428,1.0,424,1.0
717,664,0.5135135135135135,True,2.3623086978199455,2.3623086978199455,737,1.0,383,1.0
719,665,0.3872549019607843,True,3.603771338922708,3.603771338922708,202,1.0,81,1.0
538,666,0.0,False,,,443,1.0,444,1.0
713,667,0.6160830090791181,True,3.590307748126854,3.590307748126854,650,1.0,596,1.0
704,668,0.4851116625310174,True,7.4847642407679,7.4847642407679,402,1.0,795,1.0
539,669,0.0,False,,,120,1.0,69,1.0
716,670,0.28863636363636364,False,,,254,1.0,880,1.0
723,671,0.7391304347826086,True,1.2778757772123321,1.2778757772123321,629,1.0,491,1.0
735,672,0.45110410094637227,True,1.1374052032241833,1.1374052032241833,314,1.0,146,1.0
730,673,0.5951293759512938,True,4.0079823792343845,4.0079823792343845,650,1.0,398,1.0
729,674,0.610738255033557,True,3.0853890878227204,3.0853890878227204,276,1.0,204,1.0
725,675,0.12237762237762238,False,,,565,1.0,77,1.0
733,676,0.2365988909426987,False,,,841,1.0,497,1.0
551,677,0.0,False,,,305,1.0,733,1.0
726,678,0.4748858447488584,True,8.240680978410776,8.240680978410776,648,1.0,644,1.0
737,679,0.5035765379113019,True,7.240482606489971,7.240482606489971,515,1.0,536,1.0
544,680,0.0,False,,,392,1.0,460,1.0
548,681,0.0,False,,,384,1.0,225,1.0
545,682,0.0,False,,,131,1.0,219,1.0
740,683,0.7766666666666666,True,2.884055264010431,2.884055264010431,551,1.0,515,1.0
736,684,0.5692307692307692,True,1.9830072335281523,1.9830072335281523,223,1.0,389,1.0
742,685,0.8562197092084006,True,0.3769819584497603,0.3769819584497603,548,1.0,601,1.0
746,686,0.06751054852320675,False,,,83,1.0,423,1.0
743,687,0.8828828828828829,True,1.203908955110342,1.203908955110342,555,0.625,490,0.6274007682458387
724,688,0.32561307901907355,True,11.238225252776274,11.238225252776274,288,1.0,685,1.0
546,689,0.0,False,,,67,1.0,472,1.0
732,690,0.3336422613531047,True,12.89775709723884,12.89775709723884,367,1.0,1072,1.0
745,691,0.35638297872340424,True,2.6728959767074794,2.6728959767074794,201,1.0,564,1.0
734,692,0.00967741935483871,False,,,564,1.0,375,1.0
752,693,0.35384615384615387,True,5.957416051916004,5.957416051916004,249,1.0,103,1.0
748,694,0.19005328596802842,False,,,107,1.0,563,1.0
555,695,0.0,False,,,261,1.0,37,1.0
557,696,0.0,False,,,283,1.0,134,1.0
565,697,0.0,False,,,130,1.0,779,1.0
562,698,0.0,False,,,123,1.0,413,1.0
766,699,0.341534008683068,True,3.3338717066554007,3.3338717066554007,691,1.0,236,1.0
559,700,0.0,False,,,305,1.0,402,1.0
560,701,0.0,False,,,199,1.0,85,1.0
572,702,0.0,False,,,180,1.0,32,1.0
758,703,0.2673076923076923,False,,,163,1.0,496,1.0
760,704,0.6530172413793104,True,2.2148398793076205,2.2148398793076205,449,1.0,318,1.0
761,705,0.43991416309012876,True,6.37782710838751,6.37782710838751,230,1.0,441,1.0
569,706,0.0,False,,,372,1.0,222,1.0
754,707,0.5461711711711712,True,7.249936632854593,7.249936632854593,565,1.0,808,1.0
759,708,0.32323232323232326,True,13.035240206905264,13.035240206905264,329,1.0,850,1.0
757,709,0.34629629629629627,True,1.2730617678308398,1.2730617678308398,187,1.0,540,1.0
570,710,0.0,False,,,28,1.0,220,1.0
753,711,0.26573426573426573,False,,,305,1.0,1143,1.0
763,712,0.43209876543209874,True,2.956834653958456,2.956834653958456,210,1.0,486,1.0
770,713,0.3837638376383764,True,8.45815478231966,8.45815478231966,302,1.0,448,1.0
786,714,0.48677248677248675,True,10.270227371440617,10.270227371440617,619,1.0,505,1.0
767,715,0.5153933865450399,True,0.7636656762763385,0.7636656762763385,453,1.0,876,1.0
771,716,0.5825,True,4.041784684799588,4.041784684799588,374,1.0,259,1.0
573,717,0.0,False,,,102,1.0,210,1.0
776,718,0.06724137931034482,False,,,62,1.0,557,1.0
778,719,0.37325038880248834,True,9.655650021445126,9.655650021445126,590,1.0,293,1.0
777,720,0.6534788540245566,True,3.3573204136183397,3.3573204136183397,712,1.0,500,1.0
581,721,0.0,False,,,77,1.0,645,1.0
772,722,0.389321468298109,True,1.374997675498809,1.374997675498809,350,1.0,899,1.0
780,723,0.903137789904502,True,0.8291941451838863,0.8291941451838863,714,1.0,681,1.0
779,724,0.5388692579505301,True,6.117613151808527,6.117613151808527,528,1.0,343,1.0
785,725,0.2513562386980108,False,,,262,1.0,430,1.0
586,726,0.0,False,,,296,1.0,369,1.0
784,727,0.5859613428280773,True,5.433840292347055,5.433840292347055,623,1.0,936,1.0
781,728,0.2268041237113402,False,,,132,1.0,582,1.0
593,729,0.0,False,,,406,1.0,323,1.0
588,730,0.0,False,,,301,1.0,549,1.0
792,731,0.19927536231884058,False,,,288,1.0,374,1.0
789,732,0.6359550561797753,True,1.8183394939431565,1.8183394939431565,401,1.0,327,1.0
782,733,0.3129251700680272,True,3.2270671545131213,3.2270671545131213,230,1.0,735,1.0
596,734,0.0,False,,,56,1.0,436,1.0
793,735,0.7125340599455041,True,4.4129080198675315,4.4129080198675315,625,1.0,632,1.0
794,736,0.3641160949868074,True,1.7143443962780076,1.7143443962780076,379,1.0,138,1.0
790,737,0.4217557251908397,True,9.473847489350778,9.473847489350778,264,1.0,481,1.0
798,739,0.5204918032786885,True,2.2833596223402814,2.2833596223402814,239,1.0,132,1.0
791,740,0.14333333333333334,False,,,43,1.0,300,1.0
775,741,0.1899159663865546,False,,,220,1.0,488,1.0
813,742,0.2446043165467626,False,,,544,1.0,148,1.0
802,743,0.4368932038834951,True,5.422676859138023,5.422676859138023,235,1.0,505,1.0
597,744,0.0,False,,,96,1.0,409,1.0
796,745,0.13202933985330073,False,,,150,1.0,313,1.0
812,746,0.23631123919308358,False,,,342,1.0,87,1.0
600,747,0.0,False,,,232,1.0,510,1.0
601,748,0.0,False,,,128,1.0,451,1.0
806,749,0.26136363636363635,False,,,264,1.0,69,1.0
808,750,0.6611374407582938,True,1.933000589113246,1.933000589113246,405,1.0,296,1.0
801,751,0.508235294117647,True,6.731334633206685,6.731334633206685,312,1.0,329,1.0
609,752,0.0,False,,,72,1.0,339,1.0
811,753,0.424812030075188,True,5.681126075113698,5.681126075113698,157,1.0,222,1.0
805,754,0.4541832669322709,True,5.213647766238696,5.213647766238696,431,1.0,299,1.0
807,755,0.5785123966942148,True,3.102268297687874,3.102268297687874,152,1.0,230,1.0
815,756,0.3004231311706629,True,9.479448720955773,9.479448720955773,250,1.0,672,1.0
816,757,0.4878048780487805,True,5.482910630027868,5.482910630027868,146,1.0,220,0.9016393442622951
822,758,0.3099236641221374,True,8.690939547323664,8.690939547323664,573,1.0,285,1.0
610,759,0.0,False,,,262,1.0,298,1.0
818,760,0.5810276679841897,True,4.579753535901442,4.579753535901442,375,1.0,425,1.0
819,761,0.5781990521327014,True,2.913294931820051,2.913294931820051,518,1.0,814,1.0
823,762,0.13636363636363635,False,,,198,1.0,52,1.0
820,763,0.3,True,7.330758659996554,7.330758659996554,164,1.0,395,1.0
826,764,0.3236514522821577,True,2.1840179971595908,2.1840179971595908,78,1.0,241,1.0
828,766,0.6862745098039216,True,4.070326429654503,4.070326429654503,476,1.0,384,1.0
611,767,0.0,False,,,111,1.0,333,1.0
837,768,0.4634146341463415,True,1.0166613080612277,1.0166613080612277,164,1.0,76,1.0
833,769,0.5824915824915825,True,6.282583328102654,6.282583328102654,282,0.831858407079646,188,1.0
836,770,0.6229508196721312,True,1.493982508424987,1.493982508424987,119,1.0,178,1.0
834,771,0.3431034482758621,True,5.8711434896661,5.8711434896661,199,1.0,580,1.0
832,772,0.8020477815699659,True,1.371846412921432,1.371846412921432,547,1.0,509,1.0
817,773,0.5258620689655172,True,6.857006642215013,6.857006642215013,785,1.0,1162,1.0
624,774,0.0,False,,,185,1.0,225,1.0
830,775,0.30256410256410254,True,2.9723153592142944,2.9723153592142944,177,1.0,585,1.0
622,776,0.0,False,,,107,1.0,278,1.0
831,777,0.2884187082405345,False,,,259,1.0,898,1.0
847,778,0.5800865800865801,True,5.003410257734105,5.003410257734105,431,1.0,664,1.0
843,779,0.6648841354723708,True,5.802769613238318,5.802769613238318,456,1.0,478,1.0
845,780,0.8871595330739299,True,0.41106354084655966,0.41106354084655966,248,1.0,237,1.0
846,781,0.6417525773195877,True,4.427901382389631,4.427901382389631,714,1.0,560,1.0
844,782,0.4214992927864215,True,5.766165103253688,5.766165103253688,394,1.0,611,1.0
855,783,0.5142857142857142,True,3.1884919506789484,3.1884919506789484,271,1.0,153,1.0
625,784,0.0,False,,,249,1.0,346,1.0
857,785,0.3772893772893773,True,3.1210073301105865,3.1210073301105865,546,1.0,206,1.0
838,786,0.5726708074534161,True,5.999598148216998,5.999598148216998,466,1.0,800,1.0
854,787,0.864321608040201,True,1.0143427056198702,1.0143427056198702,569,1.0,544,1.0
856,788,0.7862190812720848,True,1.3646877928368,1.3646877928368,467,1.0,544,1.0
842,789,0.2282958199356913,False,,,142,1.0,622,1.0
863,790,0.4614485981308411,True,9.578742941698422,9.578742941698422,813,1.0,438,1.0
860,791,0.769927536231884,True,2.5832595099380735,2.5832595099380735,448,1.0,529,1.0
865,792,0.5817972350230415,True,3.6299205209330565,3.6299205209330565,778,1.0,595,1.0
862,793,0.9127789046653144,True,0.48911806040390804,0.48911806040390804,454,1.0,489,1.0
850,794,0.3276255707762557,True,8.938850077678396,8.938850077678396,402,1.0,761,1.0
864,795,0.6477832512315271,True,2.7456678948716533,2.7456678948716533,326,1.0,343,1.0
829,796,0.0731981981981982,False,,,65,1.0,888,1.0
631,797,0.0,False,,,146,1.0,130,1.0
859,798,0.3948339483394834,True,5.47150470005476,5.47150470005476,154,1.0,224,1.0
873,799,0.8070175438596491,True,0.742627711761211,0.742627711761211,224,1.0,188,1.0
871,800,0.39454545454545453,True,9.228274016799782,9.228274016799782,541,1.0,226,1.0
877,801,0.44025157232704404,True,2.0915717490253245,2.0915717490253245,145,1.0,84,1.0
872,802,0.5394912985274432,True,3.6946648518642564,3.6946648518642564,403,1.0,747,1.0
870,803,0.6908809891808346,True,1.4908721265474694,1.4908721265474694,447,1.0,647,1.0
867,804,0.6926406926406926,True,3.3486994213560526,3.3486994213560526,495,1.0,678,1.0
878,805,0.8088235294117647,True,2.437047184367054,2.437047184367054,515,1.0,592,1.0
879,806,0.6542372881355932,True,1.580966377078227,1.580966377078227,208,1.0,280,1.0
883,807,0.7712031558185405,True,0.4670029227304074,0.4670029227304074,393,1.0,505,1.0
880,808,0.4730878186968839,True,1.5713443712483415,1.5713443712483415,167,1.0,353,1.0
874,809,0.41816261879619854,True,7.5812850466543615,7.5812850466543615,674,1.0,669,1.0
887,810,0.48043478260869565,True,4.014538493847785,4.014538493847785,259,1.0,422,1.0
881,811,0.5187566988210075,True,4.295777538643617,4.295777538643617,488,1.0,929,1.0
892,812,0.21408839779005526,False,,,700,1.0,179,1.0
906,813,0.6633333333333333,True,4.805842878745803,4.805842878745803,529,1.0,469,1.0
899,814,0.6140350877192983,True,0.8931221987646212,0.8931221987646212,228,1.0,140,1.0
866,815,0.1390922401171303,False,,,264,1.0,514,1.0
898,816,0.6924829157175398,True,1.5677230457262827,1.5677230457262827,439,1.0,304,1.0
900,817,0.6238698010849909,True,4.411003988999517,4.411003988999517,441,1.0,457,1.0
635,818,0.0,False,,,305,1.0,335,1.0
645,819,0.0,False,,,320,1.0,279,1.0
902,820,0.7904929577464789,True,0.13802574137890927,0.13802574137890927,487,1.0,530,1.0
886,821,0.5480427046263345,True,7.927024088268106,7.927024088268106,705,1.0,1035,1.0
905,822,0.7688888888888888,True,1.110123146135264,1.110123146135264,445,1.0,351,1.0
904,823,0.8088888888888889,True,1.021192092667855,1.021192092667855,368,1.0,446,1.0
911,824,0.45054945054945056,True,6.880742320748826,6.880742320748826,368,1.0,424,1.0
893,825,0.014925373134328358,False,,,473,1.0,275,1.0
884,826,0.16962843295638125,False,,,160,1.0,564,1.0
918,827,0.23809523809523808,False,,,315,1.0,75,1.0
908,828,0.7009009009009008,True,2.0562086114243554,2.0562086114243554,389,1.0,555,1.0
914,829,0.8620689655172413,True,0.7034994333312555,0.7034994333312555,144,1.0,126,1.0
632,830,0.0,False,,,56,1.0,58,1.0
913,831,0.7416829745596869,True,2.210009873386985,2.210009873386985,501,1.0,389,1.0
912,832,0.6624605678233438,True,1.1557033045875316,1.1557033045875316,217,1.0,310,1.0
920,833,0.7877492877492878,True,2.311286552887192,2.311286552887192,610,1.0,645,1.0
916,834,0.6889848812095032,True,1.6524756060725923,1.6524756060725923,452,1.0,330,1.0
649,835,0.0,False,,,116,0.5523809523809524,254,1.0
922,836,0.8463541666666666,True,1.0511559931758827,1.0511559931758827,363,1.0,346,1.0
933,837,0.435546875,True,4.33212090227934,4.33212090227934,500,1.0,235,1.0
921,838,0.5601317957166392,True,4.842127261775462,4.842127261775462,382,1.0,565,1.0
637,839,0.0,False,,,159,1.0,516,1.0
638,840,0.0,False,,,174,1.0,385,1.0
924,841,0.525383707201889,True,5.098636142823256,5.098636142823256,509,1.0,783,1.0
640,842,0.0,False,,,264,1.0,433,1.0
928,843,0.8307210031347962,True,1.194032906870746,1.194032906870746,273,1.0,311,1.0
927,844,0.7959558823529411,True,2.162448254494018,2.162448254494018,498,1.0,479,1.0
929,845,0.691683569979716,True,2.985226003647372,2.985226003647372,382,1.0,452,1.0
940,846,0.13145539906103287,False,,,425,1.0,298,1.0
949,847,0.12754158964879853,False,,,227,1.0,383,1.0
932,848,0.714867617107943,True,1.2364062497002841,1.2364062497002841,356,1.0,486,1.0
938,849,0.5250836120401338,True,3.9444382619021767,3.9444382619021767,201,1.0,255,1.0
937,850,0.4785714285714286,True,5.575365513832566,5.575365513832566,283,1.0,338,1.0
650,851,0.0,False,,,229,1.0,342,1.0
943,853,0.4646074646074646,True,8.096389203593544,8.096389203593544,416,1.0,722,1.0
945,854,0.8648148148148148,True,0.8795037531561529,0.8795037531561529,524,1.0,483,1.0
942,855,0.5031948881789138,True,5.674958879405255,5.674958879405255,425,1.0,516,1.0
923,856,0.4817073170731707,True,11.273772777943744,11.273772777943744,165,0.7674418604651163,321,0.7197309417040358
955,857,0.3968058968058968,True,8.896567534427895,8.896567534427895,750,1.0,387,1.0
956,858,0.19072164948453607,False,,,194,1.0,37,1.0
950,859,0.44572158365261816,True,7.410849702234234,7.410849702234234,781,1.0,351,1.0
959,860,0.676923076923077,True,2.010961806826188,2.010961806826188,351,1.0,412,1.0
953,861,0.7371273712737128,True,1.334413471538711,1.334413471538711,335,1.0,306,1.0
948,862,0.2112950340798442,False,,,325,1.0,919,1.0
962,863,0.5936254980079682,True,2.5659267757016133,2.5659267757016133,245,1.0,155,1.0
961,864,0.73046875,True,1.8248577811789064,1.8248577811789064,224,1.0,219,1.0
960,865,0.8603945371775418,True,1.3702834945759315,1.3702834945759315,575,1.0,651,1.0
653,866,0.0,False,,,507,1.0,547,1.0
965,867,0.6411483253588517,True,3.9376556918089545,3.9376556918089545,336,1.0,350,1.0
970,868,0.41363636363636364,True,7.925240859298619,7.925240859298619,518,1.0,415,1.0
968,869,0.5494137353433836,True,3.1418809714599654,3.1418809714599654,564,1.0,361,1.0
957,870,0.3117283950617284,True,1.2026260399291568,1.2026260399291568,202,1.0,648,1.0
656,871,0.0,False,,,136,1.0,505,1.0
977,872,0.6672727272727272,True,4.062854152880512,4.062854152880512,509,1.0,408,1.0
973,873,0.38976377952755903,True,1.2915122906664056,1.2915122906664056,99,1.0,254,1.0
969,874,0.34615384615384615,True,4.142418908647633,4.142418908647633,261,1.0,754,1.0
966,875,0.46440677966101696,True,3.642808339110617,3.642808339110617,274,1.0,590,1.0
972,876,0.19176136363636365,False,,,135,1.0,704,1.0
984,877,0.3606060606060606,True,7.9527685195292,7.9527685195292,257,1.0,641,1.0
975,878,0.32646048109965636,True,3.2741159775185715,3.2741159775185715,95,1.0,291,1.0
981,879,0.45357142857142857,True,2.3062353001422298,2.3062353001422298,170,1.0,237,1.0
987,880,0.537525354969574,True,6.416111579687277,6.416111579687277,419,1.0,339,1.0
982,881,0.7927007299270074,True,2.4133124655236036,2.4133124655236036,581,1.0,647,1.0
657,882,0.0,False,,,244,1.0,275,1.0
976,883,0.2131979695431472,False,,,127,1.0,590,1.0
985,884,0.05915178571428571,False,,,61,1.0,888,1.0
662,885,0.0,False,,,126,1.0,296,1.0
666,886,0.0,False,,,684,1.0,479,1.0
990,887,0.683223992502343,True,2.65646246576556,2.65646246576556,819,1.0,977,1.0
989,888,0.7762906309751434,True,2.461753774945259,2.461753774945259,474,1.0,455,1.0
678,889,0.0,False,,,341,1.0,475,1.0
988,890,0.16760828625235405,False,,,89,1.0,531,1.0
1000,891,0.4133545310015898,True,7.162834836780407,7.162834836780407,509,1.0,380,1.0
667,892,0.0,False,,,210,1.0,268,1.0
677,893,0.0,False,,,119,1.0,424,1.0
997,894,0.6460396039603961,True,1.4471330108359215,1.4471330108359215,383,1.0,282,1.0
971,895,0.05502239283429303,False,,,622,1.0,1027,1.0
993,896,0.4720121028744327,True,4.932123521136223,4.932123521136223,317,1.0,656,1.0
991,897,0.43466666666666665,True,5.258112379899509,5.258112379899509,312,1.0,226,1.0
1005,898,0.2161654135338346,False,,,420,1.0,874,1.0
1002,899,0.6033934252386002,True,2.3942679629839265,2.3942679629839265,943,1.0,569,1.0
1001,900,0.69921875,True,0.2773896000662326,0.2773896000662326,256,1.0,179,1.0
1004,901,0.34490238611713664,True,1.2463682175596011,1.2463682175596011,461,1.0,159,1.0
686,902,0.0,False,,,177,1.0,348,1.0
688,903,0.0,False,,,109,1.0,244,1.0
689,904,0.0,False,,,188,1.0,572,1.0
691,905,0.0,False,,,215,1.0,248,1.0
1010,906,0.49414519906323184,True,6.460115744970332,6.460115744970332,248,1.0,390,1.0
697,907,0.0,False,,,133,1.0,184,1.0
698,908,0.0,False,,,104,1.0,229,1.0
1011,909,0.598159509202454,True,4.332385447386278,4.332385447386278,256,1.0,265,1.0
1009,910,0.5798319327731093,True,7.382375676527833,7.382375676527833,654,1.0,474,1.0
1015,911,0.8674033149171271,True,0.46075864446118076,0.46075864446118076,347,1.0,329,1.0
980,912,0.028128031037827354,False,,,391,1.0,669,1.0
699,913,0.0,False,,,187,1.0,187,1.0
1018,914,0.7466666666666667,True,1.0455378267383346,1.0455378267383346,448,1.0,600,1.0
1026,915,0.2153846153846154,False,,,891,1.0,294,1.0
1021,916,0.7073170731707317,True,1.7500227446204253,1.7500227446204253,356,1.0,414,1.0
1025,917,0.7056213017751479,True,1.7171025457955975,1.7171025457955975,674,1.0,479,1.0
1027,918,0.43352601156069365,True,9.468274710226911,9.468274710226911,310,1.0,434,1.0
703,919,0.0,False,,,477,1.0,145,1.0
707,920,0.0,False,,,280,1.0,267,1.0
708,921,0.0,False,,,263,1.0,147,1.0
1022,922,0.4761092150170648,True,4.95052485630142,4.95052485630142,463,1.0,402,1.0
1028,923,0.5428571428571428,True,5.318408683487938,5.318408683487938,804,1.0,600,1.0
1029,924,0.5394321766561514,True,4.203555288905387,4.203555288905387,391,1.0,585,1.0
714,925,0.0,False,,,211,1.0,300,1.0
1031,926,0.8472505091649695,True,1.9669624253700855,1.9669624253700855,480,1.0,427,1.0
1033,927,0.7311111111111112,True,3.1250068056205436,3.1250068056205436,428,1.0,351,1.0
1034,928,0.6391304347826087,True,1.5236789908651438,1.5236789908651438,213,1.0,164,1.0
1039,929,0.6175972927241963,True,5.943226168891165,5.943226168891165,936,1.0,976,1.0
718,930,0.0,False,,,285,1.0,110,1.0
1040,931,0.6965376782077393,True,2.928719469908602,2.928719469908602,412,1.0,421,1.0
720,932,0.0,False,,,347,1.0,297,1.0
1037,933,0.341130604288499,True,7.841415782185757,7.841415782185757,254,1.0,434,1.0
721,934,0.0,False,,,527,1.0,171,1.0
1032,935,0.21190130624092887,False,,,300,1.0,535,1.0
722,936,0.0,False,,,319,1.0,233,1.0
727,937,0.0,False,,,162,1.0,240,1.0
728,938,0.0,False,,,93,1.0,179,1.0
1044,939,0.8053491827637445,True,1.7477808251086204,1.7477808251086204,612,1.0,603,1.0
1060,940,0.32405891980360063,True,9.877285664557418,9.877285664557418,483,1.0,326,1.0
1043,941,0.4425087108013937,True,5.478406503168079,5.478406503168079,257,1.0,571,1.0
1050,942,0.37424547283702214,True,5.6731620165402425,5.6731620165402425,211,1.0,472,1.0
1047,943,0.6764044943820224,True,4.001264423360373,4.001264423360373,379,1.0,367,1.0
1054,944,0.5705128205128205,True,5.696226299240889,5.696226299240889,577,1.0,648,1.0
1046,945,0.29025844930417494,False,,,294,1.0,355,1.0
1066,946,0.5218800648298217,True,5.6214480938861024,5.6214480938861024,614,1.0,325,1.0
1059,947,0.5268199233716475,True,5.57400627861377,5.57400627861377,361,1.0,436,1.0
1052,948,0.48717948717948717,True,1.2456106374781062,1.2456106374781062,397,1.0,531,1.0
1055,949,0.4306122448979592,True,6.291128749872451,6.291128749872451,263,1.0,438,1.0
1061,950,0.07728337236533958,False,,,206,1.0,254,1.0
1057,951,0.1902377972465582,False,,,152,1.0,799,1.0
1049,952,0.3,True,6.4258519203434155,6.4258519203434155,142,1.0,469,1.0
731,953,0.0,False,,,123,1.0,157,1.0
738,954,0.0,False,,,152,1.0,589,1.0
1062,955,0.40444444444444444,True,4.458050168372354,4.458050168372354,273,1.0,675,1.0
1065,956,0.4708097928436911,True,5.863862703524199,5.863862703524199,263,1.0,518,1.0
1063,957,0.5152224824355972,True,2.772894307953961,2.772894307953961,247,1.0,400,1.0
1067,958,0.32838283828382836,True,9.159367898020877,9.159367898020877,568,1.0,237,1.0
1086,959,0.025201612903225805,False,,,417,1.0,600,1.0
1058,960,0.3217993079584775,True,9.674198316091072,9.674198316091072,310,1.0,454,1.0
1085,961,0.18958333333333333,False,,,478,1.0,93,1.0
1064,962,0.4787077826725404,True,7.467961866226809,7.467961866226809,479,1.0,528,1.0
739,963,0.0,False,,,42,1.0,243,1.0
1076,964,0.390279823269514,True,5.905251397749267,5.905251397749267,347,1.0,597,1.0
1072,965,0.6632302405498282,True,1.5877027316698173,1.5877027316698173,195,1.0,289,1.0
1078,966,0.720771850170261,True,1.9636469341124574,1.9636469341124574,776,1.0,740,1.0
1082,967,0.64,True,3.7317659730770054,3.7317659730770054,264,1.0,310,1.0
1084,968,0.28015952143569295,False,,,1003,1.0,281,1.0
741,969,0.0,False,,,32,1.0,185,1.0
1074,970,0.19750889679715303,False,,,154,1.0,519,1.0
1070,971,0.18621523579201935,False,,,154,1.0,827,1.0
1092,972,0.4536741214057508,True,3.342288219045499,3.342288219045499,626,1.0,284,1.0
1090,973,0.5606469002695418,True,1.1185232827773635,1.1185232827773635,368,1.0,211,1.0
1093,975,0.36983842010771995,True,4.961969245303709,4.961969245303709,557,1.0,206,1.0
744,976,0.0,False,,,222,1.0,357,1.0
747,977,0.0,False,,,109,1.0,314,1.0
1096,978,0.14124293785310735,False,,,531,1.0,75,1.0
749,979,0.0,False,,,449,1.0,368,1.0
750,980,0.0,False,,,239,1.0,247,1.0
751,981,0.0,False,,,227,1.0,475,1.0
1095,982,0.45714285714285713,True,4.755856234982032,4.755856234982032,309,1.0,252,1.0
1091,983,0.2702312138728324,False,,,212,1.0,667,1.0
1101,984,0.5,True,2.825863694189917,2.825863694189917,300,1.0,150,1.0
762,985,0.0,False,,,315,1.0,363,1.0
1100,986,0.5510204081632653,True,5.094761968212353,5.094761968212353,307,1.0,301,1.0
755,987,0.0,False,,,225,1.0,685,1.0
1099,988,0.23109243697478993,False,,,110,1.0,476,1.0
1103,989,0.690856313497823,True,3.3320712653335676,3.3320712653335676,569,1.0,596,1.0
1109,990,0.42857142857142855,True,5.416301546425517,5.416301546425517,268,1.0,202,1.0
756,991,0.0,False,,,143,1.0,466,1.0
1105,992,0.07029053420805999,False,,,783,1.0,359,1.0
1106,993,0.9117647058823529,True,0.39111163125670945,0.39111163125670945,538,1.0,502,1.0
764,994,0.0,False,,,254,1.0,26,1.0
1107,995,0.46795827123695977,True,5.957351086279437,5.957351086279437,343,1.0,642,1.0
1125,996,0.16435185185185186,False,,,421,1.0,82,1.0
1112,997,0.6682242990654206,True,3.170775162748599,3.170775162748599,368,1.0,346,1.0
1108,998,0.3902097902097902,True,5.457353679041097,5.457353679041097,647,1.0,347,1.0
1111,999,0.782608695652174,True,0.9710262226265941,0.9710262226265941,397,1.0,505,1.0
1128,1000,0.5631970260223048,True,3.950485553941987,3.950485553941987,531,1.0,310,1.0
1121,1001,0.5920502092050209,True,2.306769586183124,2.306769586183124,472,1.0,289,1.0
765,1002,0.0,False,,,281,1.0,596,1.0
1113,1003,0.43926788685524126,True,6.924231305889453,6.924231305889453,311,1.0,554,1.0
1117,1004,0.631439894319683,True,3.1538646550663056,3.1538646550663056,478,1.0,757,1.0
1120,1005,0.23416506717850288,False,,,227,1.0,416,1.0
1119,1006,0.589041095890411,True,5.550181577666001,5.550181577666001,398,1.0,530,1.0
1122,1007,0.18309859154929578,False,,,104,1.0,568,1.0
1130,1008,0.57981220657277,True,4.005316210959482,4.005316210959482,274,1.0,399,1.0
1135,1009,0.7470817120622568,True,1.6028961293941877,1.6028961293941877,498,1.0,400,1.0
1133,1010,0.6063268892794376,True,1.9635241123183744,1.9635241123183744,345,1.0,569,1.0
1116,1011,0.3752913752913753,True,10.645229556013456,10.645229556013456,444,1.0,736,1.0
768,1012,0.0,False,,,121,1.0,357,1.0
1134,1013,0.3800738007380074,True,4.46038217414533,4.46038217414533,218,1.0,530,1.0
1137,1014,0.5091649694501018,True,7.3612603607315314,7.3612603607315314,354,1.0,387,1.0
1141,1015,0.5321821036106751,True,3.353872205795051,3.353872205795051,637,1.0,339,1.0
1142,1016,0.7283950617283951,True,1.5740184280140865,1.5740184280140865,646,1.0,474,1.0
1138,1017,0.5555555555555556,True,3.846127675861384,3.846127675861384,299,1.0,205,1.0
1144,1018,0.4742857142857143,True,5.938393907640216,5.938393907640216,301,1.0,473,1.0
1140,1019,0.25383542538354253,False,,,182,1.0,717,1.0
1151,1020,0.5686274509803921,True,5.016248622384494,5.016248622384494,284,1.0,356,1.0
1145,1022,0.8225806451612904,True,1.3397524660339315,1.3397524660339315,397,1.0,394,1.0
1148,1023,0.45187165775401067,True,3.212246736771177,3.212246736771177,169,1.0,374,1.0
1149,1024,0.3762057877813505,True,2.2316792654388116,2.2316792654388116,135,1.0,293,1.0
769,1025,0.0,False,,,84,1.0,238,1.0
1157,1026,0.5136476426799007,True,1.0388083206328484,1.0388083206328484,403,1.0,207,1.0
1152,1027,0.5112107623318386,True,0.4143757589066544,0.4143757589066544,570,1.0,1115,1.0
1154,1028,0.7273972602739726,True,1.0090119091191636,1.0090119091191636,579,1.0,682,1.0
1161,1029,0.5219594594594594,True,5.169148067062278,5.169148067062278,367,1.0,534,1.0
1164,1030,0.4186991869918699,True,5.374785970998827,5.374785970998827,153,1.0,196,1.0
1153,1031,0.45611015490533563,True,1.6277320414456034,1.6277320414456034,265,1.0,581,1.0
1156,1032,0.5483383685800605,True,0.9847576630318348,0.9847576630318348,363,1.0,662,1.0
1167,1033,0.631578947368421,True,1.038055820547439,1.038055820547439,323,1.0,204,1.0
800,1035,0.0,False,,,126,1.0,112,1.0
1165,1036,0.4256410256410256,True,8.071671232721103,8.071671232721103,244,1.0,312,1.0
1180,1037,0.12124248496993988,False,,,336,1.0,783,1.0
773,1038,0.0,False,,,35,1.0,284,1.0
1176,1039,0.5842490842490843,True,4.891750792864471,4.891750792864471,425,1.0,440,1.0
1163,1040,0.058823529411764705,False,,,258,1.0,228,1.0
1178,1041,0.6838235294117647,True,4.064168793582166,4.064168793582166,296,1.0,391,1.0
774,1042,0.0,False,,,495,1.0,165,1.0
788,1043,0.0,False,,,139,1.0,281,1.0
1181,1044,0.16555407209612816,False,,,124,1.0,749,1.0
1184,1045,0.2275064267352185,False,,,246,1.0,709,1.0
1179,1046,0.41466498103666244,True,5.642527367952708,5.642527367952708,371,1.0,748,1.0
783,1047,0.0,False,,,200,1.0,281,1.0
787,1048,0.0,False,,,252,1.0,499,1.0
1170,1049,0.2744807121661721,False,,,224,1.0,635,1.0
1187,1050,0.059433962264150944,False,,,308,1.0,815,1.0
1191,1052,0.3698630136986301,True,14.828014860249482,14.828014860249482,518,1.0,682,1.0
1189,1053,0.052884615384615384,False,,,54,1.0,384,1.0
1183,1054,0.2697495183044316,False,,,157,1.0,502,1.0
1190,1055,0.17346938775510204,False,,,112,1.0,348,1.0
795,1056,0.0,False,,,58,1.0,206,1.0
797,1057,0.0,False,,,49,1.0,124,1.0
804,1058,0.0,False,,,256,1.0,74,1.0
1198,1059,0.5414937759336099,True,4.553397701006136,4.553397701006136,423,1.0,320,1.0
1200,1060,0.8590381426202321,True,0.07850546561914566,0.07850546561914566,598,1.0,523,1.0
799,1061,0.0,False,,,258,1.0,155,1.0
1199,1062,0.6537785588752196,True,0.37315739201882314,0.37315739201882314,373,1.0,568,1.0
1207,1063,0.6472972972972973,True,2.608670242979928,2.608670242979928,686,1.0,533,1.0
1174,1064,0.1986970684039088,False,,,332,1.0,772,1.0
1209,1065,0.24889543446244478,False,,,679,1.0,169,1.0
1204,1066,0.02145922746781116,False,,,376,1.0,576,1.0
1201,1067,0.033136094674556214,False,,,421,1.0,452,1.0
1205,1068,0.47874720357941836,True,4.122495182108077,4.122495182108077,387,1.0,274,1.0
810,1069,0.0,False,,,281,1.0,191,1.0
803,1070,0.0,False,,,280,1.0,194,1.0
1218,1071,0.5540765391014975,True,3.9940147516616302,3.9940147516616302,593,1.0,341,1.0
1206,1072,0.17165668662674652,False,,,86,1.0,501,1.0
1203,1073,0.053125,False,,,96,1.0,241,1.0
1215,1074,0.43010752688172044,True,5.293428908042963,5.293428908042963,299,1.0,366,1.0
1214,1075,0.8055207026348808,True,1.3788066172558626,1.3788066172558626,743,1.0,696,1.0
1219,1076,0.6137566137566137,True,2.8577984125863414,2.8577984125863414,540,1.0,375,1.0
1212,1077,0.6936936936936937,True,1.5356176520654636,1.5356176520654636,243,1.0,321,1.0
809,1078,0.0,False,,,160,1.0,123,1.0
1221,1079,0.7275541795665634,True,1.5733565489429635,1.5733565489429635,294,1.0,264,1.0
1220,1080,0.6178010471204188,True,1.184516346581276,1.184516346581276,236,1.0,382,1.0
1216,1081,0.2455026455026455,False,,,232,1.0,945,1.0
1226,1082,0.0018726591760299626,False,,,159,1.0,376,1.0
814,1083,0.0,False,,,109,1.0,275,1.0
1223,1084,0.3229571984435798,True,8.65461075618767,8.65461075618767,390,1.0,290,1.0
1224,1085,0.10423452768729642,False,,,142,1.0,197,1.0
821,1086,0.0,False,,,232,1.0,379,1.0
1211,1087,0.10209424083769633,False,,,220,1.0,622,1.0
1227,1088,0.5440860215053763,True,1.4216964331409836,1.4216964331409836,465,1.0,253,1.0
1228,1089,0.7740213523131673,True,1.9476732368177474,1.9476732368177474,544,1.0,453,1.0
1235,1090,0.352549889135255,True,12.142311681006342,12.142311681006342,595,1.0,625,1.0
825,1091,0.0,False,,,180,1.0,191,1.0
1233,1092,0.7133220910623946,True,4.146702760516516,4.146702760516516,515,1.0,501,1.0
827,1093,0.0,False,,,185,1.0,570,1.0
1230,1094,0.8137254901960784,True,1.419732778719546,1.419732778719546,582,1.0,528,1.0
1229,1095,0.7904,True,1.711232757447994,1.711232757447994,545,1.0,574,1.0
1234,1096,0.6728110599078341,True,4.330273581437275,4.330273581437275,528,1.0,561,1.0
839,1097,0.0,False,,,375,1.0,271,1.0
835,1098,0.0,False,,,240,1.0,57,1.0
1237,1099,0.2786885245901639,False,,,291,1.0,99,1.0
1236,1100,0.30049261083743845,True,7.686972689509439,7.686972689509439,367,1.0,161,1.0
1243,1101,0.4292929292929293,True,2.4874228009450174,2.4874228009450174,594,1.0,255,1.0
1232,1102,0.3951527924130664,True,9.492637649937507,9.492637649937507,577,1.0,747,1.0
840,1103,0.0,False,,,274,1.0,220,1.0
841,1104,0.0,False,,,561,0.9107142857142857,299,1.0
848,1105,0.0,False,,,454,1.0,247,1.0
852,1106,0.0,False,,,531,1.0,198,1.0
1238,1107,0.30927835051546393,True,9.651010945021032,9.651010945021032,276,1.0,359,1.0
1245,1108,0.516566265060241,True,6.610974954712906,6.610974954712906,658,1.0,349,1.0
849,1109,0.0,False,,,198,1.0,230,1.0
1246,1110,0.6865671641791045,True,3.408637649836788,3.408637649836788,426,1.0,365,1.0
851,1111,0.0,False,,,73,1.0,105,1.0
1242,1112,0.43757575757575756,True,9.444492502902257,9.444492502902257,438,1.0,748,1.0
1241,1113,0.28802880288028804,False,,,328,1.0,1103,1.0
853,1114,0.0,False,,,193,1.0,176,1.0
858,1115,0.0,False,,,149,1.0,235,1.0
1248,1116,0.5092592592592593,True,2.865810367376736,2.865810367376736,540,1.0,275,1.0
1249,1117,0.45057766367137353,True,7.943253239262882,7.943253239262882,626,1.0,504,1.0
1251,1118,0.7913385826771654,True,1.1394136899998195,1.1394136899998195,221,1.0,234,1.0
861,1119,0.0,False,,,260,1.0,483,1.0
1253,1120,0.4976452119309262,True,6.802590097316279,6.802590097316279,380,1.0,574,1.0
868,1121,0.0,False,,,302,1.0,307,1.0
1256,1122,0.8215962441314554,True,0.6613089988943653,0.6613089988943653,388,1.0,388,1.0
1254,1124,0.5178997613365155,True,2.0031618903979074,2.0031618903979074,218,1.0,418,1.0
1250,1125,0.09302325581395349,False,,,32,1.0,344,1.0
1244,1126,0.15172413793103448,False,,,322,1.0,847,1.0
888,1127,0.0,False,,,333,1.0,548,1.0
1259,1128,0.44591346153846156,True,9.657862461007268,9.657862461007268,601,1.0,602,1.0
869,1129,0.0,False,,,58,1.0,23,1.0
1258,1130,0.46804123711340206,True,5.560458324251433,5.560458324251433,305,0.8356164383561644,407,0.7782026768642447
1261,1131,0.8719346049046321,True,1.104958041953872,1.104958041953872,349,1.0,338,1.0
875,1132,0.0,False,,,59,1.0,158,1.0
882,1133,0.0,False,,,146,1.0,135,1.0
1264,1134,0.5157526254375729,True,5.054587312169828,5.054587312169828,462,1.0,837,1.0
876,1135,0.0,False,,,155,1.0,276,1.0
890,1136,0.0,False,,,306,1.0,171,1.0
1265,1137,0.6566820276497696,True,1.9393049015280541,1.9393049015280541,434,1.0,285,1.0
1270,1138,0.7181818181818181,True,3.4038390177209825,3.4038390177209825,599,1.0,535,1.0
1276,1139,0.003246753246753247,False,,,276,1.0,33,1.0
1260,1140,0.3835051546391753,True,11.54747696837945,11.54747696837945,621,1.0,1392,1.0
1283,1141,0.3583208395802099,True,6.14980502547163,6.14980502547163,662,1.0,244,1.0
1279,1142,0.5869311551925321,True,6.592124074449886,6.592124074449886,671,1.0,689,1.0
1280,1143,0.5493421052631579,True,1.9403641583862714,1.9403641583862714,304,1.0,167,1.0
885,1144,0.0,False,,,249,1.0,190,1.0
1263,1145,0.5169322709163346,True,4.339673512458579,4.339673512458579,531,1.0,992,1.0
1262,1146,0.19809069212410502,False,,,166,1.0,838,1.0
1278,1147,0.7153419593345656,True,1.5747442689750597,1.5747442689750597,392,1.0,536,1.0
1273,1148,0.2445141065830721,False,,,78,1.0,319,1.0
1282,1149,0.8303425774877651,True,0.5179163697031207,0.5179163697031207,533,1.0,589,1.0
1281,1150,0.357429718875502,True,0.8328518758093197,0.8328518758093197,89,1.0,249,1.0
1284,1151,0.5335051546391752,True,5.386475389339154,5.386475389339154,227,1.0,368,1.0
1285,1152,0.6507936507936508,True,2.827852812532112,2.827852812532112,399,1.0,329,1.0
1293,1153,0.2554557124518614,False,,,716,1.0,262,1.0
891,1154,0.0,False,,,219,1.0,259,1.0
1271,1155,0.1643835616438356,False,,,108,1.0,657,1.0
1291,1156,0.749003984063745,True,1.114028041724955,1.114028041724955,242,1.0,197,1.0
894,1157,0.0,False,,,55,1.0,202,1.0
1287,1158,0.03788748564867968,False,,,33,1.0,871,1.0
1288,1159,0.43613707165109034,True,2.860359169488558,2.860359169488558,280,1.0,642,1.0
1296,1160,0.7455919395465995,True,2.23725865370736,2.23725865370736,595,1.0,791,1.0
1313,1161,0.2235294117647059,False,,,1022,1.0,330,1.0
1301,1162,0.5980392156862745,True,3.6038474591224916,3.6038474591224916,277,1.0,212,1.0
895,1163,0.0,False,,,722,1.0,369,1.0
1298,1164,0.38912855910267474,True,8.827491876323666,8.827491876323666,1016,1.0,594,1.0
1294,1165,0.47635135135135137,True,10.83335853347419,10.83335853347419,714,1.0,1034,1.0
896,1166,0.0,False,,,126,1.0,131,1.0
1300,1167,0.5059880239520959,True,3.3275718927921822,3.3275718927921822,338,1.0,668,1.0
1306,1168,0.34146341463414637,True,2.891286807881202,2.891286807881202,204,1.0,71,1.0
1302,1169,0.5169340463458111,True,1.8630900370583172,1.8630900370583172,291,1.0,560,1.0
897,1170,0.0,False,,,152,1.0,383,1.0
901,1171,0.0,False,,,145,1.0,569,1.0
1307,1172,0.716514954486346,True,0.19098780249461186,0.19098780249461186,769,1.0,551,1.0
1290,1173,0.09648127128263337,False,,,438,1.0,528,1.0
910,1174,0.0,False,,,1044,1.0,36,1.0
1303,1175,0.3102803738317757,True,5.9809477627456005,5.9809477627456005,172,1.0,529,1.0
1309,1176,0.3403361344537815,True,6.613247403959587,6.613247403959587,181,1.0,457,1.0
1315,1177,0.23183391003460208,False,,,134,1.0,222,1.0
1308,1178,0.6129032258064516,True,4.998357658534188,4.998357658534188,546,1.0,854,1.0
903,1179,0.0,False,,,352,1.0,52,1.0
1316,1180,0.7743362831858407,True,2.5976566678011057,2.5976566678011057,710,1.0,894,1.0
1317,1181,0.03428571428571429,False,,,103,1.0,259,1.0
907,1182,0.0,False,,,46,1.0,455,1.0
1326,1183,0.32215743440233235,True,10.597645571358875,10.597645571358875,413,1.0,494,1.0
1323,1184,0.3642495784148398,True,9.14150275728987,9.14150275728987,250,1.0,559,1.0
1324,1185,0.7294117647058823,True,3.926873682824802,3.926873682824802,668,1.0,655,1.0
1314,1186,0.06406685236768803,False,,,23,1.0,359,1.0
1320,1187,0.7351973684210527,True,3.474206682389259,3.474206682389259,574,1.0,481,1.0
909,1188,0.0,False,,,105,1.0,451,1.0
1319,1189,0.2740112994350282,False,,,240,1.0,662,1.0
1329,1190,0.5192307692307693,True,3.7880480076450294,3.7880480076450294,213,1.0,261,1.0
1332,1191,0.4989339019189765,True,7.616530572498986,7.616530572498986,263,1.0,440,1.0
919,1192,0.0,False,,,244,1.0,169,1.0
1333,1193,0.6320754716981132,True,1.1010421377265802,1.1010421377265802,98,1.0,75,1.0
1328,1194,0.41648106904231624,True,3.4551730518593033,3.4551730518593033,204,1.0,432,1.0
1342,1195,0.07633587786259542,False,,,262,1.0,302,1.0
915,1196,0.0,False,,,559,1.0,74,1.0
917,1197,0.0,False,,,36,1.0,60,1.0
1338,1198,0.44912280701754387,True,4.952357665637824,4.952357665637824,275,1.0,138,1.0
1334,1199,0.42546245919477693,True,2.6858676926077143,2.6858676926077143,391,1.0,919,1.0
1347,1200,0.5425531914893617,True,3.1304085474996146,3.1304085474996146,833,1.0,472,1.0
1337,1201,0.5436507936507936,True,1.9983534748256238,1.9983534748256238,152,1.0,237,1.0
1343,1202,0.6314606741573033,True,4.180160493002964,4.180160493002964,398,1.0,328,1.0
1341,1203,0.759075907590759,True,2.310856918572822,2.310856918572822,464,1.0,602,1.0
1335,1204,0.15994020926756353,False,,,281,1.0,495,1.0
1346,1205,0.6910569105691057,True,2.286502646686404,2.286502646686404,339,1.0,285,1.0
925,1206,0.0,False,,,300,1.0,67,1.0
1340,1207,0.4800339847068819,True,6.181658702968396,6.181658702968396,753,1.0,989,1.0
1348,1208,0.4282608695652174,True,6.4518806737335215,6.4518806737335215,268,1.0,389,1.0
1318,1209,0.05084745762711865,False,,,288,1.0,1076,1.0
1352,1210,0.46153846153846156,True,7.593655901333225,7.593655901333225,373,1.0,786,1.0
1358,1211,0.3198757763975155,True,10.434359802068037,10.434359802068037,362,1.0,488,1.0
1350,1212,0.14176829268292682,False,,,495,1.0,254,1.0
1360,1213,0.562992125984252,True,0.8560566878915791,0.8560566878915791,499,1.0,295,1.0
1366,1214,0.5982721382289417,True,4.412071036495042,4.412071036495042,391,1.0,349,1.0
1356,1215,0.2767676767676768,False,,,137,1.0,495,1.0
1364,1216,0.7478991596638656,True,1.6535375482386705,1.6535375482386705,666,1.0,582,1.0
1363,1217,0.5716783216783217,True,2.769254518413607,2.769254518413607,560,1.0,339,1.0
1368,1218,0.4021164021164021,True,7.753781016783184,7.753781016783184,476,1.0,319,1.0
1361,1219,0.3801324503311258,True,8.505853214127681,8.505853214127681,382,1.0,660,1.0
1362,1220,0.5774410774410774,True,4.366025784178401,4.366025784178401,353,1.0,584,1.0
926,1221,0.0,False,,,266,1.0,768,1.0
1359,1222,0.1947565543071161,False,,,55,1.0,264,1.0
1365,1223,0.7183098591549296,True,1.347838768203066,1.347838768203066,255,1.0,355,1.0
930,1224,0.0,False,,,74,1.0,264,1.0
1377,1225,0.11131725417439703,False,,,258,1.0,341,1.0
931,1226,0.0,False,,,766,1.0,282,1.0
1369,1227,0.9111791730474732,True,0.7327626953144791,0.7327626953144791,612,1.0,636,1.0
1371,1228,0.05555555555555555,False,,,407,1.0,657,1.0
1372,1229,0.718132854578097,True,1.6019980423190043,1.6019980423190043,434,1.0,523,1.0
934,1230,0.0,False,,,91,1.0,585,1.0
936,1231,0.0,False,,,251,1.0,417,1.0
1374,1232,0.0877742946708464,False,,,28,1.0,319,1.0
1381,1233,0.6835236541598695,True,2.4259747886019976,2.4259747886019976,586,1.0,446,1.0
1382,1234,0.25925925925925924,False,,,338,1.0,138,1.0
1379,1235,0.5183823529411765,True,3.294814387576233,3.294814387576233,271,1.0,142,1.0
939,1236,0.0,False,,,168,1.0,167,1.0
1380,1237,0.3511543134872418,True,7.652408213731139,7.652408213731139,309,1.0,803,1.0
1387,1238,0.5392296718972895,True,3.02439000425083,3.02439000425083,701,1.0,378,1.0
1384,1239,0.7029914529914529,True,2.759390442319587,2.759390442319587,468,1.0,329,1.0
1383,1240,0.75,True,2.0929942077698374,2.0929942077698374,429,1.0,411,1.0
941,1241,0.0,False,,,35,1.0,191,1.0
1386,1242,0.6326530612244898,True,1.7458654399476348,1.7458654399476348,160,1.0,240,1.0
1410,1243,0.3442176870748299,True,7.407865506532468,7.407865506532468,735,1.0,253,1.0
1390,1244,0.8486956521739131,True,1.408772163690492,1.408772163690492,494,1.0,569,1.0
944,1245,0.0,False,,,215,1.0,142,1.0
946,1246,0.0,False,,,584,1.0,454,1.0
1392,1247,0.8710247349823321,True,0.9667210990725854,0.9667210990725854,518,1.0,541,1.0
947,1248,0.0,False,,,242,1.0,261,1.0
951,1249,0.0,False,,,285,1.0,238,1.0
1395,1250,0.5954198473282443,True,2.498736103608092,2.498736103608092,226,1.0,192,1.0
1393,1251,0.4635879218472469,True,4.233877723019514,4.233877723019514,271,1.0,553,1.0
1398,1252,0.31402439024390244,True,9.246146527719523,9.246146527719523,615,1.0,247,1.0
1401,1253,0.8040540540540541,True,1.4500942836316928,1.4500942836316928,540,1.0,528,1.0
1391,1254,0.3623462630085147,True,10.051858138632213,10.051858138632213,601,1.0,839,1.0
1403,1255,0.5316455696202531,True,4.214236315930893,4.214236315930893,293,1.0,191,1.0
952,1256,0.0,False,,,116,1.0,609,1.0
954,1257,0.0,False,,,345,1.0,314,1.0
1405,1258,0.5081081081081081,True,6.401518315765101,6.401518315765101,417,1.0,420,1.0
1402,1259,0.4883720930232558,True,3.0489742789585366,3.0489742789585366,402,1.0,750,1.0
1396,1260,0.4888475836431227,True,5.592245397638843,5.592245397638843,285,1.0,516,1.0
1411,1261,0.529891304347826,True,1.6885829705545636,1.6885829705545636,368,1.0,195,1.0
1413,1262,0.5660377358490566,True,6.222972403848559,6.222972403848559,352,1.0,478,1.0
1404,1263,0.761528326745718,True,2.250508154099277,2.250508154099277,614,1.0,723,1.0
958,1264,0.0,False,,,211,1.0,263,1.0
964,1265,0.0,False,,,214,1.0,142,1.0
963,1266,0.0,False,,,124,1.0,574,1.0
1412,1267,0.6278586278586279,True,1.6862543023895051,1.6862543023895051,426,1.0,357,1.0
1417,1268,0.6215429403202329,True,1.1361881692122355,1.1361881692122355,583,1.0,531,1.0
1400,1269,0.23529411764705882,False,,,547,1.0,1007,1.0
1416,1270,0.7801932367149759,True,1.9312105825029495,1.9312105825029495,388,1.0,349,1.0
1428,1271,0.25986078886310904,False,,,252,1.0,291,1.0
1423,1272,0.2972560975609756,False,,,240,1.0,611,1.0
1419,1273,0.48717948717948717,True,1.9964155917697548,1.9964155917697548,387,1.0,367,1.0
1426,1274,0.6938110749185668,True,0.9606253500968419,0.9606253500968419,614,1.0,426,1.0
1420,1275,0.07352941176470588,False,,,28,1.0,264,1.0
1425,1276,0.6425925925925926,True,1.2823186836507914,1.2823186836507914,372,1.0,515,1.0
967,1277,0.0,False,,,452,1.0,393,1.0
1427,1278,0.3081232492997199,True,8.322171518071995,8.322171518071995,333,1.0,1068,1.0
1438,1279,0.5093062605752962,True,5.124347154679156,5.124347154679156,321,1.0,571,1.0
983,1280,0.0,False,,,296,1.0,181,1.0
1437,1281,0.46601941747572817,True,6.738589778813118,6.738589778813118,291,1.0,615,1.0
974,1282,0.0,False,,,120,1.0,299,1.0
1444,1283,0.5082304526748971,True,4.613676099521587,4.613676099521587,406,1.0,327,1.0
1435,1284,0.5134649910233393,True,7.5113583764847,7.5113583764847,353,1.0,490,1.0
1441,1285,0.8351449275362319,True,0.014192021874944755,0.014192021874944755,551,1.0,462,1.0
1445,1286,0.6585760517799353,True,4.942595294763933,4.942595294763933,461,1.0,564,1.0
1446,1287,0.7211155378486056,True,2.8990849199488054,2.8990849199488054,580,1.0,716,1.0
1447,1288,0.5691868758915835,True,3.2891728186830367,3.2891728186830367,410,1.0,690,1.0
978,1289,0.0,False,,,130,1.0,216,1.0
1453,1290,0.7638888888888888,True,1.7299069522498216,1.7299069522498216,576,1.0,440,1.0
1459,1291,0.14074074074074075,False,,,698,1.0,688,1.0
979,1292,0.0,False,,,665,1.0,259,1.0
1449,1293,0.5725190839694656,True,3.51362246586847,3.51362246586847,329,1.0,495,1.0
1450,1294,0.6030150753768844,True,4.465994348575735,4.465994348575735,568,1.0,708,1.0
1439,1295,0.4590643274853801,True,8.767087161460788,8.767087161460788,447,1.0,551,1.0
994,1296,0.0,False,,,219,1.0,210,1.0
986,1297,0.0,False,,,220,1.0,556,1.0
1452,1298,0.28804347826086957,False,,,161,1.0,550,1.0
1468,1299,0.09718309859154929,False,,,1172,1.0,386,1.0
992,1300,0.0,False,,,169,1.0,344,1.0
1442,1302,0.3600439077936334,True,11.835820361562543,11.835820361562543,367,1.0,872,1.0
1454,1303,0.11973684210526316,False,,,91,1.0,760,1.0
1460,1304,0.1829105473965287,False,,,145,1.0,741,1.0
1461,1305,0.14102564102564102,False,,,99,1.0,702,1.0
1463,1306,0.42558425584255843,True,8.212339212936012,8.212339212936012,388,1.0,771,1.0
1465,1307,0.687757909215956,True,3.621680429536611,3.621680429536611,564,1.0,663,1.0
1469,1308,0.29310344827586204,False,,,263,1.0,787,1.0
995,1309,0.0,False,,,92,1.0,398,1.0
1464,1310,0.6156583629893239,True,4.288518785576432,4.288518785576432,350,1.0,558,1.0
1470,1311,0.5641025641025641,True,5.665934613752884,5.665934613752884,297,1.0,496,1.0
1467,1312,0.4745762711864407,True,3.7129449990336405,3.7129449990336405,310,1.0,647,1.0
1471,1313,0.5211581291759465,True,2.203296824499561,2.203296824499561,299,1.0,384,1.0
996,1314,0.0,False,,,373,1.0,453,1.0
1479,1315,0.49726027397260275,True,7.023186552152283,7.023186552152283,509,1.0,584,1.0
998,1316,0.0,False,,,284,1.0,640,1.0
1476,1317,0.6742424242424242,True,0.8905311077410306,0.8905311077410306,662,1.0,885,1.0
1477,1318,0.8322981366459627,True,2.006747525640143,2.006747525640143,734,1.0,741,1.0
1483,1319,0.5895196506550219,True,3.5209156662485386,3.5209156662485386,406,1.0,322,1.0
1478,1320,0.9015544041450777,True,0.9795346592636549,0.9795346592636549,377,1.0,357,1.0
1475,1321,0.35778443113772457,True,1.72048815268913,1.72048815268913,239,1.0,668,1.0
999,1322,0.0,False,,,318,1.0,379,1.0
1480,1323,0.8430493273542601,True,1.5027739665613553,1.5027739665613553,411,1.0,411,1.0
1482,1324,0.2832369942196532,False,,,52,1.0,170,1.0
1466,1325,0.24533333333333332,False,,,216,1.0,718,1.0
1474,1326,0.12655086848635236,False,,,57,1.0,397,1.0
1003,1327,0.0,False,,,765,1.0,317,1.0
1481,1328,0.28715728715728717,False,,,233,1.0,659,1.0
1489,1329,0.7005181347150259,True,3.2100770104846283,3.2100770104846283,920,1.0,721,1.0
1490,1330,0.8074534161490683,True,1.4225504866206458,1.4225504866206458,397,1.0,476,1.0
1492,1331,0.819366852886406,True,1.4180017997063856,1.4180017997063856,462,1.0,515,1.0
1485,1332,0.4222222222222222,True,6.251854967961937,6.251854967961937,499,1.0,461,1.0
1488,1333,0.5582137161084529,True,3.5159679523288436,3.5159679523288436,383,1.0,594,1.0
1493,1334,0.5163776493256262,True,3.264848183996198,3.264848183996198,268,1.0,519,1.0
1494,1335,0.5347222222222222,True,6.367449183468373,6.367449183468373,524,1.0,581,1.0
1484,1336,0.6544021024967148,True,4.727706765784142,4.727706765784142,501,1.0,758,1.0
1498,1337,0.3155737704918033,True,6.906630958877023,6.906630958877023,194,1.0,448,1.0
1500,1338,0.6171003717472119,True,1.2415493248595457,1.2415493248595457,168,1.0,267,1.0
1501,1339,0.5311438278595696,True,7.448032031318191,7.448032031318191,536,1.0,816,1.0
1502,1340,0.6949152542372882,True,1.4938871101864235,1.4938871101864235,172,1.0,128,1.0
1006,1341,0.0,False,,,343,1.0,301,1.0
1495,1342,0.20398912058023572,False,,,795,1.0,533,1.0
1017,1343,0.0,False,,,698,1.0,398,1.0
1509,1344,0.6353092783505154,True,4.771311681721427,4.771311681721427,686,1.0,583,1.0
1510,1345,0.735357917570499,True,2.734297064481848,2.734297064481848,361,1.0,439,1.0
1007,1346,0.0,False,,,269,1.0,41,1.0
1008,1347,0.0,False,,,86,1.0,479,1.0
1516,1348,0.6736214605067065,True,2.9808472652750053,2.9808472652750053,607,1.0,516,1.0
1518,1349,0.5086705202312138,True,5.042821381070806,5.042821381070806,314,1.0,469,1.0
1508,1350,0.35224274406332456,True,11.32659326521319,11.32659326521319,675,1.0,350,1.0
1012,1351,0.0,False,,,175,1.0,143,1.0
1013,1352,0.0,False,,,79,1.0,135,1.0
1014,1353,0.0,False,,,150,1.0,613,1.0
1522,1354,0.7277777777777777,True,1.2199952356303907,1.2199952356303907,360,1.0,262,1.0
1515,1355,0.3897058823529412,True,7.812842104916405,7.812842104916405,404,1.0,352,1.0
1512,1356,0.3359683794466403,True,12.636094098331832,12.636094098331832,726,1.0,626,1.0
1513,1357,0.5062586926286509,True,4.306878629792306,4.306878629792306,364,1.0,719,1.0
1523,1358,0.8231827111984283,True,1.6215474797774734,1.6215474797774734,483,1.0,445,1.0
1016,1359,0.0,False,,,84,1.0,306,1.0
1525,1360,0.1691542288557214,False,,,91,1.0,144,1.0
1019,1361,0.0,False,,,522,1.0,175,1.0
1528,1362,0.7065217391304348,True,2.4167406883951044,2.4167406883951044,411,1.0,374,1.0
1531,1363,0.3715670436187399,True,5.8960706094759985,5.8960706094759985,521,1.0,328,1.0
1530,1364,0.6874172185430464,True,2.223445397951722,2.223445397951722,735,1.0,539,1.0
1532,1365,0.6215753424657534,True,3.2340831657934057,3.2340831657934057,584,1.0,363,1.0
1535,1366,0.5886792452830188,True,3.3592468574208074,3.3592468574208074,264,1.0,157,1.0
1533,1367,0.875,True,1.3048625663601883,1.3048625663601883,359,1.0,346,1.0
1534,1368,0.3717201166180758,True,8.204390575267759,8.204390575267759,276,1.0,665,1.0
1537,1369,0.7333333333333333,True,2.967771090505087,2.967771090505087,437,1.0,447,1.0
1545,1370,0.3576864535768645,True,7.029587727317526,7.029587727317526,657,1.0,235,1.0
1541,1371,0.6369565217391304,True,3.8367560385005164,3.8367560385005164,347,1.0,406,1.0
1542,1372,0.6639118457300276,True,1.4079329787555368,1.4079329787555368,362,1.0,242,1.0
1543,1373,0.06103286384976526,False,,,26,1.0,426,1.0
1551,1374,0.5207373271889401,True,4.935767857848897,4.935767857848897,399,1.0,261,1.0
1020,1376,0.0,False,,,99,1.0,425,1.0
1552,1377,0.3827534039334342,True,7.270662080191978,7.270662080191978,266,1.0,648,1.0
1023,1378,0.0,False,,,234,1.0,490,1.0
1549,1379,0.14105793450881612,False,,,112,1.0,794,1.0
1577,1380,0.15644171779141106,False,,,608,1.0,146,1.0
1550,1381,0.4287581699346405,True,7.063506672990332,7.063506672990332,329,1.0,764,1.0
1558,1382,0.717948717948718,True,0.9175615151238584,0.9175615151238584,362,1.0,375,1.0
1557,1383,0.48598130841121495,True,2.5520406036346355,2.5520406036346355,260,1.0,535,1.0
1554,1384,0.2972972972972973,False,,,151,1.0,137,1.0
1030,1385,0.0,False,,,391,1.0,314,1.0
1560,1386,0.30093457943925234,True,4.877086687828365,4.877086687828365,161,1.0,535,1.0
1559,1387,0.08333333333333333,False,,,300,1.0,545,1.0
1569,1388,0.46710526315789475,True,2.944370014689261,2.944370014689261,125,1.0,98,1.0
1571,1389,0.37849462365591396,True,5.505032862145824,5.505032862145824,254,1.0,387,1.0
1566,1390,0.49292452830188677,True,4.662369897399463,4.662369897399463,279,1.0,354,1.0
1573,1391,0.5714285714285714,True,2.542945135943582,2.542945135943582,166,1.0,175,1.0
1574,1392,0.7340823970037453,True,4.723560842017571,4.723560842017571,825,1.0,1027,1.0
1035,1393,0.0,False,,,282,1.0,41,1.0
1575,1394,0.7107142857142857,True,2.1740174221293644,2.1740174221293644,234,1.0,245,1.0
1572,1395,0.34164859002169196,True,5.560266140326895,5.560266140326895,338,1.0,899,1.0
1576,1396,0.8442622950819673,True,2.6554480665058384,2.6554480665058384,573,0.7958333333333333,552,0.8679245283018868
1583,1397,0.7089783281733746,True,2.0613063186900664,2.0613063186900664,304,1.0,248,1.0
1581,1398,0.40893470790378006,True,1.517056272899118,1.517056272899118,238,1.0,582,1.0
1588,1399,0.4582043343653251,True,2.4263162897894905,2.4263162897894905,304,1.0,167,1.0
1036,1400,0.0,False,,,56,1.0,466,1.0
1587,1401,0.7942028985507247,True,2.3757158554279796,2.3757158554279796,633,1.0,605,1.0
1038,1402,0.0,False,,,677,1.0,145,1.0
1580,1403,0.024922118380062305,False,,,372,1.0,286,1.0
1591,1404,0.18159203980099503,False,,,73,1.0,402,1.0
1595,1405,0.7213114754098361,True,1.2259360390377534,1.2259360390377534,179,1.0,136,1.0
1593,1406,0.28776978417266186,False,,,272,1.0,265,1.0
1602,1407,0.36769759450171824,True,4.753796264819671,4.753796264819671,238,1.0,160,1.0
1596,1408,0.533175355450237,True,4.402396878723543,4.402396878723543,229,1.0,418,1.0
1603,1409,0.6854368932038835,True,3.1598527595622565,3.1598527595622565,468,1.0,400,1.0
1606,1410,0.035955056179775284,False,,,289,1.0,633,1.0
1600,1411,0.14066985645933014,False,,,400,1.0,792,1.0
1599,1412,0.6977829638273045,True,2.248111950923893,2.248111950923893,601,1.0,854,1.0
1601,1413,0.30403458213256485,True,5.4733378389530145,5.4733378389530145,277,1.0,628,1.0
1041,1414,0.0,False,,,267,1.0,95,1.0
1609,1416,0.648936170212766,True,0.5607066773247338,0.5607066773247338,188,1.0,122,1.0
1604,1417,0.33691756272401435,True,6.896739504331701,6.896739504331701,218,1.0,528,1.0
1610,1418,0.6314432989690721,True,0.17025668988604925,0.17025668988604925,341,1.0,292,1.0
1608,1419,0.3435700575815739,True,0.6611402516473015,0.6611402516473015,179,1.0,521,1.0
1042,1420,0.0,False,,,95,1.0,173,1.0
1614,1421,0.42857142857142855,True,4.985077694847686,4.985077694847686,168,1.0,372,1.0
1613,1422,0.7850287907869482,True,0.8505969962553949,0.8505969962553949,409,1.0,521,1.0
1615,1423,0.5603015075376885,True,3.3618735593002045,3.3618735593002045,223,1.0,398,1.0
1620,1424,0.5022522522522522,True,5.860917204483374,5.860917204483374,249,1.0,418,1.0
1605,1425,0.31799729364005414,True,9.085917118679578,9.085917118679578,243,1.0,731,1.0
1045,1426,0.0,False,,,269,1.0,193,1.0
1618,1427,0.2784636488340192,False,,,357,1.0,575,1.0
1623,1428,0.28928928928928926,False,,,299,1.0,989,1.0
1625,1429,0.1828125,False,,,118,1.0,639,1.0
1051,1430,0.0,False,,,192,1.0,429,1.0
1048,1431,0.0,False,,,194,1.0,73,1.0
1619,1432,0.38315217391304346,True,8.843382785089615,8.843382785089615,318,1.0,700,1.0
1635,1433,0.4025157232704403,True,6.874947447723518,6.874947447723518,288,1.0,381,1.0
1631,1434,0.5714285714285714,True,1.7567404321978284,1.7567404321978284,61,1.0,60,1.0
1632,1435,0.4885057471264368,True,1.8685897382469059,1.8685897382469059,176,1.0,342,1.0
1628,1436,0.5082101806239737,True,8.352489605839814,8.352489605839814,687,1.0,1150,1.0
1638,1437,0.23841059602649006,False,,,151,1.0,36,1.0
1627,1438,0.1109350237717908,False,,,88,1.0,613,1.0
1624,1439,0.29055690072639223,False,,,260,1.0,806,1.0
1636,1440,0.75564681724846,True,0.9903230691005632,0.9903230691005632,375,1.0,480,1.0
1630,1441,0.6038461538461538,True,5.0543424479472225,5.0543424479472225,422,1.0,412,1.0
1637,1442,0.6223776223776224,True,0.80956352401863,0.80956352401863,280,1.0,184,1.0
1053,1443,0.0,False,,,359,1.0,405,1.0
1639,1444,0.601063829787234,True,2.3993735252583703,2.3993735252583703,369,1.0,233,1.0
1642,1445,0.7182539682539683,True,3.0258337018476733,3.0258337018476733,469,1.0,397,1.0
1654,1446,0.0649546827794562,False,,,662,1.0,43,1.0
1640,1447,0.6028368794326241,True,3.524803403554656,3.524803403554656,376,1.0,528,1.0
1633,1448,0.003952569169960474,False,,,53,1.0,201,1.0
1056,1449,0.0,False,,,192,1.0,447,1.0
1641,1450,0.5125448028673835,True,4.277863871528336,4.277863871528336,245,1.0,177,1.0
1069,1451,0.0,False,,,90,1.0,542,1.0
1068,1452,0.0,False,,,122,1.0,298,1.0
1652,1453,0.5445544554455446,True,2.95188919855684,2.95188919855684,259,1.0,209,1.0
1645,1454,0.29635761589403975,False,,,305,1.0,478,1.0
1648,1455,0.29292929292929293,False,,,174,1.0,594,1.0
1646,1456,0.23575129533678757,False,,,91,1.0,386,1.0
1647,1457,0.23880597014925373,False,,,96,1.0,402,1.0
1071,1458,0.0,False,,,136,1.0,282,1.0
1650,1459,0.11678832116788321,False,,,48,1.0,411,1.0
1651,1460,0.48346456692913387,True,7.376128912729673,7.376128912729673,431,1.0,511,1.0
1655,1461,0.474169741697417,True,5.736451987091055,5.736451987091055,298,1.0,501,1.0
1657,1462,0.631578947368421,True,0.9491640664373545,0.9491640664373545,266,1.0,168,1.0
1656,1463,0.8611111111111112,True,0.6784165886561541,0.6784165886561541,360,1.0,310,1.0
1653,1464,0.10218978102189781,False,,,40,1.0,262,1.0
1073,1465,0.0,False,,,252,1.0,280,1.0
1659,1466,0.329635499207607,True,4.23146141980172,4.23146141980172,208,1.0,631,1.0
1664,1467,0.7894736842105263,True,2.2641699259391364,2.2641699259391364,521,1.0,465,1.0
1665,1468,0.7484276729559748,True,1.7395140498590147,1.7395140498590147,441,1.0,393,1.0
1662,1469,0.7084639498432602,True,1.0527562140636948,1.0527562140636948,230,1.0,315,1.0
1660,1470,0.4437627811860941,True,8.387732713989802,8.387732713989802,341,1.0,365,1.0
1663,1471,0.6314655172413793,True,4.221844553001176,4.221844553001176,293,1.0,464,1.0
1667,1472,0.2677966101694915,False,,,186,1.0,562,1.0
1668,1473,0.07086614173228346,False,,,81,1.0,191,1.0
1075,1474,0.0,False,,,21,1.0,434,1.0
1666,1475,0.20496894409937888,False,,,121,1.0,267,1.0
1672,1476,0.8823529411764706,True,0.6842009545691449,0.6842009545691449,226,1.0,222,1.0
1671,1477,0.7464788732394366,True,2.3274247249751983,2.3274247249751983,230,1.0,266,1.0
1077,1478,0.0,False,,,148,1.0,170,1.0
1670,1479,0.4053497942386831,True,7.065364025867693,7.065364025867693,209,1.0,474,1.0
