idx1,idx2,cell_id_1,cell_id_2,spatial_dist_px
16,1,17,2,0.6396344726166439
14,2,15,3,2.976130012229274
5,4,6,5,6.04892460182452
15,7,16,8,2.374105570499678
13,10,14,11,2.4963463688474197
17,14,18,15,1.3994634971299151
23,18,24,19,0.5638842674038278
26,20,27,21,0.47342104204181074
28,21,29,22,1.0334744287235695
29,22,30,23,0.3665192104810509
32,23,33,24,0.5790106388345966
19,24,20,25,5.25746479277958
31,27,32,28,1.0426947571213196
33,29,34,30,1.1160106378728527
27,30,28,31,0.8710436953604707
34,31,35,32,1.000114356911354
35,32,36,33,1.222611113733534
36,33,37,34,0.370620544708096
39,35,40,36,1.685478832906564
43,38,44,39,1.5610288733435669
41,39,42,40,1.025234534141423
44,40,45,41,0.40678603221160703
42,41,43,42,1.5246460742868986
47,42,48,43,0.5704051997527979
46,43,47,44,0.08999460574823535
45,44,46,45,0.5037513761346374
48,45,49,46,0.8000207922058429
54,46,55,47,3.08335782607411
51,48,52,49,1.0222704494726054
50,49,51,50,0.6830111471367267
49,50,50,51,0.5688468071458069
52,51,53,52,0.5747959423629347
53,52,54,53,1.0302194333696097
55,53,56,54,0.6639457114788122
56,54,57,55,0.8169304125412891
60,56,61,57,1.154320979705202
64,57,65,58,1.1940892258908462
61,58,62,59,0.7602243288353454
62,59,63,60,1.5352063227182873
63,60,64,61,1.3696996242659782
65,61,66,62,1.4701980015224614
66,62,67,63,0.6735750405794285
67,63,68,64,0.5998566333369829
70,65,71,66,0.4629313135979719
68,66,69,67,0.9749461861573671
72,67,73,68,1.6389626824272507
69,68,70,69,4.0236871311052305
71,69,72,70,2.019278235908145
73,70,74,71,0.8469763531366259
74,71,75,72,0.7946247984462464
76,72,77,73,0.5975842207318295
77,73,78,74,0.8829745201825483
75,74,76,75,1.1067587987841
79,77,80,78,0.7544644827855709
80,78,81,79,0.4613992279046025
82,80,83,81,0.42336817078632005
87,82,88,83,4.214150922909637
85,83,86,84,1.1366305344612204
89,84,90,85,1.244926453708403
91,86,92,87,1.471749339798882
90,87,91,88,0.8205199496988845
93,88,94,89,0.26081600757227325
92,89,93,90,0.6494836350617844
95,90,96,91,0.5369688101779239
96,91,97,92,0.8547071490961243
97,92,98,93,3.028975183949705
102,98,103,99,2.622315178694114
103,99,104,100,1.3923306012243148
104,100,105,101,1.82777671670415
107,103,108,104,1.5029766157948814
106,105,107,106,0.7162096888744778
110,107,111,108,0.605139392610804
111,108,112,109,0.7260246779016871
112,109,113,110,1.677501283923154
115,110,116,111,1.620885910985741
126,112,127,113,2.1772556307748525
118,113,119,114,0.739075756637115
113,114,114,115,0.9158056692145827
114,115,115,116,0.7815951177885269
120,117,121,118,1.2367204148404105
121,119,122,120,0.5546221350491759
127,120,128,121,1.727662227641573
123,121,124,122,0.9357880704252478
124,122,125,123,0.5914561968741673
117,123,118,124,0.7982732366898904
129,127,130,128,0.6841239186132708
132,128,133,129,1.0295694814868255
133,129,134,130,0.8428212049483991
134,130,135,131,0.4527449726999258
136,131,137,132,1.2334865255682188
139,132,140,133,0.8528304815688372
142,133,143,134,1.8402038898832767
140,134,141,135,0.5302528296541459
141,135,142,136,2.0918692760847386
135,136,136,137,1.9830181444003243
143,137,144,138,1.0530206858499942
145,138,146,139,0.7025672387701627
144,139,145,140,0.3031827707512018
149,142,150,143,0.7177459801963694
150,143,151,144,0.6533165398635964
153,145,154,146,2.273325370190735
156,149,157,150,0.8981821415149058
155,151,156,152,1.1483327587127365
157,152,158,153,0.1627128132667942
154,153,155,154,1.4589190819676967
163,154,164,155,0.2956984773702234
160,155,161,156,0.78569150755914
168,156,169,157,2.702692083940527
158,157,159,158,0.24284076682774025
166,158,167,159,0.22787516003726085
170,160,171,161,0.4035842641717554
173,161,174,162,0.85541186415475
167,162,168,163,0.3031977797888788
172,163,173,164,1.3770284253376224
165,164,166,165,0.6804866815197445
171,165,172,166,0.9188379554784312
175,166,176,167,0.6661337848441804
176,167,177,168,1.4631910427280728
174,168,175,169,0.4722155014170529
180,169,181,170,0.6914657584874025
177,170,178,171,0.3280042847340366
179,171,180,172,0.6843799179726997
159,172,160,173,7.057644967060186
164,173,165,174,1.7800052742305656
181,174,182,175,1.0082100811697678
178,175,179,176,0.23372487258159136
182,176,183,177,0.37391219192332154
184,178,185,179,0.7409454423887302
183,179,184,180,2.3329944306590886
187,180,188,181,2.1729384008063457
188,181,189,182,2.4114787572953285
191,183,192,184,0.9505872347302649
190,184,191,185,1.3017404697582937
199,185,200,186,6.313342917514931
193,186,194,187,0.3738843905107611
197,188,198,189,0.6522835790171587
194,189,195,190,1.0983355608141463
202,190,203,191,0.48620789280104326
200,191,201,192,0.7250679236531443
195,193,196,194,1.2986101190276365
198,194,199,195,1.5255301662918945
203,195,204,196,0.7223643605328723
206,197,207,198,0.8963103498280969
204,198,205,199,0.38509342866340734
205,199,206,200,0.782718116042298
207,200,208,201,0.7211930868828418
209,201,210,202,0.9017787438755356
213,203,214,204,1.8012846110675824
214,204,215,205,2.9930758218406206
212,205,213,206,1.354135033496008
210,206,211,207,0.26550440769615247
211,207,212,208,3.237475190170713
217,208,218,209,1.0107552293724933
216,209,217,210,2.1653788229307174
215,210,216,211,0.7393870901617637
219,212,220,213,1.3779733706912902
222,213,223,214,0.43652480592604087
223,214,224,215,0.7847719168335228
220,215,221,216,0.9185732007696679
224,216,225,217,1.4507548081117885
226,217,227,218,2.011647521853191
225,218,226,219,0.22334849833378717
228,219,229,220,0.8471562778699767
232,220,233,221,0.8208734317017181
233,221,234,222,0.2321869660893356
235,222,236,223,1.1563828323050853
229,223,230,224,0.6128714875698008
230,224,231,225,0.8470645481448611
234,225,235,226,0.7423655074382558
231,226,232,227,0.5742712373771369
238,227,239,228,1.3880460290223526
236,228,237,229,1.4962874664015786
240,230,241,231,1.6978200358800188
239,231,240,232,1.295681643931273
241,233,242,234,0.7548791085990934
244,234,245,235,1.2091936339471039
253,235,254,236,1.8629190613553368
243,236,244,237,1.1601883972558493
249,238,250,239,1.1599157197769299
248,240,249,241,1.8101637891450286
250,241,251,242,0.6629372167671
251,242,252,243,1.081521604054571
252,243,253,244,0.8228962007148906
255,244,256,245,0.9144565541769457
242,246,243,247,1.3212225238804058
256,247,257,248,1.2600367888760282
254,248,255,249,3.99694676974713
257,249,258,250,0.2958320300490535
259,250,260,251,0.9803768567014596
261,251,262,252,1.331562270300085
260,252,261,253,0.3802160791745847
267,254,268,255,1.8179681673448966
264,255,265,256,1.4836811643403225
265,256,266,257,0.29384773993345187
268,257,269,258,0.29464974822313544
266,258,267,259,0.46714595882788557
269,259,270,260,0.6569535242599446
270,260,271,261,0.2539028907396752
272,262,273,263,0.6871165590779776
275,265,276,266,0.8744441134629665
277,266,278,267,0.1374809264743265
276,267,277,268,0.199975281177775
278,268,279,269,0.20407109494254352
279,269,280,270,0.5055277498191407
284,270,285,271,1.3591170126175722
280,271,281,272,5.614062691699174
281,272,282,273,0.835849138690264
283,274,284,275,0.4706431314896063
288,276,289,277,0.8811588007898509
287,277,288,278,1.664644798628365
294,279,295,280,3.1803484535379782
285,280,286,281,0.8547080144490881
289,281,290,282,1.7822370089289639
293,283,294,284,0.8573942579518954
290,284,291,285,0.6146476529223268
291,285,292,286,0.7337422816947076
295,287,296,288,1.2879581683574242
299,288,300,289,0.7047222550040261
300,289,301,290,0.9146847910565847
298,290,299,291,0.7134869779961989
297,291,298,292,1.2068332688630148
301,292,302,293,1.0454816486500482
302,293,303,294,1.3114863642158519
303,294,304,295,1.021319782772547
305,295,306,296,0.7464734347751902
311,296,312,297,1.6281603767239996
307,297,308,298,0.6247738938126994
310,298,311,299,0.8269467433693417
308,299,309,300,0.8841532802149081
309,301,310,302,1.5681412355786275
312,302,313,303,0.275484054011435
313,303,314,304,0.36581601387051105
318,304,319,305,0.47464481101342143
315,305,316,306,0.49919567525924896
317,306,318,307,1.327715466379732
314,307,315,308,3.151005705533291
319,308,320,309,0.9354801821762141
316,309,317,310,0.513009520967351
320,310,321,311,0.9514125791506018
324,311,325,312,0.5723965100311812
322,312,323,313,0.8468878184451947
323,313,324,314,0.7623155048127156
321,314,322,315,0.9055805804232027
325,315,326,316,1.3482472864405337
327,316,328,317,0.6152746235930748
328,318,329,319,0.8067403572387745
331,319,332,320,0.9920293562446947
330,320,331,321,0.8067884257266557
332,322,333,323,1.058051921743152
338,323,339,324,0.5393137282657311
334,325,335,326,1.5093567592788453
333,326,334,327,0.1871571757450516
336,327,337,328,0.9481268905454759
337,328,338,329,0.8780025178716444
340,329,341,330,1.0534829930911953
339,330,340,331,1.4188746991414805
342,333,343,334,0.538354669129787
346,334,347,335,0.1891738341782765
345,337,346,338,0.9423194019745019
343,338,344,339,0.955818568005493
351,339,352,340,1.6068075290350883
350,340,351,341,0.630956490667543
352,342,353,343,0.5979252829819566
349,343,350,344,0.8222499781695896
356,344,357,345,0.9441119215666418
354,345,355,346,1.93035403323309
357,346,358,347,0.4732530300066835
359,347,360,348,0.6685567987758286
358,348,359,349,1.4298582851152977
353,349,354,350,0.5351956348868495
364,351,365,352,1.4500929509157652
362,352,363,353,1.1451182210350057
360,353,361,354,0.9547554784011527
361,354,362,355,0.7803966751487309
365,355,366,356,1.1252438899280641
366,356,367,357,0.8442084464822425
363,357,364,358,2.0512598237952457
368,358,369,359,0.8563373965671737
370,359,371,360,0.3025436712065207
367,360,368,361,2.2912917240497617
371,361,372,362,1.4286582260751777
372,362,373,363,0.742845410671476
373,364,374,365,0.5187636008533563
375,365,376,366,0.5896983402335138
374,366,375,367,0.5813263757367014
379,367,380,368,0.7096879405930828
376,368,377,369,0.2555712697794309
377,369,378,370,0.469346154818712
388,370,389,371,4.532867438604838
380,373,381,374,0.6349915407685862
382,374,383,375,1.0348787410263263
385,375,386,376,0.6305576371644847
383,376,384,377,0.46329612774370077
384,377,385,378,1.2665169763877935
387,379,388,380,2.454540918402104
386,380,387,381,1.0605988245768008
389,381,390,382,1.3355152053194141
390,382,391,383,0.23152499098167809
395,383,396,384,3.50400586775179
392,384,393,385,1.0999862334041042
393,385,394,386,0.6082275962611924
394,386,395,387,0.3298925155707749
397,387,398,388,0.3810960125085031
398,388,399,389,0.9690315639119896
399,389,400,390,0.831825291601676
400,390,401,391,0.9512820352862527
402,391,403,392,1.0407830648789094
403,392,404,393,1.6308372359644625
401,393,402,394,0.5072478651219406
407,394,408,395,0.6430295624492927
412,395,413,396,1.5832075724135726
406,396,407,397,1.0237005355723459
404,397,405,398,1.316419876618318
411,398,412,399,0.42643455194777635
413,399,414,400,0.6543772996958048
408,400,409,401,1.195940626915105
405,401,406,402,0.8083725578735085
415,403,416,404,0.9970790042317226
416,404,417,405,0.27402098231619076
414,405,415,406,0.9057952457181455
417,406,418,407,0.6728822988637388
418,407,419,408,0.34579392651424085
419,408,420,409,5.476633292057517
421,409,422,410,0.8324898138097331
425,411,426,412,1.667369684649235
422,412,423,413,3.251807721661215
427,414,428,415,0.4558820680485258
429,415,430,416,0.9016718247111952
428,416,429,417,0.5763293412745046
430,417,431,418,1.232866258662993
432,418,433,419,1.276500153626964
436,419,437,420,1.9505132376934708
434,420,435,421,1.5232515423085078
431,421,432,422,1.0987208553055035
437,424,438,425,0.7982755186397763
438,425,439,426,0.6040246845201604
439,426,440,427,1.954263013659357
442,427,443,428,0.6444392729738198
440,428,441,429,0.7833769785715733
447,429,448,430,1.6191045056793758
443,430,444,431,0.8911102678916275
445,431,446,432,1.1836363906578646
441,434,442,435,1.2935614599426404
444,435,445,436,0.6371422382311202
449,436,450,437,1.294609861760097
446,437,447,438,1.1947578949986768
451,438,452,439,0.8879488957692198
448,440,449,441,0.770499303044911
453,441,454,442,2.2257932141281294
450,442,451,443,0.5658588216491498
452,443,453,444,1.0772709918777903
456,444,457,445,3.061808703413212
454,445,455,446,1.0651056774263818
457,446,458,447,0.9187047628000257
458,447,459,448,0.5634236826477648
461,448,462,449,0.9321045184186179
462,449,463,450,1.1397920817740756
459,450,460,451,0.41238054929187695
463,451,464,452,1.0816232823546015
465,452,466,453,0.593260705264567
464,453,465,454,1.2290878508494378
469,454,470,455,1.7154114561760823
468,455,469,456,0.3570220118189291
467,456,468,457,1.8662522005514128
470,457,471,458,0.43058549701099696
472,458,473,459,1.1009781372130782
471,459,472,460,1.350548661645368
476,460,477,461,0.7587014115183754
475,462,476,463,0.7129123844014718
477,463,478,464,0.0703997881470056
473,464,474,465,0.15836296796293461
479,465,480,466,1.3070635667355552
482,466,483,467,0.35851461028533516
483,468,484,469,1.109089333936545
480,469,481,470,1.0527961076763426
486,470,487,471,1.320801375433532
485,471,486,472,0.60408941407853
487,472,488,473,0.46892616899467027
489,474,490,475,0.3144185170140622
490,475,491,476,0.9799925847879218
492,476,493,477,0.4523933542596508
491,477,492,478,0.9300989201782988
497,478,498,479,0.761386042488971
494,479,495,480,1.4700745121478827
495,480,496,481,0.5210140342480619
496,482,497,483,0.5186335213575316
499,484,500,485,0.5327455558095199
500,486,501,487,1.2041708855098487
502,488,503,489,0.6707356675760797
510,489,511,490,1.1484364303407077
509,490,510,491,2.260854053376766
504,491,505,492,1.6128824015623873
512,495,513,496,0.4854667667841083
514,496,515,497,0.9777966533718834
511,497,512,498,0.720291050595462
513,498,514,499,0.1549127838099245
517,500,518,501,0.6014480667956719
516,501,517,502,0.5546022476697053
518,502,519,503,0.5503169092879339
521,504,522,505,0.6227563436627811
524,506,525,507,0.5015783123063653
523,507,524,508,1.3455253656955977
522,508,523,509,0.44468745006916643
525,509,526,510,0.5319151203122136
526,510,527,511,1.1051751083800334
529,511,530,512,0.4956585650264568
530,513,531,514,0.3723056087656181
532,514,533,515,0.9264415363687561
528,515,529,516,3.069743282154449
533,516,534,517,1.5702657584735065
534,517,535,518,0.9805027268936597
535,518,536,519,0.9599723367104164
537,520,538,521,0.9432126888852648
538,521,539,522,6.553582363619941
539,523,540,524,0.8016976849921912
541,525,542,526,2.8010423232558446
540,526,541,527,2.190601322136477
546,527,547,528,1.6703505788197839
544,528,545,529,0.49012083621078595
548,529,549,530,1.8838625454827522
547,530,548,531,1.206602776507556
549,531,550,532,1.055693892650663
550,532,551,533,0.6428205820221903
551,533,552,534,0.40727119835509984
552,534,553,535,0.3773486106026168
555,536,556,537,1.152411906068683
554,537,555,538,0.45045666789871996
553,538,554,539,0.6179861412438986
557,539,558,540,0.6241246218718263
556,541,557,542,0.5093110204795281
558,542,559,543,0.5801653227885206
560,545,561,546,0.2863497071650639
565,546,566,547,0.5413512356030759
564,547,565,548,0.5488054100676776
566,548,567,549,0.44104128427235445
567,549,568,550,0.5120908613008692
569,551,570,552,0.36919933719402276
571,552,572,553,0.75425140910119
570,553,571,554,0.8764207133017087
568,555,569,556,1.3922948144738285
574,556,575,557,0.5253394760384298
576,558,577,559,1.471231979350037
577,559,578,560,0.18495611884918298
582,560,583,561,1.2646180717505766
578,561,579,562,0.8654761708433178
586,562,587,563,1.5932629336758155
583,563,584,564,0.43808752558527203
580,564,581,565,0.3479086222577356
579,565,580,566,0.36446883526365326
585,566,586,567,0.5904916047468577
584,567,585,568,0.9128703029812568
581,568,582,569,0.6055463905588006
587,569,588,570,1.3248578781887348
589,571,590,572,1.0977557002264369
591,573,592,574,0.9590497775010943
592,574,593,575,0.39643550810210676
588,575,589,576,1.031997602782535
593,576,594,577,0.7638896183020646
597,577,598,578,1.6779007709583411
595,579,596,580,2.331424520609299
594,580,595,581,0.2074064334985425
600,581,601,582,1.3192450436938667
598,582,599,583,1.2510942350476153
601,585,602,586,0.31267014814265415
602,586,603,587,0.9909454408389207
603,587,604,588,0.865430355538888
604,588,605,589,1.9365567190328734
605,589,606,590,0.5232888221432331
606,590,607,591,1.1230158697666104
608,591,609,592,1.0654323583788354
607,592,608,593,0.7961327562980616
610,595,611,596,2.0802209710470394
611,596,612,597,2.702120867381255
609,597,610,598,1.857450623503293
612,598,613,599,0.8629612369008437
613,600,614,601,0.40355467314534044
616,601,617,602,1.2585690593697347
618,602,619,603,2.042032883790207
620,604,621,605,2.0245283496712996
621,605,622,606,0.29740341656312985
623,606,624,607,1.9466263354603002
625,608,626,609,0.26783629194349007
624,609,625,610,0.11037282085565049
626,610,627,611,0.414052002412033
631,613,632,614,0.3625971789016627
632,614,633,615,0.24576820318511874
630,615,631,616,0.6379116919497411
634,616,635,617,0.26083987072436443
635,617,636,618,1.1000417463922807
638,619,639,620,0.8358979363682263
639,620,640,621,0.7295648855222947
641,621,642,622,0.8482219406568018
637,622,638,623,0.5914536893955681
642,623,643,624,0.8485417298153973
640,624,641,625,0.590411939854569
643,627,644,628,1.0766706640896762
645,628,646,629,0.3531790056288059
647,629,648,630,0.6756021012683737
648,630,649,631,0.38269796518531274
649,631,650,632,1.1702858630238038
652,634,653,635,0.5459567523748464
651,635,652,636,1.001519271068527
653,636,654,637,0.03052918913777536
654,637,655,638,0.42424271317010936
656,638,657,639,1.0148663925099626
657,639,658,640,0.5306156791526718
658,640,659,641,0.42753928401676805
659,644,660,645,0.7122156587050881
660,645,661,646,0.811796013250411
663,646,664,647,1.3905797886405273
661,647,662,648,0.5269689443335716
662,648,663,649,0.17892775736991984
665,649,666,650,0.7405720502513757
666,650,667,651,0.37118616148332406
668,651,669,652,0.9339563395353672
667,652,668,653,0.62624893852774
670,653,671,654,1.0428705934020022
671,654,672,655,1.123212776544861
669,655,670,656,0.8782776328093167
672,656,673,657,0.4722013478452308
673,657,674,658,1.574195862563309
674,658,675,659,1.0147766274068644
676,659,677,660,0.5895267541217926
678,660,679,661,1.062580309053158
675,661,676,662,0.9840891253698798
681,662,682,663,2.968014190672038
677,663,678,664,0.7185309070958046
679,664,680,665,1.2307529257004295
680,665,681,666,0.2099350656156924
682,666,683,667,2.031275092371977
688,667,689,668,2.334332127258699
683,668,684,669,0.8010772616307843
687,669,688,670,0.24573531121614067
690,670,691,671,1.9774469805106925
684,671,685,672,0.1948521275395819
685,672,686,673,0.13729964848504664
689,673,690,674,1.5249555917111972
686,674,687,675,0.36104355152397194
692,675,693,676,0.8081929825461277
693,676,694,677,1.0776502797666827
694,677,695,678,0.5614373884402479
691,678,692,679,0.7313651527723838
695,679,696,680,8.012805778785827
700,681,701,682,1.1108828226691176
697,682,698,683,0.5278243907544311
699,683,700,684,0.5983452799475051
702,684,703,685,2.281653891103448
698,685,699,686,0.48108353868341114
701,686,702,687,0.8066449976909187
703,687,704,688,0.23904082511858868
704,689,705,690,2.5789157840042396
705,690,706,691,1.799173443550896
706,691,707,692,0.47563544635126803
708,692,709,693,0.5409340262741674
710,693,711,694,0.6775353610243419
707,694,708,695,1.2737646079154914
709,695,710,696,0.37259782253043655
714,697,715,698,0.17606925611442134
720,698,721,699,0.6278254604381279
717,700,718,701,2.263603193813111
713,701,714,702,1.2336630369596524
716,702,717,703,1.0665039724926277
718,703,719,704,0.8280856005135859
719,704,720,705,1.419880623326817
723,705,724,706,0.4837455548377293
725,706,726,707,1.8275331826100516
722,708,723,709,0.569239938671591
724,710,725,711,2.3490049611851695
729,711,730,712,0.7808145702366027
728,712,729,713,0.4058606641920989
727,713,728,714,0.5586325003296435
731,714,732,715,0.6058906376567866
732,715,733,716,0.3269626300851285
733,716,734,717,0.6554498742859127
740,717,741,718,1.9257435829879395
735,718,736,719,1.0907216917521088
734,719,735,720,2.2034187483471115
736,720,737,721,0.48689765695662335
737,721,738,722,0.7340741790758858
739,722,740,723,1.1269616696244813
738,723,739,724,0.5889964767018212
741,724,742,725,1.950918437874986
742,725,743,726,1.232687987819432
743,726,744,727,0.13927906859701286
744,727,745,728,0.9971686704005953
745,728,746,729,0.5429788000591942
746,730,747,731,0.5909760552619269
752,731,753,732,1.5441363718012433
747,732,748,733,0.5665225061762105
755,733,756,734,5.291900910530351
753,735,754,736,0.3156458095837859
751,736,752,737,0.5499923350794249
757,737,758,738,0.3794000155333557
750,739,751,740,0.6069993312303404
758,740,759,741,0.5253059105293476
756,741,757,742,0.4942049682957231
759,742,760,743,0.7780044903229194
760,743,761,744,0.8846194145266256
766,745,767,746,2.1361643532604235
761,746,762,747,0.8170467730872403
764,747,765,748,0.6315762808438656
765,748,766,749,1.0703482441311751
762,749,763,750,0.6052754998924126
768,751,769,752,2.1449078916469047
770,755,771,756,1.0568999726297539
771,758,772,759,0.8516205816373271
773,759,774,760,2.440681442390409
777,760,778,761,0.9135944843158504
775,761,776,762,0.2617067933889627
776,763,777,764,0.96930298013421
774,764,775,765,1.0516453457803405
780,766,781,767,1.4965625890141907
784,767,785,768,0.4470759890615224
781,768,782,769,1.4644609884947322
782,769,783,770,0.2905939640308408
790,770,791,771,1.2152353885649743
788,771,789,772,0.28819415328889664
787,772,788,773,0.33363614502641115
792,773,793,774,1.0097619415911847
783,774,784,775,2.9513886344417117
793,775,794,776,3.2192571516574566
791,776,792,777,0.37555944698713306
789,777,790,778,0.7225025529811354
795,778,796,779,0.1940893227147214
798,779,799,780,0.9386222098254978
797,780,798,781,1.040895337000649
796,781,797,782,0.8191812849197035
800,783,801,784,0.3303807419989936
801,784,802,785,0.685401153817637
803,785,804,786,0.42560491769655534
805,786,806,787,0.8689956823619975
804,787,805,788,0.6088969360978026
808,788,809,789,0.6628292596088666
809,789,810,790,3.096725510792499
810,790,811,791,0.5067296757670269
814,792,815,793,0.45290603294311227
811,793,812,794,0.26319247563991033
813,794,814,795,0.651265217452676
816,795,817,796,1.1758032845554258
812,796,813,797,0.2725670038995378
818,797,819,798,1.0721792167037838
819,798,820,799,0.7452143432163086
817,799,818,800,0.7859156657751866
822,800,823,801,0.627325242553731
824,801,825,802,1.5950163674329763
820,802,821,803,0.5780261659227153
821,803,822,804,0.523903649271971
825,804,826,805,0.720068277177629
826,805,827,806,0.9406464681547609
837,807,838,808,1.6947608376332464
828,808,829,809,0.4653522150139705
831,809,832,810,0.7614464229975606
827,811,828,812,0.5939708894834315
834,812,835,813,1.2512268951246621
833,813,834,814,1.1221883718806687
832,814,833,815,0.7745129643724493
835,815,836,816,0.48266805389742323
836,816,837,817,1.7786541537800435
830,817,831,818,0.39252889114267353
839,819,840,820,1.716533830122075
838,820,839,821,0.8075661372426823
841,822,842,823,0.8224891973926167
846,824,847,825,0.2948171526237042
845,825,846,826,0.41764687772763687
849,827,850,828,0.3882158651775609
850,828,851,829,0.22504046079613077
851,829,852,830,0.4388800869032771
848,830,849,831,1.7691847053324825
853,831,854,832,0.07544874988235324
852,832,853,833,1.050614106707178
854,833,855,834,0.33139666842722776
856,835,857,836,1.089765644344404
860,836,861,837,1.1354545004229635
857,837,858,838,1.5135421576284371
862,838,863,839,0.6477311890637257
858,839,859,840,2.1964249716410182
859,840,860,841,0.7571121272356764
861,841,862,842,0.44142189693680633
863,842,864,843,1.2459533358304231
865,843,866,844,0.22541007885614983
866,844,867,845,1.287389218837276
868,845,869,846,1.2838224711241102
867,846,868,847,1.222945237989269
869,847,870,848,1.2437686570760151
871,850,872,851,0.7806168690145665
874,851,875,852,0.28884165271956486
872,852,873,853,0.45834473995680486
875,854,876,855,0.8834133672143829
876,856,877,857,1.5539881924008996
880,857,881,858,0.39814270221404596
882,858,883,859,0.43076430493888124
883,859,884,860,0.8214422339643426
881,860,882,861,0.6916596201557537
884,861,885,862,0.9336601314122593
885,862,886,863,0.8484424535581009
886,863,887,864,0.8867246659962226
888,864,889,865,0.7896734551782315
887,865,888,866,0.670718134985828
889,866,890,867,0.4043068790967031
891,867,892,868,0.7496155961813018
892,868,893,869,0.8613828891486887
895,869,896,870,1.4964552359484378
890,870,891,871,3.66250678660485
893,871,894,872,0.3938976604200194
896,873,897,874,0.4024194870460511
894,875,895,876,0.7132325069754948
897,876,898,877,0.7634846206313287
902,877,903,878,1.8896234462877646
899,878,900,879,1.15515229242469
903,879,904,880,0.5159705948753057
900,881,901,882,0.4888758427173141
901,882,902,883,0.9983971782770125
907,884,908,885,0.5282933328209243
908,885,909,886,0.9509592767890395
909,888,910,889,0.6634259928588817
904,889,905,890,1.3621392320367545
910,890,911,891,0.20477770781062038
912,892,913,893,0.5215309569130118
914,893,915,894,0.16367512021078387
915,894,916,895,0.8050238048115379
917,895,918,896,0.41992498033146447
918,898,919,899,0.055061968039443236
919,899,920,900,0.30275517587786765
921,900,922,901,0.25693230774902126
916,901,917,902,0.7548223583613495
920,902,921,903,1.8946759241401738
926,903,927,904,2.560871544613309
922,904,923,905,0.8447168293335233
923,905,924,906,0.5908948414734998
924,906,925,907,0.1803795894167387
925,907,926,908,0.42630293185841933
927,909,928,910,0.6901593376517284
930,911,931,912,0.8845087020180316
931,912,932,913,0.9727988300522841
932,914,933,915,1.1293353142742286
934,915,935,916,0.48047390157490355
936,916,937,917,0.3111092732651024
939,917,940,918,0.41251529033470596
940,918,941,919,0.2130924273185776
942,919,943,920,1.3729797595154514
946,921,947,922,0.782054835593673
945,922,946,923,0.5140745387536177
947,923,948,924,0.2027628064264442
948,925,949,926,1.1871161875451735
949,926,950,927,0.5896182402579703
951,927,952,928,0.9787500332065219
950,928,951,929,4.422080706253625
953,929,954,930,0.6791134728394767
954,930,955,931,0.782331131052584
958,931,959,932,0.6863621385264645
955,932,956,933,0.35034543557840875
957,933,958,934,0.6587037030574292
960,934,961,935,1.2456393496973066
956,935,957,936,0.29105768439771296
961,936,962,937,1.0443447908802264
963,937,964,938,0.7748380251391326
962,938,963,939,1.0395857792717527
964,939,965,940,0.20305689063274854
966,940,967,941,0.5550109455063934
968,942,969,943,0.5244103097061757
967,943,968,944,0.5310580704289506
965,944,966,945,0.3434119197104207
969,945,970,946,0.7982433718416403
970,946,971,947,0.2941027362832159
971,947,972,948,0.6269459084807966
975,948,976,949,0.9398459395489321
973,949,974,950,0.21951155676378822
972,950,973,951,1.2201553055256495
980,953,981,954,1.1770392736054736
977,955,978,956,0.2565634022742037
981,956,982,957,4.6260332278186045
976,957,977,958,1.210248747367311
982,960,983,961,1.009366787230134
984,961,985,962,1.1448598242815342
985,962,986,963,0.8400240251236277
989,963,990,964,0.7801491232081658
986,964,987,965,0.8375832153523866
988,965,989,966,0.8751497422955334
987,966,988,967,0.7270030025603762
991,967,992,968,1.0989436580466923
995,968,996,969,1.0690104344745035
990,969,991,970,0.5776643078540209
993,970,994,971,0.36541531446569087
994,972,995,973,0.9795728608279025
996,973,997,974,0.514960799190345
997,974,998,975,0.8713196704891802
1000,977,1001,978,0.7962045418852444
999,979,1000,980,1.4681219715787563
1002,980,1003,981,0.5701332446448721
1001,981,1002,982,0.2745346503157709
1003,982,1004,983,0.08738068462982121
1004,983,1005,984,1.1440533237019117
1005,984,1006,985,0.35757459862015106
1009,987,1010,988,0.7096300434470542
1011,990,1012,991,0.7636194384234318
1013,991,1014,992,0.3762403429130893
1014,992,1015,993,0.46551836241341465
1017,994,1018,995,0.8296058541463711
1015,995,1016,996,0.1312437559176572
1024,996,1025,997,0.7937563034686512
1020,997,1021,998,0.46106455082661857
1016,998,1017,999,0.9163940116165574
1023,999,1024,1000,6.0020282393151385
1018,1000,1019,1001,1.550962495630833
1026,1001,1027,1002,0.9524626044548465
1019,1002,1020,1003,0.4018679301051357
1030,1009,1031,1010,0.9827679191600124
1029,1010,1030,1011,1.1352382040011875
1031,1012,1032,1013,0.39980592554128425
1043,1013,1044,1014,2.2497396671597523
1033,1014,1034,1015,0.20908686900010248
1032,1015,1033,1016,0.34919158038051246
1037,1017,1038,1018,0.5157422230245156
1034,1018,1035,1019,0.9587917437982569
1036,1019,1037,1020,0.4640121464617581
1039,1022,1040,1023,0.8054465988727229
1044,1023,1045,1024,1.053656066404046
1045,1024,1046,1025,0.7616583501464098
1040,1025,1041,1026,0.7479665265032006
1041,1026,1042,1027,1.0349654224942972
1042,1027,1043,1028,0.637448495232305
1046,1028,1047,1029,0.40260565712018925
1028,1029,1029,1030,4.071943961159003
1047,1031,1048,1032,0.907744110740532
1048,1032,1049,1033,0.5099014287604449
1054,1033,1055,1034,0.43267609534473117
1051,1034,1052,1035,0.8113376952896922
1053,1036,1054,1037,0.5482286775641299
1050,1038,1051,1039,0.19189449354927401
1055,1039,1056,1040,5.006251627075832
1056,1040,1057,1041,0.19155995626703232
1057,1041,1058,1042,0.7387789075505843
1058,1042,1059,1043,7.22510380198313
1060,1043,1061,1044,0.994379689748332
1061,1044,1062,1045,0.2069308992509073
1062,1045,1063,1046,0.41357968676742457
1065,1046,1066,1047,0.03199232452942435
1063,1047,1064,1048,0.2538217593193664
1066,1048,1067,1049,0.7383842470740475
1067,1049,1068,1050,0.8973344354213294
1059,1050,1060,1051,1.010408884703568
1070,1051,1071,1052,0.5857036009232697
1069,1052,1070,1053,0.6400556643328285
1073,1054,1074,1055,1.1516015179849735
1072,1056,1073,1057,0.4702010560148719
1075,1057,1076,1058,1.726481980490135
1078,1059,1079,1060,0.8895707049243934
1076,1060,1077,1061,0.8284412788191082
1077,1061,1078,1062,0.3483409962218352
1080,1063,1081,1064,2.2689617149166548
1083,1065,1084,1066,0.9075513609803881
1084,1066,1085,1067,0.2183542842831118
1081,1067,1082,1068,0.8981141991138107
1086,1068,1087,1069,0.6485888049274301
1089,1070,1090,1071,0.5568619715135845
1088,1071,1089,1072,0.7509817438649772
1095,1073,1096,1074,0.9934142984776966
1092,1074,1093,1075,0.5687669132004318
1090,1075,1091,1076,1.877366534956728
1093,1076,1094,1077,0.2983713346083613
1096,1077,1097,1078,0.7299951112207226
1094,1078,1095,1079,0.7735709798260445
1098,1079,1099,1080,1.115251651228274
1104,1080,1105,1081,3.932388071896704
1101,1081,1102,1082,0.6371549417627834
1099,1082,1100,1083,0.5303433166042479
1103,1085,1104,1086,0.808309322609028
1105,1086,1106,1087,0.4552222805281551
1106,1087,1107,1088,0.777306370002929
1108,1088,1109,1089,0.14948846731431448
1109,1090,1110,1091,0.8669978671081248
1111,1091,1112,1092,0.329115698536014
1112,1092,1113,1093,0.8132777566210923
1113,1093,1114,1094,0.576621714728355
1114,1094,1115,1095,1.1228247889767056
1116,1095,1117,1096,0.606836571254866
1117,1096,1118,1097,0.6339339856760158
1115,1097,1116,1098,0.09510159112573961
1120,1098,1121,1099,1.0351944674780218
1118,1099,1119,1100,0.5337356778143039
1128,1100,1129,1101,3.1541165232886694
1119,1101,1120,1102,0.5649030814447396
1123,1102,1124,1103,0.8281706273648352
1121,1103,1122,1104,1.9822007765863534
1122,1104,1123,1105,0.22681098115308007
1124,1105,1125,1106,2.0645095387086685
1125,1107,1126,1108,0.64768376014871
1132,1108,1133,1109,0.7965963782615163
1135,1109,1136,1110,1.1181339008470352
1131,1110,1132,1111,1.588713462121175
1134,1111,1135,1112,0.33175492792191286
1136,1112,1137,1113,0.160178588375797
1137,1113,1138,1114,0.858551507285212
1138,1114,1139,1115,0.6325918732606548
1141,1116,1142,1117,0.5264745876569871
1139,1117,1140,1118,0.9071736833104099
1140,1119,1141,1120,0.34773223371243905
1143,1120,1144,1121,0.21408701048303416
1146,1121,1147,1122,0.3134434732326142
1145,1122,1146,1123,1.4908979624880165
1144,1123,1145,1124,0.36524649288287897
1147,1124,1148,1125,0.6024953910017813
1148,1125,1149,1126,0.15946006932725337
1149,1126,1150,1127,1.2644039467908514
1151,1127,1152,1128,1.05659628654092
1150,1128,1151,1129,0.44838899185995273
1153,1129,1154,1130,0.5670277903367944
1158,1130,1159,1131,2.532597450273338
1152,1131,1153,1132,0.6075400891846773
1164,1132,1165,1133,2.428380122787333
1154,1133,1155,1134,0.6170651256951402
1159,1134,1160,1135,2.4998404920209403
1157,1135,1158,1136,0.9307262603060469
1156,1136,1157,1137,0.4187598364580137
1160,1138,1161,1139,0.634103959703137
1162,1139,1163,1140,2.861940864026273
1163,1140,1164,1141,0.2580840562253407
1166,1142,1167,1143,0.4428441911216163
1169,1143,1170,1144,0.277647371605398
1170,1144,1171,1145,0.6560730944795831
1172,1145,1173,1146,0.6102558623807193
1168,1146,1169,1147,0.27458807244424704
1173,1147,1174,1148,0.5289843515657057
1174,1148,1175,1149,0.4640157652591857
1175,1149,1176,1150,0.29311881435412773
1177,1152,1178,1153,0.5126753874302655
1180,1154,1181,1155,0.16136299845537272
1178,1155,1179,1156,0.2560956124179747
1182,1156,1183,1157,0.5034301052177416
1183,1157,1184,1158,0.4215624963539073
1184,1158,1185,1159,0.4599310197758998
1185,1159,1186,1160,0.4474785279671447
1186,1160,1187,1161,0.1754203740170917
1189,1161,1190,1162,1.4386346575757882
1187,1162,1188,1163,1.1657503612061506
1188,1163,1189,1164,1.0598412818951202
1191,1164,1192,1165,0.771405733080087
1199,1166,1200,1167,0.788118884993642
1198,1167,1199,1168,0.24284433207432962
1194,1168,1195,1169,0.457191266245165
1192,1169,1193,1170,0.8554223397620295
1193,1170,1194,1171,0.46037520806430937
1196,1171,1197,1172,1.0044653829689203
1195,1172,1196,1173,0.6445370394999388
1200,1173,1201,1174,0.6354892440193984
1202,1174,1203,1175,0.8681260088596905
1203,1175,1204,1176,0.5765369408264395
1201,1176,1202,1177,3.3519797077269535
1204,1177,1205,1178,0.39210573833573886
1205,1178,1206,1179,0.4417075773985115
1207,1179,1208,1180,0.6223450894453777
1206,1180,1207,1181,0.7609797307205501
1208,1181,1209,1182,1.4556373792091808
1209,1182,1210,1183,0.3190405267166328
1210,1183,1211,1184,1.0933154601113946
1211,1184,1212,1185,0.353869493471882
1213,1185,1214,1186,0.7362416341380666
1214,1186,1215,1187,0.45538512464052694
1220,1187,1221,1188,1.0104950957924825
1212,1189,1213,1190,0.6394444214821953
1215,1190,1216,1191,0.7599664655161168
1216,1191,1217,1192,0.44281450943789924
1218,1192,1219,1193,2.494845105155763
1219,1193,1220,1194,0.7572974830929529
1223,1194,1224,1195,0.4102385835183083
1221,1195,1222,1196,0.6402317312351634
1222,1196,1223,1197,1.5812305580215922
1224,1197,1225,1198,1.0071129366041571
1225,1198,1226,1199,0.4887915487160326
1226,1199,1227,1200,0.8111886846826117
1227,1200,1228,1201,0.586710726463348
1228,1201,1229,1202,0.24925354050708928
1229,1202,1230,1203,0.29125133278048576
1230,1204,1231,1205,0.729744803760729
1231,1205,1232,1206,0.4448216064161366
1232,1206,1233,1207,0.7210481892079124
1238,1207,1239,1208,1.6024645362059533
1235,1208,1236,1209,0.1369530964536979
1233,1209,1234,1210,0.527574917075301
1234,1210,1235,1211,0.9640587728517019
1240,1212,1241,1213,0.5392650131364433
1239,1213,1240,1214,0.4944673674587045
1241,1214,1242,1215,0.3993029797461933
1248,1217,1249,1218,1.9236107392580155
1246,1218,1247,1219,0.5060436076268613
1245,1219,1246,1220,0.27853174509429734
1243,1220,1244,1221,4.189725403164135
1244,1221,1245,1222,0.446039324168826
1249,1222,1250,1223,1.2656532619265333
1250,1223,1251,1224,0.4193297111607149
1251,1224,1252,1225,0.3390381024009796
1256,1225,1257,1226,0.6804746882940643
1252,1226,1253,1227,0.22348382352091042
1254,1227,1255,1228,0.6853705797128036
1261,1228,1262,1229,2.6219988262095777
1259,1229,1260,1230,0.8671898521572593
1253,1230,1254,1231,0.40463511673131725
1258,1231,1259,1232,0.8581181444384515
1260,1234,1261,1235,0.9896163854590215
1262,1235,1263,1236,1.174331479095706
1263,1236,1264,1237,1.288053540734609
1267,1237,1268,1238,1.0799485605952466
1265,1238,1266,1239,1.4463336503080906
1264,1239,1265,1240,0.2189904886994332
1266,1240,1267,1241,0.5484221714912688
1268,1241,1269,1242,0.3061730508380414
1270,1242,1271,1243,0.9501237186572218
1269,1243,1270,1244,0.037825416028848126
1271,1244,1272,1245,0.1776401235267009
1272,1245,1273,1246,0.9992004695435811
1274,1248,1275,1249,0.5421820737121302
1273,1249,1274,1250,0.5751425312915327
1275,1250,1276,1251,1.2789050152934758
1276,1251,1277,1252,1.1299529106229484
1279,1252,1280,1253,0.6364788734670971
1280,1253,1281,1254,1.0484421421274137
1277,1254,1278,1255,2.4738814845182286
1282,1255,1283,1256,0.7111957981953148
1281,1256,1282,1257,0.3183002425204447
1283,1257,1284,1258,2.112404931329879
1284,1258,1285,1259,0.27748163172347223
1285,1259,1286,1260,0.2302928217456509
1290,1262,1291,1263,0.9183116043447327
1289,1263,1290,1264,0.17864467948701196
1292,1264,1293,1265,0.45735169907539414
1291,1265,1292,1266,1.4058216513235324
1288,1266,1289,1267,0.6735397728479308
1293,1267,1294,1268,0.39882519195657967
1294,1268,1295,1269,0.3508866329939016
1296,1269,1297,1270,0.8963588784798292
1295,1270,1296,1271,0.9974550186437936
1300,1272,1301,1273,0.9764043354395324
1301,1275,1302,1276,2.2694471498150635
1302,1276,1303,1277,0.5521102663871915
1303,1278,1304,1279,0.2220259914509856
1304,1279,1305,1280,0.2987835620645326
1307,1284,1308,1285,1.2092081089847238
1308,1285,1309,1286,1.1344096086083977
1306,1286,1307,1287,0.9573348003564048
1311,1288,1312,1289,0.32552149265397756
1310,1289,1311,1290,1.17631666077006
1312,1291,1313,1292,5.943920467619849
1313,1292,1314,1293,0.43878796580282153
1314,1293,1315,1294,1.314779187689288
1315,1294,1316,1295,1.165721761994181
1316,1295,1317,1296,0.8466428456610655
1317,1296,1318,1297,0.3244537947152777
1320,1297,1321,1298,4.647340384641446
1321,1298,1322,1299,0.7017455791158279
1323,1300,1324,1301,0.07933527250774129
1318,1301,1319,1302,1.5151059360503332
1324,1302,1325,1303,0.6182926774446494
1331,1304,1332,1305,0.899841933333342
1328,1305,1329,1306,0.4302692888846942
1327,1308,1328,1309,2.658888143198647
1330,1309,1331,1310,1.4006295485896707
1333,1311,1334,1312,1.4203225349439563
1334,1312,1335,1313,1.0893454815269275
1336,1313,1337,1314,0.8889515314048748
1335,1314,1336,1315,1.2068021745804627
1337,1315,1338,1316,2.8036534189848354
1339,1316,1340,1317,0.545921524720294
1342,1318,1343,1319,1.0593333599497152
1343,1320,1344,1321,0.4477448220545945
1344,1321,1345,1322,0.7283965679215337
1345,1322,1346,1323,1.39998009229385
1348,1323,1349,1324,0.7137109044868841
1349,1324,1350,1325,1.0094542294511974
1346,1325,1347,1326,1.610394395838063
1351,1326,1352,1327,1.0303844776003412
1350,1327,1351,1328,1.4954473503205188
1353,1329,1354,1330,1.2885627743770862
1356,1330,1357,1331,1.3119947943975494
1357,1332,1358,1333,1.1586595851708612
1361,1333,1362,1334,1.1944261112784418
1363,1334,1364,1335,1.4962730232452628
1365,1335,1366,1336,1.2219275796197198
1364,1336,1365,1337,1.3762484409318754
1362,1337,1363,1338,1.2583005305518624
1367,1338,1368,1339,0.8550247033564341
1368,1340,1369,1341,4.158171440857794
1358,1341,1359,1342,9.751694454555276
1377,1342,1378,1343,1.0919688285039826
1375,1343,1376,1344,2.7755194187118555
1374,1345,1375,1346,0.7756082696094687
1376,1347,1377,1348,1.2260436440453533
1379,1348,1380,1349,0.4455943289781822
1370,1349,1371,1350,2.2072690891275664
1381,1353,1382,1354,0.7091794490730926
1380,1354,1381,1355,0.9599853355306938
1386,1355,1387,1356,2.523023169951421
1384,1356,1385,1357,0.49966141772918277
1385,1357,1386,1358,0.24794510946665865
1382,1359,1383,1360,1.8007529783689624
1387,1360,1388,1361,0.793189993047774
1389,1361,1390,1362,0.9864454940474889
1393,1362,1394,1363,3.397692129889293
1390,1364,1391,1365,1.385271475505121
1397,1366,1398,1367,5.147939302453698
1394,1367,1395,1368,2.6974742177682813
1396,1369,1397,1370,1.3657726344296273
1398,1372,1399,1373,0.2649982105724499
1399,1373,1400,1374,0.5028161052547382
1400,1374,1401,1375,1.5736309736753047
1406,1375,1407,1376,2.614058417531052
1403,1377,1404,1378,2.0091384735509057
1402,1378,1403,1379,0.905211972218838
1407,1380,1408,1381,1.0476548859169967
1404,1381,1405,1382,0.9040687053511827
1411,1382,1412,1383,2.869588547960257
1417,1384,1418,1385,2.4966789542274888
1409,1385,1410,1386,2.694010001844202
1415,1388,1416,1389,1.2505678128411062
1412,1389,1413,1390,0.5027769180719681
1410,1391,1411,1392,6.218089690691747
1419,1393,1420,1394,1.411619440013545
1420,1394,1421,1395,1.3474057071747343
1423,1395,1424,1396,0.3574965088909097
1425,1396,1426,1397,0.29409938110361367
1421,1398,1422,1399,1.3212474610534921
1424,1399,1425,1400,1.2816263634412157
1430,1401,1431,1402,1.9768797411595256
1429,1402,1430,1403,0.5142834314326364
1428,1404,1429,1405,2.265522496076224
1434,1408,1435,1409,0.31879727606579983
1432,1409,1433,1410,1.3746404883353032
1438,1410,1439,1411,2.9929156105082924
1435,1411,1436,1412,1.438603401374403
1437,1412,1438,1413,0.3351181515531705
1440,1415,1441,1416,0.7155156733629651
1439,1416,1440,1417,1.2102294435885717
1442,1417,1443,1418,0.9567519702609023
1444,1418,1445,1419,0.5531550063729506
1445,1419,1446,1420,0.779139667667185
1441,1420,1442,1421,2.138335190933726
1447,1421,1448,1422,2.080713232690081
1443,1422,1444,1423,2.068852354614365
1448,1423,1449,1424,0.7373142138769879
1449,1424,1450,1425,1.1214389760317933
1450,1425,1451,1426,0.7165066089453792
1454,1427,1455,1428,0.3659002356737899
1455,1428,1456,1429,1.1854960070255316
1452,1429,1453,1430,1.9119237518214356
1453,1430,1454,1431,0.9932185042206834
1456,1431,1457,1432,0.0867066241503611
1459,1432,1460,1433,0.5203734862767945
1458,1433,1459,1434,0.4673949475728339
1461,1434,1462,1435,3.062983484423257
1460,1435,1461,1436,1.0957578235114378
1464,1437,1465,1438,0.6439071654953242
1457,1438,1458,1439,1.9738454864278374
1466,1439,1467,1440,0.21343018293849186
1462,1441,1463,1442,1.8182568645626314
1472,1442,1473,1443,1.017820240616733
1468,1443,1469,1444,0.6243964614974219
1469,1444,1470,1445,1.7474412912016202
1471,1445,1472,1446,1.4193059736600502
1470,1447,1471,1448,2.864590066912272
1474,1448,1475,1449,0.2934554059583727
1475,1449,1476,1450,2.4914905540534202
1477,1450,1478,1451,2.529301614953772
1484,1451,1485,1452,0.7586111928061662
1485,1452,1486,1453,0.8668794832101363
1479,1453,1480,1454,1.1950516298140759
1482,1455,1483,1456,0.3044921368526286
1486,1456,1487,1457,0.7183829391243122
1480,1457,1481,1458,2.4072806658176895
1491,1458,1492,1459,0.48062910154137345
1488,1459,1489,1460,0.7943331729149131
1494,1461,1495,1462,0.8311553375102759
1499,1463,1500,1464,2.602375622916819
1495,1466,1496,1467,2.973436480673696
1487,1468,1488,1469,1.9986259836053522
1489,1469,1490,1470,2.534188702382439
1498,1470,1499,1471,0.6851156147865884
1500,1471,1501,1472,1.1839351633698025
1502,1473,1503,1474,2.110850812750048
1512,1475,1513,1476,0.3317883273844919
1497,1476,1498,1477,4.899804985373881
1511,1477,1512,1478,1.2645384536462054
1510,1478,1511,1479,0.7531663814180897
1508,1479,1509,1480,1.9223702633766022
1509,1482,1510,1483,0.6190102704304951
1516,1486,1517,1487,0.5149863803159679
1515,1488,1516,1489,1.1975002462969302
1520,1489,1521,1490,0.9243829520116993
1525,1490,1526,1491,0.4127625797494285
1522,1493,1523,1494,0.9740261555397066
1527,1494,1528,1495,1.605106544655439
1518,1495,1519,1496,1.093069354635107
1519,1496,1520,1497,1.6559356226206345
1521,1499,1522,1500,2.066878751682844
1529,1501,1530,1502,2.2150658667710506
1536,1502,1537,1503,0.7238291141060256
1532,1503,1533,1504,0.46346139440270545
1533,1504,1534,1505,1.023097633275952
1537,1505,1538,1506,0.6201945601921143
1534,1508,1535,1509,1.965310984313725
1539,1509,1540,1510,1.6427361033222643
1542,1512,1543,1513,0.9729999126407082
1547,1514,1548,1515,0.4086922806879116
1548,1515,1549,1516,0.24686982037810215
1546,1517,1547,1518,1.3506817229039434
1549,1518,1550,1519,1.033294850936802
1554,1519,1555,1520,0.9343630769628618
1553,1520,1554,1521,1.3053769347175075
1557,1521,1558,1522,0.553946851638833
1545,1522,1546,1523,5.136356628331572
1555,1523,1556,1524,0.5324800582162166
1556,1524,1557,1525,1.896808205359357
1558,1525,1559,1526,0.7487088313084935
1559,1526,1560,1527,1.5471893248496977
1563,1527,1564,1528,0.8172489512694948
1564,1528,1565,1529,0.5998627373767238
1562,1530,1563,1531,1.5607330008498073
1567,1531,1568,1532,0.2526022490935453
1568,1532,1569,1533,0.5465239617722891
1560,1534,1561,1535,1.7713845015120668
1561,1535,1562,1536,2.5015743531661423
1566,1536,1567,1537,0.776895528966322
1579,1539,1580,1540,1.9099204207787874
1570,1540,1571,1541,1.1651993839113997
1571,1541,1572,1542,0.6121946422312617
1569,1543,1570,1544,1.8610345539105813
1573,1544,1574,1545,0.24544618783741393
1572,1545,1573,1546,0.6217399456258722
1575,1546,1576,1547,2.534166074376946
1578,1547,1579,1548,3.154517366169491
1576,1548,1577,1549,1.0821966965062666
1581,1549,1582,1550,1.827396207481439
1577,1550,1578,1551,1.445338265573174
1582,1551,1583,1552,0.08098031057815142
1580,1552,1581,1553,0.4910100054876689
1574,1553,1575,1554,2.0283764951858316
1585,1555,1586,1556,1.2144418528245395
1588,1558,1589,1559,1.3501211321519657
1596,1559,1597,1560,0.34737057638190333
1597,1560,1598,1561,0.817925862882876
1590,1561,1591,1562,0.5033401175377945
1592,1562,1593,1563,0.6476652834747733
1594,1563,1595,1564,1.148022213540185
1598,1565,1599,1566,0.3656796807810133
1595,1567,1596,1568,1.9591919844499353
1591,1568,1592,1569,2.0339592437054623
1599,1569,1600,1570,0.9459718897487256
1600,1570,1601,1571,1.4109092683111786
1601,1571,1602,1572,0.8978752507214036
1606,1575,1607,1576,0.9218212062552719
1603,1576,1604,1577,1.3913183568526424
1609,1578,1610,1579,0.9208558050999505
1607,1579,1608,1580,1.8861303768647293
1602,1580,1603,1581,2.254124537462931
1610,1583,1611,1584,1.4132220247277645
1615,1585,1616,1586,0.20828384294515517
1614,1586,1615,1587,0.4976709143669263
1617,1587,1618,1588,1.1799653569227306
1612,1588,1613,1589,2.523450818825494
1618,1589,1619,1590,0.24204955271267867
1616,1591,1617,1592,1.6133105622119874
1620,1592,1621,1593,0.4708981079573892
1630,1593,1631,1594,2.654938660317666
1622,1594,1623,1595,0.9118022931376755
1623,1595,1624,1596,1.1144726515552659
1624,1596,1625,1597,2.0377232620443566
1621,1597,1622,1598,4.316130731083482
1625,1598,1626,1599,0.7801371288797595
1627,1600,1628,1601,0.5433364616538524
1628,1601,1629,1602,0.6798547836796341
1629,1602,1630,1603,1.6944277005198076
1637,1603,1638,1604,1.270307968516914
1631,1604,1632,1605,2.2190652551945815
1632,1605,1633,1606,1.5658713949473209
1633,1606,1634,1607,1.6836295282217442
1639,1607,1640,1608,0.6894876873131645
1641,1610,1642,1611,0.932941179593769
1640,1611,1641,1612,0.8751998429556831
1635,1612,1636,1613,4.7311527722880085
1638,1613,1639,1614,0.9262912153705867
1643,1614,1644,1615,0.30336206297355245
1644,1615,1645,1616,1.4613922011054106
1648,1616,1649,1617,0.7372903108896456
1646,1617,1647,1618,0.6094393056437536
1647,1618,1648,1619,1.4669217206597351
1650,1619,1651,1620,0.49413347179503686
1656,1620,1657,1621,0.4366490013659415
1652,1621,1653,1622,0.9207475662681959
1653,1622,1654,1623,3.651145250200558
1649,1623,1650,1624,1.8407899713453886
1657,1625,1658,1626,0.6152989918689251
1659,1627,1660,1628,3.302882931977576
1661,1629,1662,1630,0.07389484291989545
1660,1630,1661,1631,1.2404073854266169
1662,1633,1663,1634,0.6083392690093237
1667,1634,1668,1635,0.21834910120664325
1664,1635,1665,1636,0.9928424021625052
1665,1636,1666,1637,1.846388486591317
1674,1638,1675,1639,0.5492182386649325
1671,1639,1672,1640,0.23780994390141627
1680,1640,1681,1641,1.065019723252588
1669,1641,1670,1642,3.1345783526103146
1676,1642,1677,1643,1.1680795910135773
1672,1643,1673,1644,1.4011754270475816
1677,1644,1678,1645,1.104121728527803
1673,1645,1674,1646,1.7133501476887834
1678,1647,1679,1648,0.660002591533615
1681,1648,1682,1649,1.1977930381184447
1682,1649,1683,1650,1.1479760414115427
1684,1650,1685,1651,0.6852313400291581
1683,1652,1684,1653,0.17395284890808496
1688,1655,1689,1656,0.5003477850155813
1690,1656,1691,1657,1.941285430599177
1694,1658,1695,1659,0.7795381084366277
1692,1659,1693,1660,1.7908944760055094
1693,1660,1694,1661,0.38682727420385005
1697,1661,1698,1662,0.4460464584304797
1696,1664,1697,1665,1.5966374613568837
1698,1666,1699,1667,1.0841698084012745
1713,1667,1714,1668,2.0174495327662654
1701,1668,1702,1669,1.2424985033782912
1699,1669,1700,1670,2.1412199854655807
1700,1670,1701,1671,0.8428019258315844
1706,1671,1707,1672,0.4550847704065754
1702,1672,1703,1673,1.1040258275536525
1704,1673,1705,1674,0.3640778292090232
1711,1676,1712,1677,0.779172104693725
1714,1677,1715,1678,1.212302278610081
1705,1678,1706,1679,2.871649887632632
1708,1679,1709,1680,1.9721952332784722
1709,1680,1710,1681,2.423451059304947
1715,1681,1716,1682,0.5560792786466433
1710,1682,1711,1683,0.8336912057942931
1716,1683,1717,1684,1.573966200241754
1717,1684,1718,1685,0.5758753673752759
1718,1687,1719,1688,1.221337401919632
1720,1690,1721,1691,1.128347646710576
1721,1691,1722,1692,0.4644145506225185
1722,1692,1723,1693,0.27937469464151476
1729,1697,1730,1698,1.1909129525835054
1728,1698,1729,1699,1.2988269836971258
1731,1699,1732,1700,0.8195097995672054
1732,1700,1733,1701,0.5809211685063181
1733,1701,1734,1702,1.1513601077544477
1739,1702,1740,1703,0.4300174203874473
1743,1703,1744,1704,0.8656852031816852
1735,1704,1736,1705,1.1094647282442514
1738,1705,1739,1706,0.6976931711644242
1748,1708,1749,1709,1.4351644416415053
1742,1710,1743,1711,2.5473612041480376
1749,1711,1750,1712,0.4751002109644973
1747,1712,1748,1713,1.0685735159708338
1751,1713,1752,1714,0.5480230125736546
1757,1715,1758,1716,1.038696650781766
1753,1716,1754,1717,2.6547839690939243
1750,1719,1751,1720,1.047981467579617
1756,1721,1757,1722,2.0201378040529074
1761,1722,1762,1723,0.47380500038631485
1760,1723,1761,1724,0.2975868234761887
1758,1724,1759,1725,1.7791360582643305
1759,1725,1760,1726,2.8813364203036906
1764,1726,1765,1727,1.1687580033383276
1763,1729,1764,1730,2.8653349253841687
1765,1730,1766,1731,1.9998788769677665
1770,1731,1771,1732,0.7317474475069041
1771,1732,1772,1733,0.6902919078180229
1766,1733,1767,1734,1.633889546016722
1769,1734,1770,1735,2.499238341623678
1768,1736,1769,1737,2.528478036091352
1772,1737,1773,1738,1.049398203681501
1775,1738,1776,1739,0.8497386698624994
1778,1739,1779,1740,0.1522797042810592
1774,1740,1775,1741,0.6717969418256539
1781,1741,1782,1742,0.9334292521287312
1776,1742,1777,1743,0.9909427689278403
1779,1743,1780,1744,0.4246307640808166
1782,1744,1783,1745,0.3057561921586406
1783,1745,1784,1746,1.0557010241783147
1780,1746,1781,1747,1.5430560419253685
1785,1748,1786,1749,0.44110787709571747
1786,1749,1787,1750,0.3296009097843304
1789,1751,1790,1752,0.3310914499429617
1787,1752,1788,1753,0.6325388026508182
1792,1753,1793,1754,0.032858567018824766
1788,1755,1789,1756,1.4167850529534498
1790,1757,1791,1758,1.0042451999125328
1798,1758,1799,1759,0.31399503692076863
1800,1759,1801,1760,1.1983517290645171
1799,1760,1800,1761,0.4148888535956651
1803,1761,1804,1762,1.2633139527988881
1797,1762,1798,1763,0.9967116265716585
1802,1764,1803,1765,1.5832165892083363
1801,1766,1802,1767,0.7561374976720994
1807,1767,1808,1768,1.9234171447054824
1806,1768,1807,1769,0.8212987504230345
1808,1769,1809,1770,0.5383524322929951
1809,1771,1810,1772,0.7438316213064402
1811,1773,1812,1774,1.1839432391785214
1805,1774,1806,1775,1.790057410784437
1812,1776,1813,1777,1.260058184881529
1813,1777,1814,1778,1.6603873956540391
1815,1779,1816,1780,1.1842106895537416
1816,1780,1817,1781,2.027410245440448
1817,1781,1818,1782,0.1881279954506033
1814,1782,1815,1783,1.6668425635708144
1822,1783,1823,1784,0.19456042376733237
1810,1785,1811,1786,7.12630178273493
1824,1787,1825,1788,0.07819214085703115
1825,1788,1826,1789,1.2010409648353537
1826,1789,1827,1790,0.463099338445437
1829,1792,1830,1793,1.142977709185592
1827,1793,1828,1794,1.4811389185869026
1832,1795,1833,1796,1.0169284430213383
1833,1796,1834,1797,0.9856215970138361
1836,1798,1837,1799,0.5450703137601359
1830,1799,1831,1800,1.966848838605215
1831,1800,1832,1801,2.869297524206443
1839,1801,1840,1802,0.43507429273393583
1838,1802,1839,1803,0.6432700152535675
1835,1803,1836,1804,1.1244501178583741
1840,1805,1841,1806,0.5702941441445737
1837,1806,1838,1807,0.5523881927741842
1842,1807,1843,1808,0.4037577584693958
1849,1809,1850,1810,0.94518126551134
1844,1812,1845,1813,0.433546241570719
1841,1813,1842,1814,2.334900297226878
1846,1814,1847,1815,0.9081548925409041
1848,1815,1849,1816,1.453437587110891
1847,1816,1848,1817,0.9701938210299059
1850,1817,1851,1818,1.3690409254995124
1851,1818,1852,1819,1.0150966335265976
1854,1819,1855,1820,3.9762211925844113
1852,1821,1853,1822,1.2877468944488328
1857,1823,1858,1824,0.5470405848825753
1855,1824,1856,1825,1.767238566697418
1860,1825,1861,1826,0.8638989795544293
1859,1826,1860,1827,0.2591554396916431
1863,1828,1864,1829,0.9544439433421349
1862,1829,1863,1830,0.26946739181142415
1864,1830,1865,1831,0.7700240419904579
1856,1831,1857,1832,3.2103721909600527
1868,1834,1869,1835,0.3468165168653724
1873,1836,1874,1837,0.40365338311871635
1865,1837,1866,1838,2.443373768417464
1871,1838,1872,1839,0.3166107054307618
1869,1840,1870,1841,0.39544750012247204
1874,1841,1875,1842,1.4201500544074592
1870,1842,1871,1843,2.218326683372318
1876,1843,1877,1844,2.3372658233361725
1875,1844,1876,1845,1.8519231236109552
1878,1846,1879,1847,0.6065687261769351
1877,1847,1878,1848,3.9663926131132516
1881,1849,1882,1850,3.11688718115465
1880,1850,1881,1851,0.7294766974434121
1884,1851,1885,1852,1.9723662993609454
1883,1852,1884,1853,1.276900732830681
1885,1853,1886,1854,1.8403844556999671
1886,1855,1887,1856,1.9259934915987975
1889,1857,1890,1858,1.8846743900134137
1895,1860,1896,1861,1.4894046443726205
1891,1861,1892,1862,2.0390088354778193
1894,1862,1895,1863,1.5006565085051886
1893,1863,1894,1864,1.7125621860423383
1914,1864,1915,1865,4.681896473278406
1902,1865,1903,1866,0.9131765698975319
1900,1868,1901,1869,2.2619288425956836
1904,1869,1905,1870,0.4779738604796255
1901,1870,1902,1871,1.5356468394887701
1906,1871,1907,1872,0.34514378723579764
1907,1872,1908,1873,0.5581412823513954
1909,1875,1910,1876,0.7255218617681244
1910,1877,1911,1878,1.6350017668140948
1911,1879,1912,1880,0.7664194774194871
1918,1880,1919,1881,0.4668374485989071
1921,1881,1922,1882,0.32207591496394783
1917,1882,1918,1883,1.4133364420335621
1922,1883,1923,1884,0.4270158999014587
1912,1884,1913,1885,4.132569023324379
1916,1885,1917,1886,1.7589138499814208
1913,1887,1914,1888,2.6326327954792963
1923,1889,1924,1890,1.364370736941709
1924,1890,1925,1891,2.5544896021944865
1925,1891,1926,1892,1.2743409911829429
1926,1892,1927,1893,1.1476195853837332
1932,1894,1933,1895,0.37449412869357324
1930,1895,1931,1896,0.3967635433846316
1928,1898,1929,1899,2.3063432654338967
1935,1899,1936,1900,0.42957595473662424
1934,1900,1935,1901,2.4821634686749645
1936,1901,1937,1902,1.4458716788587125
1937,1902,1938,1903,1.2984872517584474
1939,1903,1940,1904,0.15908249764108598
1938,1904,1939,1905,1.4806255258655834
1942,1905,1943,1906,0.8450213720627959
1940,1906,1941,1907,0.8453993231437898
1941,1907,1942,1908,1.5797478096396906
1945,1908,1946,1909,2.8461521764084368
1947,1909,1948,1910,0.6301483025470737
1946,1911,1947,1912,1.0531821600467448
1943,1913,1944,1914,1.516263608539108
1948,1915,1949,1916,1.2410481015819903
1950,1917,1951,1918,1.3863339213565113
1951,1918,1952,1919,1.0479213760112756
1952,1919,1953,1920,0.7988151581490722
1956,1921,1957,1922,1.536438246039181
1954,1923,1955,1924,0.47047483405220886
1957,1924,1958,1925,0.8888920219643022
1962,1925,1963,1926,1.071075338288925
1963,1927,1964,1928,1.2306127693406042
1965,1931,1966,1932,1.8296203354877327
1969,1933,1970,1934,0.45304854343572826
1967,1935,1968,1936,0.5638818433870423
1971,1936,1972,1937,0.7085617901352256
1972,1938,1973,1939,1.0765667019125222
1975,1939,1976,1940,5.265360075149958
1970,1940,1971,1941,2.115992356341676
1978,1941,1979,1942,0.6714959927121664
1979,1942,1980,1943,1.8700326324234622
1982,1945,1983,1946,1.5523888529600154
1974,1946,1975,1947,1.119630702096968
1980,1947,1981,1948,4.813789327494989
1976,1948,1977,1949,1.4947949381501053
1983,1949,1984,1950,6.932184424856737
1981,1951,1982,1952,1.2206580643024267
1986,1953,1987,1954,0.1825077916489389
1991,1955,1992,1956,0.6011815628574885
1989,1956,1990,1957,1.0456490733625625
1984,1959,1985,1960,2.7270824305564187
1988,1962,1989,1963,1.1898604976080998
1993,1964,1994,1965,2.6361334447563367
1987,1965,1988,1966,3.139802704569904
1992,1966,1993,1967,1.3108391327994124
1994,1967,1995,1968,0.6777566922793713
1997,1968,1998,1969,0.40472800047231366
1995,1971,1996,1972,0.8018849365632781
2003,1973,2004,1974,0.6505246940239141
2004,1975,2005,1976,0.5482704716045993
2001,1976,2002,1977,1.3836702101700868
2005,1977,2006,1978,1.323160400604654
2006,1978,2007,1979,1.2557427028253267
2007,1979,2008,1980,2.842984188085518
2011,1980,2012,1981,0.1266912476241562
2008,1981,2009,1982,0.1332406252488639
2010,1983,2011,1984,0.45155977416330395
2015,1985,2016,1986,0.5681937180514045
2013,1987,2014,1988,1.7064351750183135
2012,1988,2013,1989,2.0718984147014483
2019,1989,2020,1990,0.10310104376025382
2009,1990,2010,1991,2.369397467400284
2017,1991,2018,1992,0.7542046528669332
2018,1992,2019,1993,1.2194225082947003
2028,1993,2029,1994,1.7167014138921692
2024,1994,2025,1995,0.2191886763485868
2025,1996,2026,1997,0.3661290319938224
2031,1997,2032,1998,1.7624242852254137
2026,1998,2027,1999,0.44962646477350426
2023,2000,2024,2001,1.4979698734077869
2021,2001,2022,2002,1.8262208003771416
2022,2002,2023,2003,1.5825499447355997
2020,2005,2021,2006,2.75191386414198
2030,2006,2031,2007,1.2516546662079162
2040,2007,2041,2008,0.8061270628105861
2035,2009,2036,2010,1.4704865821221198
2034,2010,2035,2011,2.4984545342553335
2039,2012,2040,2013,0.3116669554692607
2036,2013,2037,2014,1.3099787280597508
2043,2014,2044,2015,0.37567740458306104
2046,2016,2047,2017,0.20048936949685456
2041,2018,2042,2019,1.05719280002988
2042,2020,2043,2021,1.925045647795553
2045,2021,2046,2022,0.4385983835720623
2047,2022,2048,2023,0.3289009614330544
2050,2023,2051,2024,0.042603387204740044
2044,2024,2045,2025,1.8015491377862833
2048,2025,2049,2026,1.8964449278798314
2049,2026,2050,2027,1.3426553185963208
2051,2028,2052,2029,1.2521615327199984
2052,2029,2053,2030,1.2082246172817839
2054,2030,2055,2031,1.6761228908298378
2055,2032,2056,2033,0.0601298903326198
2056,2033,2057,2034,0.3528935731140695
2053,2034,2054,2035,8.038564851183912
2057,2037,2058,2038,0.7217144443616634
2058,2039,2059,2040,0.9725658409701667
2066,2043,2067,2044,0.8201466506452529
2062,2045,2063,2046,0.9573419783149588
2064,2046,2065,2047,1.336525110441268
2065,2047,2066,2048,1.5346945217643673
2067,2048,2068,2049,1.1019217268087302
2072,2049,2073,2050,1.1395407022952508
2068,2051,2069,2052,1.3615626668851846
2078,2052,2079,2053,0.472186130403102
2071,2053,2072,2054,1.103607251180869
2080,2054,2081,2055,0.5855682801959102
2076,2056,2077,2057,1.0522455814771026
2077,2057,2078,2058,2.209642861823403
2084,2058,2085,2059,2.3579677389955678
2079,2059,2080,2060,1.1044696476096292
2083,2060,2084,2061,0.6170670669268213
2085,2061,2086,2062,1.4533700863843129
2088,2063,2089,2064,1.3100488586470809
2089,2064,2090,2065,0.3328225610072446
2087,2066,2088,2067,3.553431022134063
2095,2067,2096,2068,1.1407462784533877
2093,2068,2094,2069,1.4804612498128416
2094,2069,2095,2070,2.0367489205463656
2098,2070,2099,2071,1.2059441188987212
2096,2071,2097,2072,1.5943802482077865
2100,2077,2101,2078,0.37421442659187093
2102,2078,2103,2079,1.7346306067042945
2115,2079,2116,2080,2.0533625250278553
2104,2080,2105,2081,0.8955271555991742
2108,2081,2109,2082,0.04886385477812573
2106,2082,2107,2083,0.08838483538257047
2107,2084,2108,2085,1.0147630411723478
2110,2086,2111,2087,0.7406790784912339
2113,2087,2114,2088,4.542391161959038
2111,2088,2112,2089,2.3034352606065034
2112,2089,2113,2090,1.4288575375002883
2114,2090,2115,2091,0.7943601737203825
2109,2091,2110,2092,5.2290430386256865
2117,2092,2118,2093,0.5744055752792894
2122,2095,2123,2096,0.35063348300146985
2124,2098,2125,2099,4.418913644920689
2129,2099,2130,2100,1.5306750440872523
2130,2100,2131,2101,0.42553594075228984
2133,2101,2134,2102,0.7555280986969121
2131,2102,2132,2103,1.344707877694725
2127,2103,2128,2104,0.3954033402119798
2125,2104,2126,2105,1.4422727033736344
2128,2106,2129,2107,1.0374184867269627
2132,2108,2133,2109,1.6198049766580869
2135,2109,2136,2110,0.29992522072753786
2138,2110,2139,2111,0.1220023061101974
2136,2112,2137,2113,1.737123650019014
2142,2114,2143,2115,1.0214116742025572
2143,2116,2144,2117,0.7403522834371032
2141,2117,2142,2118,1.291274075511598
2145,2118,2146,2119,2.6583329714512214
2147,2119,2148,2120,0.8373602098737283
2146,2121,2147,2122,6.001622815284846
2150,2124,2151,2125,0.6315513382175131
2153,2126,2154,2127,1.7406660934110072
2152,2127,2153,2128,1.5516870762952293
2156,2128,2157,2129,0.11354673351743584
2159,2129,2160,2130,0.9574846552196403
2158,2131,2159,2132,1.3760976071152131
2155,2132,2156,2133,0.9283971914187283
2161,2133,2162,2134,1.0245890497993648
2165,2134,2166,2135,0.5607123797613754
2169,2135,2170,2136,0.6198490616366229
2164,2138,2165,2139,1.5502193139160603
2166,2140,2167,2141,2.059899497045986
2170,2141,2171,2142,0.6930902352488444
2171,2142,2172,2143,1.338075154582424
2174,2144,2175,2145,0.603967003388346
2172,2145,2173,2146,2.2637355791785536
2176,2146,2177,2147,0.17500834233738238
2177,2147,2178,2148,0.5195229787747077
2182,2150,2183,2151,0.46889514319513
2185,2152,2186,2153,0.11327034126767799
2187,2153,2188,2154,0.464391774655958
2188,2154,2189,2155,0.42779050653760314
2180,2155,2181,2156,3.7490870455993197
2190,2156,2191,2157,0.4486235426302396
2194,2157,2195,2158,0.4577110673480143
2193,2158,2194,2159,1.0705836024361177
2196,2159,2197,2160,0.4718963302235594
2199,2160,2200,2161,1.640631226000643
2191,2161,2192,2162,3.465201459583512
2197,2162,2198,2163,4.953293496540159
2200,2163,2201,2164,0.7185974391866037
2198,2164,2199,2165,2.069440179951274
2201,2165,2202,2166,2.018608748674344
2195,2166,2196,2167,3.629207525368196
2203,2167,2204,2168,0.9293179968727505
2208,2168,2209,2169,0.5617669130426113
2205,2169,2206,2170,0.1917638852205926
2204,2170,2205,2171,1.9842283296476213
2206,2171,2207,2172,1.0192254155664846
2211,2172,2212,2173,0.6915436628276617
2209,2174,2210,2175,0.5836894582795183
2215,2175,2216,2176,1.022241616713088
2213,2176,2214,2177,2.477091814346455
2216,2177,2217,2178,0.8889452967761579
2217,2178,2218,2179,0.7902255259215616
2214,2180,2215,2181,1.5973407993553554
2212,2181,2213,2182,2.5004302846767485
2218,2183,2219,2184,1.1847256028410635
2222,2184,2223,2185,0.3067404344191302
2221,2185,2222,2186,0.6785026159793538
2220,2186,2221,2187,1.3560605555733294
2224,2190,2225,2191,0.9047874800829808
2226,2191,2227,2192,0.7304923543461237
2229,2194,2230,2195,0.9079088207912722
2235,2195,2236,2196,0.6952386216120645
2230,2196,2231,2197,1.4793755194781175
2231,2198,2232,2199,0.08363184296831745
2240,2199,2241,2200,0.2042850198355859
2241,2200,2242,2201,0.7477115684462633
2237,2202,2238,2203,0.5262997189541647
2242,2203,2243,2204,1.196248836292308
2239,2205,2240,2206,1.1444834239046557
2236,2207,2237,2208,2.4013664749293744
2246,2208,2247,2209,1.8028102571397995
2243,2209,2244,2210,1.013279780973523
2244,2211,2245,2212,1.6071449532878361
2238,2212,2239,2213,2.544772028472908
2247,2213,2248,2214,1.7930643710888825
2249,2215,2250,2216,0.6780938583597766
2251,2217,2252,2218,1.5693085814843986
2254,2218,2255,2219,1.4936253653870064
2257,2219,2258,2220,0.2984209024872267
2255,2220,2256,2221,1.3191332427714526
2258,2221,2259,2222,0.6827156443851145
2260,2224,2261,2225,2.3330129088684384
2261,2225,2262,2226,0.21984980399669404
2264,2226,2265,2227,0.8152487512927767
2262,2227,2263,2228,0.5430429778937845
2263,2230,2264,2231,4.756924406873472
2269,2232,2270,2233,0.8223276160817512
2272,2233,2273,2234,1.3504627634710988
2267,2235,2268,2236,0.9439483813290449
2270,2239,2271,2240,0.5368520557817263
2273,2240,2274,2241,1.420373111011689
2282,2242,2283,2243,0.9030906079354941
2283,2243,2284,2244,0.45157060180210257
2280,2244,2281,2245,0.6490140984009162
2281,2245,2282,2246,1.3309146185404794
2278,2246,2279,2247,1.4445220012561004
2289,2251,2290,2252,0.7489520829946141
2286,2252,2287,2253,0.5833252874037934
2288,2253,2289,2254,1.050362079305492
2294,2255,2295,2256,0.1655885654181016
2287,2256,2288,2257,1.4479446253264807
2291,2258,2292,2259,0.9357407061731636
2290,2259,2291,2260,1.882492999116012
2292,2260,2293,2261,1.0376871173773994
2293,2262,2294,2263,1.733425454139489
2295,2263,2296,2264,1.5314528096403284
2298,2264,2299,2265,0.826974494471462
2297,2265,2298,2266,1.347747537161506
2301,2266,2302,2267,3.0712208503118705
2302,2267,2303,2268,1.2315161473910465
2300,2268,2301,2269,1.3488468572358405
2305,2269,2306,2270,1.6319065910147306
2299,2271,2300,2272,2.2212175229724047
2303,2272,2304,2273,1.3600752305341022
2306,2273,2307,2274,1.740227430850316
2307,2274,2308,2275,0.8484732579934107
2308,2275,2309,2276,1.2853014467790627
2311,2276,2312,2277,0.8408134553570527
2309,2277,2310,2278,3.00282867021401
2313,2279,2314,2280,0.5822742707084383
2310,2280,2311,2281,1.2890511927585957
2312,2281,2313,2282,0.6803803271654728
2314,2283,2315,2284,1.4639135715572185
2316,2284,2317,2285,1.2387305096364092
2320,2286,2321,2287,0.9866902522602313
2317,2287,2318,2288,0.24269364496677814
2322,2288,2323,2289,1.1856317688487914
2324,2289,2325,2290,0.5919578748960233
2321,2290,2322,2291,1.3513885131430459
2318,2293,2319,2294,6.08659982526914
2326,2294,2327,2295,1.7930405011933792
2334,2295,2335,2296,0.10767023862910954
2331,2296,2332,2297,1.8656212752825876
2333,2299,2334,2300,0.32152748414126203
2337,2300,2338,2301,4.0595088915853
2335,2302,2336,2303,0.8006488700643097
2339,2303,2340,2304,0.6292851639577335
2340,2308,2341,2309,0.22764353615578029
2342,2309,2343,2310,2.5338767108369815
2341,2310,2342,2311,1.390739063876269
2348,2311,2349,2312,0.307396820330263
2347,2313,2348,2314,0.31163888083704855
2344,2315,2345,2316,1.1291054630766093
2350,2318,2351,2319,1.7534113262657165
2349,2319,2350,2320,0.6623397295867901
2352,2320,2353,2321,1.1688910092442901
2353,2321,2354,2322,1.1535552162512417
2355,2323,2356,2324,0.338233668496219
2351,2324,2352,2325,2.9081382376833487
2361,2325,2362,2326,1.752779518664838
2357,2326,2358,2327,2.440980307044941
2362,2327,2363,2328,1.3031136561502032
2358,2328,2359,2329,1.3655259246685307
2359,2329,2360,2330,1.4057375952219366
2356,2332,2357,2333,2.3691688419592762
2363,2333,2364,2334,1.614530468512745
2364,2334,2365,2335,1.045593311668947
2367,2335,2368,2336,0.3111868998279043
2366,2336,2367,2337,0.7099710211265009
2365,2337,2366,2338,1.4234338908234794
2370,2338,2371,2339,0.2294649269812521
2369,2340,2370,2341,0.2967874640379672
2373,2341,2374,2342,1.1435467053662107
2374,2342,2375,2343,0.18647429914914193
2372,2343,2373,2344,1.438153250024883
2377,2344,2378,2345,0.7485443849729803
2376,2345,2377,2346,0.5958265872906322
2379,2351,2380,2352,0.8829540685030768
2380,2352,2381,2353,1.0532289184821304
2382,2353,2383,2354,0.5173211971784529
2389,2355,2390,2356,1.0593582580350456
2399,2356,2400,2357,1.4689640799604005
2386,2357,2387,2358,1.2008552734378946
2391,2358,2392,2359,0.654202440150057
2392,2360,2393,2361,0.10170827330226799
2388,2361,2389,2362,2.5268383491445583
2384,2362,2385,2363,1.7337627473551462
2383,2363,2384,2364,2.7831978481628052
2394,2364,2395,2365,1.0125922125711146
2390,2365,2391,2366,1.261615033342594
2393,2366,2394,2367,0.7243626464655873
2398,2367,2399,2368,2.001973204275659
2396,2369,2397,2370,1.0934996062259112
2381,2370,2382,2371,7.597524391999894
2404,2371,2405,2372,0.5950228128280913
2400,2372,2401,2373,0.27234561558904175
2402,2374,2403,2375,0.4119204414239642
2408,2377,2409,2378,0.3891744164359834
2405,2378,2406,2379,1.0920176926920004
2406,2379,2407,2380,0.8811392318694149
2409,2380,2410,2381,4.854433026683828
2410,2381,2411,2382,0.1989974979488451
2411,2382,2412,2383,0.28987719460717276
2407,2383,2408,2384,1.6778764247525995
2414,2384,2415,2385,1.3829415444370847
2412,2385,2413,2386,1.3334243498865694
2418,2386,2419,2387,1.0405309387335349
2413,2387,2414,2388,0.7700908278660581
2415,2388,2416,2389,0.9344255529385612
2416,2389,2417,2390,0.5340898254852826
2422,2390,2423,2391,3.8353776377694273
2417,2391,2418,2392,0.9532896807456085
2420,2393,2421,2394,1.6522201182359495
2421,2394,2422,2395,1.1088017589070154
2425,2395,2426,2396,0.20342598778654467
2428,2398,2429,2399,1.1733078959930097
2430,2399,2431,2400,0.2362793683034521
2426,2400,2427,2401,1.465977962159457
2431,2402,2432,2403,0.18990212721752003
2432,2403,2433,2404,1.5122483758667316
2434,2405,2435,2406,1.6698902420734996
2437,2406,2438,2407,2.045822451833932
2427,2407,2428,2408,3.8726941085911757
2435,2408,2436,2409,0.5712455519866309
2439,2409,2440,2410,1.2243418253188294
2443,2411,2444,2412,1.041839937287356
2441,2414,2442,2415,1.2504536955810759
2445,2415,2446,2416,1.1655489682339115
2444,2416,2445,2417,0.9006438485539634
2450,2417,2451,2418,0.4661396049956616
2448,2419,2449,2420,1.2126561197983945
2452,2420,2453,2421,1.2811814753758535
2456,2421,2457,2422,0.46616738217997644
2447,2422,2448,2423,2.1646829927145816
2453,2423,2454,2424,1.5407120515659822
2449,2424,2450,2425,1.6989758502452414
2454,2425,2455,2426,1.6551820139182647
2457,2426,2458,2427,1.9330628743396854
2451,2427,2452,2428,2.0808192041165023
2458,2428,2459,2429,0.5722930829394036
2461,2429,2462,2430,0.36958303036262025
2460,2430,2461,2431,0.8624834533920772
2462,2431,2463,2432,0.6548087786651519
2463,2433,2464,2434,0.31928819837683814
2459,2434,2460,2435,0.666968132116239
2464,2436,2465,2437,1.2444737013086535
2467,2437,2468,2438,1.3160786199153873
2469,2438,2470,2439,1.215950816126234
2465,2439,2466,2440,1.718503208796018
2466,2440,2467,2441,1.7979912125547977
2470,2441,2471,2442,0.984840135361376
2476,2442,2477,2443,1.3627558916848215
2468,2443,2469,2444,0.43031858794316313
2479,2444,2480,2445,0.630493488249089
2477,2445,2478,2446,0.3690478007762657
2472,2446,2473,2447,2.056913487989568
2475,2448,2476,2449,1.1968239765359394
2480,2449,2481,2450,0.27110671069762327
2481,2451,2482,2452,0.42479984814292393
2474,2453,2475,2454,2.079535224047951
2482,2454,2483,2455,0.31249989426342395
2484,2455,2485,2456,0.24941717847065276
2485,2456,2486,2457,1.0671373326520555
2471,2457,2472,2458,3.9502945574509822
2486,2458,2487,2459,1.7917753408107575
2487,2459,2488,2460,1.3650135998539146
2488,2460,2489,2461,0.9492847373470928
2483,2461,2484,2462,1.7940165308843696
2490,2462,2491,2463,0.6306631736247843
2493,2463,2494,2464,0.9521832150827942
2496,2464,2497,2465,0.4267343346394971
2492,2465,2493,2466,2.994464753282015
2499,2466,2500,2467,0.9330186177561959
2501,2467,2502,2468,0.3100808406019015
2497,2468,2498,2469,3.0519031720470013
2503,2469,2504,2470,1.6181926442957058
2500,2471,2501,2472,1.0381950476264588
2495,2472,2496,2473,1.6816702678202113
2506,2473,2507,2474,1.6699428705042494
2502,2475,2503,2476,2.556087077284809
2505,2476,2506,2477,0.6237022883064998
2509,2478,2510,2479,0.6865367928060492
2510,2480,2511,2481,0.9564796009463592
2513,2481,2514,2482,0.710009713253044
2514,2482,2515,2483,0.8443163730713551
2519,2484,2520,2485,0.8891676297779366
2518,2486,2519,2487,0.7064165301530964
2523,2487,2524,2488,0.8410230695245876
2521,2489,2522,2490,1.172475778469098
2517,2491,2518,2492,2.217474015240879
2516,2493,2517,2494,1.4703571175932857
2526,2494,2527,2495,1.97157643109416
2520,2495,2521,2496,2.319672579417421
2525,2496,2526,2497,0.7421065674878569
2528,2497,2529,2498,1.0607533983404873
2529,2498,2530,2499,5.421558487551368
2527,2500,2528,2501,1.5150177547284538
2530,2503,2531,2504,1.1857608470467993
2537,2504,2538,2505,0.5724208617597832
2524,2505,2525,2506,5.205120866972321
2533,2506,2534,2507,1.518017761019981
2540,2508,2541,2509,0.8993385130030367
2538,2509,2539,2510,1.376419104485945
2535,2511,2536,2512,0.8781508106203333
2542,2514,2543,2515,1.0588027151755028
2544,2515,2545,2516,0.5529863871553302
2543,2516,2544,2517,2.228361815967338
2546,2517,2547,2518,1.3594891658323691
2547,2518,2548,2519,0.5825085846201262
2549,2519,2550,2520,0.39982225881450517
2553,2520,2554,2521,0.7691459347889081
2548,2521,2549,2522,2.1380671146185057
2555,2522,2556,2523,0.6083165086946927
2551,2523,2552,2524,1.4829400482824215
2556,2525,2557,2526,0.6535281333164432
2559,2528,2560,2529,1.794388553516808
2558,2529,2559,2530,2.807805028298894
2560,2531,2561,2532,1.0715540656051363
2561,2532,2562,2533,2.1327697793486045
2562,2533,2563,2534,1.6173392704822307
2566,2534,2567,2535,1.5328634197911615
2565,2535,2566,2536,1.576337730482977
2567,2536,2568,2537,0.22437829781610036
2570,2537,2571,2538,1.7521119779811447
2569,2538,2570,2539,1.6094322117055249
2568,2539,2569,2540,1.4644642659011766
2572,2541,2573,2542,0.3868632691656845
2571,2542,2572,2543,1.305701182144096
2580,2543,2581,2544,1.0306418677707685
2573,2544,2574,2545,0.6340627560128032
2577,2545,2578,2546,1.1291999725584532
2584,2549,2585,2550,0.7778950851660549
2576,2551,2577,2552,1.971187294884729
2581,2552,2582,2553,2.639034255555683
2583,2553,2584,2554,1.2395806166892567
2578,2556,2579,2557,1.5504767210332102
2579,2557,2580,2558,1.544861067621296
2587,2559,2588,2560,0.5528206169130869
2588,2560,2589,2561,1.683059213161179
2589,2561,2590,2562,3.0197341686069654
2590,2563,2591,2564,2.0145741827590107
2592,2564,2593,2565,1.6244609043804952
2598,2565,2599,2566,0.24639789120483002
2596,2568,2597,2569,1.6145274043263036
2600,2569,2601,2570,1.0294234645605753
2599,2570,2600,2571,1.5796594100224497
2603,2571,2604,2572,0.4702840188754793
2605,2573,2606,2574,0.5550302641132746
2604,2575,2605,2576,2.1102802839216506
2597,2578,2598,2579,8.290755416907992
2607,2579,2608,2580,6.323466934698682
2610,2580,2611,2581,0.06432415856511475
2613,2582,2614,2583,0.6557909229010906
2606,2583,2607,2584,4.0516264543086296
2612,2584,2613,2585,1.577768322081347
2616,2585,2617,2586,0.5755100325519337
2609,2586,2610,2587,1.3228700215445686
2617,2588,2618,2589,0.7724660895828818
2615,2590,2616,2591,1.2049052053518925
2619,2591,2620,2592,0.16704240398692774
2618,2593,2619,2594,1.2862515538961818
2625,2595,2626,2596,1.3061853651204711
2620,2596,2621,2597,2.245213280346562
2621,2597,2622,2598,1.8378630946926902
2624,2598,2625,2599,1.0241565206030012
2629,2602,2630,2603,1.7602389877745286
2632,2603,2633,2604,0.29697507723554656
2634,2604,2635,2605,1.0164248093449737
2637,2607,2638,2608,0.8031117429147665
2639,2608,2640,2609,0.6397461092113214
2642,2614,2643,2615,0.6523819985459761
2640,2615,2641,2616,1.8214770669327303
2649,2616,2650,2617,2.8917983461307593
2641,2617,2642,2618,1.2283820219651898
2646,2618,2647,2619,1.4230875413537942
2647,2620,2648,2621,0.8830168272897376
2648,2622,2649,2623,1.0408197818587246
2644,2623,2645,2624,2.4507763730185337
2651,2624,2652,2625,0.44545607937176795
2650,2625,2651,2626,1.6895929948022999
2652,2626,2653,2627,1.174371489070982
2654,2629,2655,2630,1.3127630040902742
2657,2630,2658,2631,0.5459496189701781
2660,2631,2661,2632,1.3391820876131437
2655,2632,2656,2633,1.1226145355729875
2658,2636,2659,2637,1.4993011183804807
2663,2640,2664,2641,2.790399757432278
2659,2642,2660,2643,3.75386733778269
2667,2645,2668,2646,0.4836419022732061
2670,2646,2671,2647,1.1070333113334654
2674,2650,2675,2651,2.202613586008863
2673,2651,2674,2652,2.8910076223989605
2677,2652,2678,2653,0.8615332105432039
2675,2654,2676,2655,1.9504127313619293
2681,2655,2682,2656,1.7650803347302249
2679,2657,2680,2658,1.3152739990799205
2678,2659,2679,2660,1.9221049379574784
2686,2660,2687,2661,2.7599895897037143
2689,2662,2690,2663,1.5772360934005403
2676,2664,2677,2665,7.648144928024881
2693,2665,2694,2666,1.444118575426909
2691,2667,2692,2668,1.2342083400921466
2690,2668,2691,2669,1.362755976573181
2696,2669,2697,2670,0.7641517670554073
2697,2670,2698,2671,0.6134315746044744
2703,2674,2704,2675,3.574905109095245
2704,2675,2705,2676,3.6111474845344436
2700,2676,2701,2677,1.3068819799767435
2699,2677,2700,2678,2.5966636342167684
2705,2678,2706,2679,1.7685765786601078
2708,2679,2709,2680,3.4987088040101466
2706,2680,2707,2681,4.912755770485369
2709,2682,2710,2683,2.066198987308909
2712,2683,2713,2684,2.768567015955894
2711,2684,2712,2685,4.062478762021886
2710,2686,2711,2687,4.107903863072355
2713,2687,2714,2688,2.9059924196421623
2715,2690,2716,2691,5.968110728463093
2716,2691,2717,2692,3.8501846713500023
