idx_fixed,idx_moving,distance,cell_id_fixed,cell_id_moving,area_1,area_2,perimeter_1,perimeter_2,roundness_1,roundness_2,eccentricity_1,eccentricity_2,solidity_1,solidity_2,major_axis_length_1,major_axis_length_2,minor_axis_length_1,minor_axis_length_2,aspect_ratio_1,aspect_ratio_2,elongation_1,elongation_2,equivalent_diameter_1,equivalent_diameter_2,nn_dist_1_1,nn_dist_1_2,nn_dist_2_1,nn_dist_2_2,nn_dist_3_1,nn_dist_3_2,local_density_1,local_density_2,neighbor_area_ratio_mean_1,neighbor_area_ratio_mean_2,neighbor_roundness_mean_1,neighbor_roundness_mean_2,confidence,inlier,residual_px,match_stage
371,307,0.36226779432987816,372,308,518.0,484.0,86.08326112068524,83.25483399593904,0.87841997199611,0.8774781425754908,0.7678808997342407,0.7580265795010216,0.9646182495344506,0.9622266401590457,32.21814552683607,30.887260067800447,20.63870673299824,20.14540185866382,1.561054476118119,1.5332163778364607,0.3594073651505717,0.3477763383853808,25.68147355921802,24.824341676101277,1.2164774832097107,1.3541655759922755,2.074422748321428,1.8200421833216232,2.3626037239025544,1.9468448970301122,0.530644362089221,0.585817057804233,0.832046332046332,0.9290633608815427,0.8653682251740747,0.7699501128778715,0.8411336551619472,True,2.3676084209430295,guided_rematch
433,357,0.38600205329865506,434,358,337.0,322.0,69.35533905932738,68.18376618407356,0.8803998633115935,0.8703696995942201,0.7636999085178634,0.7766322551068734,0.9628571428571429,0.9526627218934911,25.968045729860716,25.63762195738383,16.76422798366487,16.15052857079052,1.5490153053969489,1.587416897534329,0.3544285866538025,0.3700457633068793,20.71428798138497,20.248040236149336,1.9090664537832183,1.8067297846405248,3.286845549599869,1.8868084755793826,3.50643131290529,3.220632166972115,0.34473473304423996,0.4338915321209919,0.8219584569732937,1.295031055900621,0.8717038664396327,0.783901298640865,0.8307254018509286,True,2.0798340083734357,guided_rematch
196,164,0.4711045494810668,197,165,493.0,485.0,81.59797974644665,79.59797974644667,0.9304605630849474,0.9619389546735321,0.4458951826871256,0.4451945126259731,0.9610136452241715,0.9738955823293173,26.513608103529222,26.325654200281587,23.73193777955887,23.572882867490986,1.1172121025180801,1.1167770335204485,0.104914816312763,0.10456611303361862,25.05408341078227,24.849973424463737,1.0086948715017512,1.7930467704532536,1.2379803766742417,2.149444323803844,1.664364321018437,2.3540494318484417,0.7670594855725074,0.4764521069247408,0.4259634888438134,0.6604810996563574,0.9002334109247068,0.8105863440941027,0.793405157775401,True,2.1176285193260993,guided_rematch
688,583,0.5183621901565781,689,584,530.0,495.0,85.35533905932736,81.94112549695429,0.91416449523169,0.9264270201529873,0.5517261281702897,0.5246235628835207,0.9706959706959707,0.9686888454011742,28.681458325658497,27.415428299948047,23.92106323348198,23.33969489424106,1.1990043270950204,1.1746266788908475,0.1659746529665772,0.14866568419486303,25.977239243415305,25.104851615652017,1.2204358766421817,1.4146164641156935,1.2310295302886844,1.641824313336631,1.5150270309913552,1.7407907002608662,0.756335741704199,0.6253606927114721,0.7968553459119496,0.8363636363636363,0.7974640264673852,0.85118894204706,0.7726811277697081,True,2.186947434485887,guided_rematch
615,529,0.5185661579548881,616,530,217.0,220.0,58.526911934581186,58.2842712474619,0.7960830514882571,0.8138227075095928,0.8293720780784567,0.8392595647787009,0.9393939393939394,0.9322033898305084,22.31282406945692,22.79825447594317,12.4661002470027,12.396117338971194,1.7898800448698242,1.8391447783629398,0.4413033416031359,0.4562690160313967,16.622063085174787,16.73656774376801,0.9268158249183148,0.7192882553269145,1.0435792787939397,1.12138639790737,1.1809475767780337,1.7114038467994117,0.9519751750810095,0.8445759292683259,2.4331797235023043,1.4,0.837739069265789,0.8185302780414622,0.7725916811805016,False,9.774189042266759,guided_rematch
68,58,0.5619238581992303,69,59,366.0,376.0,74.18376618407356,73.94112549695427,0.8357438578802215,0.8642225520579159,0.7953528055151744,0.7844652451262487,0.9481865284974094,0.9494949494949495,27.985891738745146,27.942095294991432,16.963558067176077,17.3289269662408,1.6497654341100125,1.6124538668451074,0.39385322341932627,0.37982721827782984,21.587164551489145,21.880083839428522,1.7881251997254064,2.115088653239943,3.387853000897521,3.5655612271022292,3.805124610910465,4.050133609336204,0.3340347018572649,0.308299943491925,1.2140255009107468,0.8679078014184397,0.740953386851281,0.8765203980630621,0.7535779033448423,False,9.24537387697797,guided_rematch
673,575,0.5620251399654556,674,576,308.0,283.0,65.35533905932738,62.2842712474619,0.9061465396896613,0.9167259490888419,0.6922925390001939,0.6878582311600051,0.9535603715170279,0.9625850340136054,23.411619234522924,22.39436420439759,16.894221557226746,16.25483867123909,1.3857767376389276,1.3777044889422143,0.27838303758526795,0.2741549381407703,19.802974013476614,18.982275710779543,0.9954305759170545,0.822733082140549,1.0863960968000486,1.0299175157980622,1.277999808048193,1.3937486788467268,0.8929032547289956,0.9241007480049317,1.4101731601731602,1.4487632508833923,0.7591409786018489,0.861239493464173,0.7535334879586258,False,5.961928496981874,guided_rematch
391,326,0.5761912680378372,392,327,577.0,536.0,89.25483399593904,84.42640687119285,0.910169302795688,0.944970042987424,0.33820385328353525,0.35108119028225515,0.966499162479062,0.969258589511754,28.119586393529183,27.051377247725547,26.462579974766207,25.329422389567394,1.0626169640429255,1.067982397374659,0.05892712629458452,0.06365497927847397,27.104597715372734,26.123866405607867,1.2010010268932145,1.2284007615074486,1.3408816968934305,1.9776675861842603,1.9435383644754436,2.0399860976790993,0.6688335255413831,0.5718583425391709,0.7891392258809936,0.7997512437810945,0.8460117115448053,0.7151410576032015,0.7473211747952933,True,2.573087412383315,guided_rematch
772,653,0.5801220673107033,773,654,328.0,319.0,67.21320343559643,65.35533905932738,0.9123773983742922,0.9385089161071491,0.6099290299429323,0.5854817304573632,0.967551622418879,0.9637462235649547,23.214166837983516,22.5008306560049,18.3962067697391,18.241099418254475,1.2618996474952509,1.2335238211293105,0.20754395804380832,0.18931439922701754,20.435815879801165,20.153496341094687,0.9069244114827056,1.70461414374904,1.5210961313905669,2.0113390086982434,2.0059492336177356,2.0781464080616696,0.6765945983452699,0.5177681136940078,1.1178861788617886,1.2403343782654128,0.7968313855323562,0.8906590828110881,0.7455973900080546,False,6.4098567456855005,guided_rematch
931,788,0.599868533584727,932,789,292.0,250.0,61.69848480983499,57.112698372208094,0.963926051642946,0.9631291195398888,0.6056524233455728,0.590036068062205,0.9668874172185431,0.9652509652509652,21.62355929047026,19.956018561512163,17.206500013171745,16.112028152054044,1.256708759708088,1.2385789283125146,0.20427068541140514,0.1926231125517074,19.281751659604673,17.841241161527712,1.1412841857094231,1.19831162161405,1.281933634047524,1.2007202249411173,1.3885874803023748,1.4481197966674664,0.7870286554125185,0.7797976992367781,0.726027397260274,0.9786666666666666,0.9505997056899783,0.9225944935832593,0.736937914974606,True,2.3268053004304154,guided_rematch
114,86,0.6772788773091624,115,87,382.0,426.0,72.76955262170047,77.01219330881976,0.9065125418428018,0.9026107020779977,0.6980219746816285,0.7411907641031242,0.9597989949748744,0.9659863945578231,26.253855576814672,28.474417928828245,18.79976477848932,19.114718989988596,1.3964991523114332,1.4896592486524038,0.2839236612891334,0.32870554060961665,22.05396803500069,23.28948359361322,1.035885246540682,1.1705705330416307,2.1090146533488237,1.9086112583021289,2.339375446837853,2.2710294510291664,0.547018486551773,0.560725523553242,1.012216404886562,0.7981220657276995,0.7811848627055745,0.8242208886177461,0.7029909327900403,True,2.6543828424240408,guided_rematch
1139,985,0.6978397650278727,1140,986,324.0,354.0,74.52691193458118,77.698484809835,0.7330416000315569,0.736865166071191,0.879060616123509,0.8773367831994299,0.9446064139941691,0.9567567567567568,29.806607039547522,31.429139860779255,14.209107925706594,15.082063508227991,2.0977113549558246,2.0838753161086445,0.5232899904758064,0.5201248403539973,20.310825007719227,21.23032733700184,0.96982647402659,0.7120520302862363,1.8871487850354498,0.7655144357266468,2.1708980561302598,1.7789427397400013,0.5966737449281296,0.9212318499515554,1.4320987654320987,1.2523540489642184,0.7368586019699371,0.7235830387910648,0.6939743071621967,False,11.912891586129412,guided_rematch
298,249,0.7071425199862347,299,250,88.0,96.0,40.87005768508881,43.45584412271571,0.66203665362772,0.6388291371290634,0.936093406342817,0.9397906877961734,0.9072164948453608,0.8888888888888888,18.188811529588552,19.23219059339713,6.397942174381263,6.572612408178027,2.8429158991809067,2.926110562896927,0.6482484760494964,0.6582494138533257,10.585134856802455,11.055812783082736,0.5247946682796241,0.9751593715421201,0.9437951184869632,1.0203415497940287,1.0562586443053896,1.0977304989980112,1.1881901357248157,0.9698595392115574,2.4166666666666665,4.121527777777778,0.7565541963923116,0.8094166274192363,0.6898947430930449,False,7.788567524472594,guided_rematch
811,685,0.7116152936299478,812,686,292.0,313.0,64.87005768508881,68.5269119345812,0.8719752280341992,0.8375907619883606,0.8213944164193108,0.8399392945914753,0.9636963696369637,0.9601226993865031,25.694733190291455,27.165315737832003,14.65526340868408,14.742083531144987,1.7532767903076965,1.842705319125412,0.4296394011897562,0.4573196323790818,19.281751659604673,19.963065333312567,1.0410545640815407,0.9335605792033874,1.093475305582471,1.1030155979693914,1.6946842906853774,1.3793312861946498,0.7834505656707044,0.8782439314215428,1.13013698630137,1.4920127795527156,0.7428024622203878,0.7842911344941205,0.687933284715606,False,8.130006781849657,guided_rematch
1035,892,0.7218094791420435,1036,893,345.0,327.0,75.94112549695427,73.698484809835,0.7517525333899027,0.7565549870143057,0.8014099443760871,0.7992519613166403,0.8823529411764706,0.9033149171270718,28.442574371573112,27.44265839923613,17.01194339591982,16.492930445918468,1.6719179995857993,1.6639043309630526,0.4018845420363081,0.39900390822277076,20.958712816717327,20.404639941160397,1.0975995985176925,1.055218628631639,1.754804376319878,1.3616675440102501,1.8284354469412887,1.387742402085668,0.6409106849599874,0.7885132388290557,1.208695652173913,1.36289500509684,0.7415189616913769,0.7666764784361305,0.6834627990244795,False,4.399972274901241,guided_rematch
30,10,0.7233414909559397,31,11,468.0,463.0,82.5269119345812,82.66904755831213,0.8635043463971814,0.8513438181909041,0.751760061078164,0.7546109304575425,0.968944099378882,0.9605809128630706,30.268787554134807,30.229076132719285,19.96035050826057,19.83548831767445,1.5164456927551497,1.5239895105472956,0.3405632626492855,0.3438275046651209,24.410573670769317,24.279825147895533,1.311402303012654,0.7959893410820308,1.5202667924143676,1.1789956799746588,2.0395359938494644,1.3892392680993197,0.6158640305669384,0.8917360265396029,1.1403133903133902,0.7530597552195825,0.8197643363569043,0.8335979129798639,0.6827909614476045,False,21.33815187747303,guided_rematch
473,390,0.7259043692241947,474,391,541.0,601.0,88.5269119345812,92.66904755831213,0.8674740639493496,0.8794576625693198,0.6807895651168626,0.6520428158471897,0.9524647887323944,0.9570063694267515,30.981395337823866,32.02008746004388,22.693223222229683,24.27705862110615,1.3652267478458198,1.3189442740895327,0.2675209436250118,0.24181785413921297,26.245429958408437,27.66255531193445,1.202415693679414,1.2816049624327912,1.4035332793039794,1.2994990346882185,1.5125002696512282,1.49889530808162,0.7284295187964642,0.7352942428628692,0.4614910659272951,0.7731558513588463,0.8298923652642914,0.7932389446862347,0.6816670550195002,False,4.266722125936641,guided_rematch
236,199,0.7456676341084597,237,200,341.0,368.0,67.698484809835,70.2842712474619,0.9349886646020861,0.9361412673375468,0.5846069719060725,0.6533021262729616,0.96875,0.968421052631579,23.30557737892247,24.93279166749904,18.908202704433698,18.876549419890654,1.2325643924611436,1.3208341796423229,0.18868336119686746,0.24290269330341197,20.83685880248485,21.646065519224038,1.5831553762962542,2.208731240073631,1.8810876289783969,2.2490076351261377,1.987591056772024,3.238980571612554,0.550273534714622,0.389776452257524,1.469208211143695,1.1693840579710144,0.7485456718171216,0.7140240308217308,0.6730002132428601,False,3.7857575145806632,guided_rematch
1027,885,0.7532705009856712,1028,886,407.0,447.0,91.9827560572969,99.39696961966999,0.6044932240141216,0.5685531881791894,0.9517687150367115,0.9490744453576356,0.9399538106235565,0.9490445859872612,41.23283677553684,42.7772869429114,12.650911197642433,13.477065356822038,3.2592780181099372,3.1740802474670575,0.6931835840810222,0.6849481040065044,22.764193258431348,23.85661494212072,0.7263840390044896,0.8496318242006358,0.8102118521718638,1.1063896467982763,0.9077612340284819,1.1318778770173434,1.2273165688702719,0.9715342573997031,0.6076986076986077,1.4675615212527964,0.716571254378035,0.7689148296009192,0.6696661060161685,False,4.769302404904501,guided_rematch
826,704,0.7592869545433196,827,705,478.0,537.0,83.698484809835,86.42640687119285,0.8574376877395303,0.9034231895340413,0.6909302800469769,0.6550654076535333,0.9540918163672655,0.9623655913978495,29.336095311849963,30.11780446175606,21.207691043386543,22.756175024619047,1.3832762487832546,1.3235002995526595,0.277078601704026,0.2444278249593158,24.669991941291908,26.148224328293928,0.7255111062393276,1.1796572903083236,1.4771419939449988,1.2195605037355761,1.9940711256864145,1.959284946505399,0.7148432535801318,0.6883097656655166,0.700836820083682,0.40099317194289263,0.8607251599546942,0.8598572432839618,0.6670276932161581,True,1.8963565973194652,guided_rematch
1104,950,0.7785281919201545,1105,951,204.0,213.0,54.8700576850888,55.79898987322333,0.8514696998629488,0.8596799411070501,0.774463839734282,0.7630291213794287,0.9400921658986175,0.9342105263157895,20.589949980424404,20.760492432193036,13.025576671149771,13.418837169625107,1.5807323161383628,1.5471156084363635,0.36738182057102375,0.35363589214210145,16.11647812414279,16.46815177937675,1.8644658842811759,0.7886452750758958,3.3886833402990324,1.2612315768167723,3.9591945844370366,2.579242542497305,0.3256500258993302,0.6480714244777739,2.047385620915033,1.5039123630672926,0.7882774756093752,0.7859285282339039,0.6585897776739456,False,20.986453654179883,guided_rematch
124,98,0.7831342427598884,125,99,749.0,758.0,104.08326112068522,106.42640687119285,0.8688201800319956,0.8409695476318982,0.7290667321740033,0.7841682808080853,0.9714656290531777,0.9656050955414013,37.5294160455264,39.74116847481064,25.68673184430113,24.661311806997038,1.4610428556271435,1.6114782857388417,0.3155573800258198,0.3794517686960249,30.881327999401787,31.066309322306914,1.1549719140029864,1.3880245069411747,1.1886230609796635,1.3907532400749099,1.9502757118529896,1.4138918480195939,0.6986703184140006,0.7155345614527182,0.48776145972407653,0.23966578715919085,0.9074854173042938,0.9287087278421868,0.6565698728618152,True,2.314363551346633,guided_rematch
985,835,0.784718796493795,986,836,301.0,309.0,67.698484809835,67.4558441227157,0.8253125749126919,0.8533539063302362,0.5922433028078498,0.5526596320593363,0.9121212121212121,0.9335347432024169,22.242694836593007,22.01167638588788,17.922255747480893,18.344686547785667,1.241065586273613,1.1998938400255657,0.19424081123498838,0.16659293793966523,19.576646877473273,19.83509564693766,0.7838201913916975,0.7927646861496316,0.9401163218088955,0.8974646838161277,1.6106713564139743,0.8997395377120844,0.8996560067336363,1.1583150635927089,1.0321151716500554,0.5965480043149947,0.6693115406853986,0.870243229426524,0.6558749939246167,False,3.1561184888821847,guided_rematch
136,109,0.7850913508565794,137,110,375.0,385.0,79.01219330881976,77.01219330881976,0.7548365075026777,0.8157397190141529,0.8671582607783708,0.8377585990175397,0.9517766497461929,0.9600997506234414,31.670724386916323,30.496482865907907,15.773055757179549,16.65232318940695,2.0079003634093224,1.8313650605404805,0.5019673195825085,0.45395922334300975,21.850968611841584,22.140398025397776,2.1589548286950926,1.8636592591098746,2.3539061165679604,2.013129820969583,3.3522472667197065,2.5592896528703517,0.3814314970809172,0.4661223276591316,1.5644444444444443,0.8822510822510823,0.7072927660373823,0.908949683910094,0.6557116165811283,True,2.8449932949209686,guided_rematch
450,371,0.7913961592066083,451,372,294.0,252.0,74.2842712474619,67.45584412271572,0.6695198539993955,0.6959391080751439,0.9306239025030645,0.922260193984328,0.91875,0.9264705882352942,32.375545261423184,29.29613744492054,11.84870437794069,11.324999125154141,2.7324122729990896,2.5868556033572143,0.6340230169942831,0.6134302978866688,19.347672370394786,17.91246396432554,0.8607397885054053,2.298017301354822,1.9477114745467103,2.3302795655376904,2.0807669683200003,2.4590091094984428,0.613595028495604,0.423292011096109,1.439909297052154,1.7063492063492063,0.7318930708481431,0.8127771739521611,0.6529467507190487,False,5.202628291775981,guided_rematch
669,568,0.7980005402741768,670,569,190.0,184.0,56.284271247461895,53.45584412271571,0.7536841294349328,0.8091653985637837,0.8113472288920036,0.7866056882797723,0.9047619047619048,0.8932038834951457,21.323488529388154,19.85153697297451,12.464954766258211,12.257443849192544,1.710675163227178,1.6195494931255365,0.4154354833132047,0.38254434072890253,15.553633450087505,15.306079714651624,0.6462878713292731,1.3660819251159066,1.147892375646428,2.670427754024533,2.7369383148495725,2.7707924586759707,0.6620881707389065,0.4407032241648547,1.5947368421052632,2.3369565217391304,0.8380401065164328,0.8790785534919453,0.6500505123656972,False,4.781343404683916,guided_rematch
602,518,0.8017766984131487,603,519,326.0,265.0,73.11269837220809,66.5269119345812,0.7663758991209395,0.7524211739071703,0.8855550756507291,0.8782835080556811,0.9367816091954023,0.9265734265734266,30.169214661346825,26.88159562937388,14.014638005392584,12.853172315111102,2.1526931091433292,2.0914366485050517,0.5354656008547576,0.5218597700701119,20.37341629633241,18.36868202552426,0.9710223292655421,1.3134667842903074,1.0280582919324215,1.3965444064908346,1.0430667989212754,1.4507394358792094,0.98614550371869,0.7210237452774155,0.7576687116564417,1.6716981132075472,0.6056315833718856,0.6090969519630182,0.6483945428026876,False,3.4084102948634105,guided_rematch
692,585,0.8127358168554407,693,586,232.0,250.0,66.04163056034261,67.5269119345812,0.6684397592257579,0.6889633084918176,0.9295706419995503,0.9113460898434175,0.8992248062015504,0.8960573476702509,28.737806926610183,28.353374444969077,10.594020985210602,11.67141112219831,2.7126439495191255,2.429301319961448,0.6313559690805454,0.5883590101470535,17.186959427966244,17.841241161527712,0.6546483537503558,0.6593929305201507,0.6832398804227265,0.8749572203689231,1.176989993710897,1.567274700020412,1.1929007006133265,0.9672349636740606,1.6795977011494254,1.34,0.8991146150346294,0.8402732047774671,0.6435886088587255,False,5.383037807989713,guided_rematch
1073,923,0.8273134741947923,1074,924,437.0,469.0,78.18376618407356,79.35533905932738,0.8983759705734512,0.9359020608104514,0.708508452766571,0.6776608978016407,0.9625550660792952,0.9811715481171548,28.30291727345568,28.64995995881413,19.973434541163567,21.068450999316195,1.4170280637076087,1.3598512752429688,0.29429767439924104,0.26462546441240287,23.58825303088947,24.436639426909572,1.3162589856011084,1.2588874554431593,1.5981688682513164,1.7687066392433983,2.2635848513091763,2.532628155249735,0.5793728541858362,0.5395467780149207,0.47520976353928296,0.7583511016346838,0.7971156856750854,0.8478547329797904,0.6371958265743154,True,2.3129284454970054,guided_rematch
1040,894,0.8303704428510307,1041,895,400.0,386.0,76.59797974644667,76.5269119345812,0.8567127387323704,0.8282640110517728,0.6618058512903415,0.5931897732903999,0.9501187648456056,0.9346246973365617,26.19322187627343,25.20252631353579,19.63641076521651,20.28961297189156,1.3339108755390015,1.242139332497391,0.2503247268330998,0.19493733606402786,22.56758334191025,22.16913314200113,0.8685520378699989,1.1899345961909706,1.2316982145484394,1.4021679588390938,1.3989698750809536,3.003151274997794,0.8573338888925105,0.5361687049656267,1.1183333333333332,0.9525043177892919,0.7277319608706443,0.8528591291379803,0.6358552452576696,False,4.391383019250187,guided_rematch
412,338,0.8556246674197212,413,339,423.0,440.0,75.01219330881976,79.49747468305833,0.9446838766372693,0.8748948787230382,0.5435701371010966,0.5722147454797407,0.9724137931034482,0.9565217391304348,25.52009275902644,26.523833677862996,21.420640777381866,21.75229747351227,1.1913785877952447,1.2193578039359296,0.16063624926263642,0.17989617422209547,23.207333483685147,23.66908109081279,0.9097076072692419,0.930507318796078,1.2002397365237634,1.102532045950407,1.2107591349789364,1.7836988193503258,0.9034222142721434,0.7860114724400247,0.6989755713159969,0.3878787878787879,0.862493711520155,0.9000309782160779,0.6247804370308752,True,2.7924939312323955,guided_rematch
194,160,0.8717805867621292,195,161,431.0,358.0,87.49747468305833,79.84062043356596,0.7074505631651825,0.7057405707839035,0.8890082586101037,0.8809586210468402,0.9308855291576674,0.93717277486911,34.9720293591396,31.97171488953389,16.013383156375156,15.128801573823393,2.183925096753632,2.1133012243912925,0.5421088381252255,0.5268066906609414,23.42576026046658,21.349935761383176,0.7621136986503387,1.0333411019527035,1.0513665029789492,1.1551914428537764,1.2856050918149833,1.8189744769751914,0.9680275681169944,0.7485950701257287,1.068832173240526,1.0400372439478585,0.8561462489564948,0.9271791288591377,0.6176955349402146,False,4.880809567936013,guided_rematch
275,231,0.8755821924052285,276,232,361.0,299.0,74.5269119345812,67.62741699796952,0.816753140775901,0.8215527472747851,0.7857040700187112,0.825737341328293,0.94750656167979,0.943217665615142,27.412555053189564,26.16070753058454,16.95747644660804,14.756073250768074,1.6165468452514244,1.7728773153943809,0.38139745041259954,0.4359451771892363,21.43920417481474,19.511499785403828,0.9281433703981996,0.8979378312921408,1.1002709292446682,1.0243902671958742,1.7958671169725888,1.8023294845253128,0.7844610982250994,0.8054431670932112,1.363804247460757,1.5953177257525084,0.7961799237907994,0.7895004478411164,0.6160284058095336,True,1.0532640804026003,guided_rematch
637,540,0.882815466846322,638,541,461.0,521.0,81.69848480983498,86.66904755831213,0.8679261731935854,0.8716046517771959,0.6035159615226168,0.6588302144579915,0.944672131147541,0.9594843462246777,27.416986695458746,30.10870602827323,21.860959471768776,22.650528574772444,1.2541529446987456,1.3292716736777395,0.20264908340967502,0.24770833547271243,24.22732816723524,25.75573339679963,0.7565547092347644,1.0917604324692667,0.9954305759170545,1.187101715626124,1.1651936812884969,1.3937486788467268,1.0283907962152719,0.8168575820754345,0.6767895878524945,0.5079974408189379,0.8259715628950696,0.9390364868953402,0.6128563770240527,False,4.7930252108695495,guided_rematch
900,771,0.8927802596949047,901,772,438.0,498.0,84.42640687119285,89.59797974644665,0.7721956694561414,0.7795478393597552,0.809832524144184,0.8370049160464238,0.9182389937106918,0.930841121495327,31.299479166852016,34.374751392566715,18.362187853393255,18.80970473042036,1.7045615379143397,1.827500850503702,0.41333886881926496,0.4528046322252728,23.615226456547084,25.180812005932435,0.8682387696964847,1.1431619897556424,0.8920850096478345,1.2454379919998344,1.0917238755422287,1.8457958703868818,1.0518758320394674,0.7084835959496263,0.6004566210045662,0.6144578313253012,0.7738122584857293,0.9238155104261357,0.6084864875618909,False,3.1936299317510417,guided_rematch
800,670,0.8932683435179116,801,671,492.0,540.0,91.01219330881975,95.25483399593904,0.7464071751926435,0.7478759626162609,0.6408469508570187,0.6070919573474066,0.9283018867924528,0.907563025210084,29.917746299462788,30.987121462419534,22.966916485339404,24.623345431438583,1.302645321088721,1.2584448180975365,0.23233133086124858,0.2053684153495442,25.028660691489268,26.221162334209897,0.8953711845438509,1.1810512422758586,1.2162284507351753,1.2303154885278413,1.4881520478498858,1.6144396072287257,0.8333908180556481,0.745192328716493,0.8556910569105691,0.8024691358024691,0.8769609429182239,0.9246255080126741,0.6082724467496815,False,3.949054282456503,guided_rematch
95,73,0.8943301820814932,96,74,607.0,560.0,95.15432893255071,92.42640687119284,0.8424447992024455,0.8237695815360558,0.767511601366558,0.8191488235909927,0.9559055118110236,0.9671848013816926,34.791182814311654,35.39570786325467,22.30236778967127,20.302306784636553,1.5599770904336103,1.7434328147400378,0.3589649449774672,0.42641896404301105,27.80029502818709,26.702324712498182,1.239221298146879,1.4948889167140547,1.3147446247413086,1.5316541129482995,1.3294349953689637,1.5400583942120825,0.7725187440462323,0.6569436921549228,0.6556836902800659,0.2708333333333333,0.7202054006146964,0.8890286885582482,0.6078067956097111,True,1.401847446970777,guided_rematch
75,56,0.8992130922192282,76,57,365.0,450.0,74.5269119345812,82.42640687119285,0.8258030370725871,0.8323186781348108,0.8417978575418762,0.8296287636940539,0.9656084656084656,0.9615384615384616,29.6728641004454,32.071536856699595,16.017201148256003,17.906033749465937,1.8525623687804071,1.791102223162969,0.4602071072736258,0.4416845744102391,21.557653718072718,23.936536824085962,1.3812149453110338,1.8234543511196128,2.4564201631082883,2.2139027582942754,2.5847047543051036,3.253999600752396,0.46711947111552704,0.4114460613094299,1.347945205479452,1.0355555555555556,0.6561406692124008,0.887542024302974,0.6056654788879484,True,1.8621246697744323,guided_rematch
438,363,0.9052242711267572,439,364,237.0,241.0,61.35533905932738,60.2842712474619,0.7911402663175655,0.8333335676437222,0.8875968266811074,0.8478186130053668,0.948,0.9488188976377953,25.643518368049897,24.090578160275843,11.811947740176091,12.77490445411237,2.1709813599012424,1.885773646825268,0.5393788180449923,0.4697136627805161,17.371176474327626,17.517155313611116,0.9184397514757352,0.7616235902026007,1.109759843567168,0.9195126631393246,1.6267891539492727,1.7284355552412376,0.8207959602686105,0.8798758813197254,1.2531645569620253,1.2890733056708161,0.6892579456772926,0.5795511941055852,0.6030293791955282,True,1.1337177203716315,guided_rematch
70,54,0.9101613102045237,71,55,362.0,290.0,70.42640687119285,62.2842712474619,0.9171647856296472,0.9394011492429828,0.5447854612078004,0.5768721935610625,0.9576719576719577,0.9602649006622517,23.57346093351853,21.384027160047943,19.768125834063095,17.467209456565886,1.1924985267393602,1.2242383199916191,0.1614245405113477,0.18316557840891157,21.468877828012552,19.21560480373171,0.9180239710078246,1.0166072388108152,1.4898680834930282,1.1552714895546567,1.525073219415804,1.4606972689037505,0.7627832414122587,0.8258602166218245,1.244014732965009,0.7620689655172413,0.7450776594531979,0.879409654994812,0.6008643251529566,True,1.6575993728479061,guided_rematch
1005,861,0.940263852781721,1006,862,393.0,397.0,76.91168824543142,77.35533905932738,0.8348678278486629,0.8337191607967701,0.8276197486940651,0.805881543370359,0.9679802955665024,0.9474940334128878,30.037105233490486,29.430078919363822,16.859502379776334,17.4248669741032,1.781612799528486,1.688970077252397,0.43871081288557445,0.4079231991920236,22.36924542940416,22.48279562821002,1.0632103501915806,1.1796287594276895,1.3333396448296746,1.2489873858992027,1.4599410821051308,1.314129442822062,0.7779092288825963,0.8015506075270553,0.7260390161153519,0.8303946263643998,0.9036053146494538,0.8819775615620419,0.5876633699909958,False,11.830755884437398,guided_rematch
209,177,0.9449928490335519,210,178,468.0,517.0,79.94112549695429,82.42640687119285,0.9202698635336732,0.9562416813237715,0.6579705359991785,0.5869101683442102,0.9669421487603306,0.9736346516007532,28.223674131561676,28.529370029519136,21.253659239426018,23.09886314499177,1.3279442289733394,1.2350984483712477,0.2469563267930912,0.19034794245048026,24.410573670769317,25.65667251667837,1.1804599738330908,1.1776624973171699,1.7764313946070105,1.7044532434317652,1.9454824231219334,2.205798288666202,0.6119484412150701,0.5896326043749709,0.9615384615384616,0.49065119277885233,0.779148821521328,0.8716178615751818,0.585589549571295,False,3.780952546554913,guided_rematch
1026,881,0.9457509610685562,1027,882,161.0,177.0,45.79898987322333,47.21320343559643,0.9645482138361425,0.9978291646651207,0.5882486983019897,0.5009251032673993,0.9470588235294117,0.9567567567567568,15.967870235649936,16.141717976464008,12.912898551528702,13.970505756769878,1.236582954007609,1.155414002720839,0.19131992175767387,0.13450936405034097,14.317526556719258,15.012108426804138,0.7892884687711148,1.1899345961909706,1.5017693268127126,2.587629139919057,1.9150890103125922,4.075171685328601,0.713241866830332,0.3820324815490087,2.619047619047619,2.3879472693032016,0.7267133526568686,0.8807570349523853,0.5852570925053788,False,3.111097233390808,guided_rematch
393,327,0.9573591993970667,394,328,446.0,421.0,80.42640687119285,75.35533905932738,0.8664577478512668,0.9316738442569481,0.6853223086613724,0.6407155861787208,0.948936170212766,0.9655963302752294,28.196090313008316,26.493894120098656,20.53351762790293,20.341437327404613,1.3731738917784229,1.3024592949685647,0.27176011283983736,0.2322216871859052,23.829914749152643,23.152404806704283,0.9334489767047517,1.1533266994018443,0.9531217443948448,1.2748976907041911,1.4894290279297198,1.461964602611225,0.8886256584771888,0.77117075947113,0.570254110612855,0.4782264449722882,0.8805897720031776,0.8786800449157716,0.5801664981381076,False,4.663132823123016,guided_rematch
571,484,0.9580869500693686,572,485,722.0,673.0,101.25483399593904,94.91168824543144,0.8849434713709394,0.9388269138464446,0.5347571293766448,0.4846325227527251,0.9575596816976127,0.9753623188405797,33.13666679717633,31.398002233845745,28.00067584308438,27.464393022314436,1.1834238210132504,1.143225783593153,0.15499419375908996,0.1252821495531662,30.319613310508885,29.2726871606753,1.1425486799881404,1.158861549017383,1.1965538420951847,1.6170134944710506,1.2226163657508962,1.7679714532144561,0.8422899432762964,0.6602335713094319,0.4718374884579871,0.87518573551263,0.8976665693498749,0.8574362934537527,0.5798473555284922,True,2.638442260913692,guided_rematch
1054,911,0.9624662459924231,1055,912,521.0,520.0,90.91168824543142,94.08326112068522,0.7921513046190407,0.7382245479843937,0.825423784179318,0.8627198171228077,0.9524680073126143,0.9506398537477148,34.67389202520401,36.47007390915653,19.57388275097431,18.442268281220674,1.7714365854918632,1.9775264817231375,0.4354864248655357,0.4943177705875069,25.75573339679963,25.731003930322746,1.091214544299437,1.5794401748637075,1.419349339754817,4.417242138841486,1.5478979130379076,5.09929491223848,0.7391963137732289,0.2703682549911561,1.1625079974408188,0.6942307692307692,0.7294551239689512,0.8176775386124664,0.5779268902065697,False,8.622676044247616,guided_rematch
832,714,0.9924204871894736,833,715,431.0,405.0,77.01219330881975,75.94112549695429,0.9132047244028572,0.8824921044142331,0.39124366877218714,0.5034569840456814,0.9599109131403119,0.9551886792452831,24.619916159485747,24.7032269926437,22.65739184951893,21.344089402783684,1.086617397227408,1.1573802248702125,0.07971287543197747,0.13597970786813895,23.42576026046658,22.708192698181442,1.2200343299650942,0.6441901518007327,1.221901558612011,1.0770156507507542,1.3615335414943048,1.5082306322821657,0.7887535459812215,0.9289546521619425,0.3395204949729312,0.48559670781893,0.8948323399947536,0.741912230050246,0.5647909700782694,True,0.9534775573167341,guided_rematch
1180,1023,1.0072807040361103,1181,1024,299.0,304.0,66.76955262170047,68.76955262170047,0.8427992097030258,0.8077761932437351,0.7921071715922874,0.8457081995568905,0.934375,0.9296636085626911,25.294933419763396,27.18432862043283,15.439572937215386,14.50679773428332,1.6383182049545393,1.8739027811898985,0.38961796494976486,0.46635438613041824,19.511499785403828,19.67396303746374,0.5441175694218857,1.3752527664035004,1.1244820920239884,1.3939720541905005,1.595152160382972,1.4239247509712485,0.9191875374638465,0.7154526564813519,0.2987736900780379,0.7510964912280702,0.9331722848345742,0.7947222062429496,0.558274276154944,False,5.527913509013397,guided_rematch
405,333,1.0232700285397036,406,334,236.0,221.0,58.66295090390226,56.04163056034261,0.8617753277065033,0.8842612871349663,0.7531869504063109,0.7550476630747935,0.944,0.9444444444444444,21.663264519097755,20.808508924120243,14.250236644869398,13.643513103785734,1.520203843554929,1.5251576896529973,0.3421934800128221,0.3443300933508592,17.334489682638438,16.774562271083887,0.7091392295186134,1.1533266994018443,0.9531217443948448,2.046433101940186,1.3312253101325304,2.3668975115805524,1.002175963186712,0.5389230612482148,1.3742937853107344,1.2126696832579185,0.8821505787180989,0.8944842306230987,0.5512624313813443,False,29.270412903773728,guided_rematch
1179,1026,1.0329992759027673,1180,1027,554.0,477.0,86.66904755831213,82.08326112068524,0.926811856208381,0.8896497034045422,0.6829227794626732,0.7248483964160053,0.9702276707530648,0.9714867617107943,31.089663667291937,29.943932469880206,22.7107062277424,20.62862701225571,1.3689430595211598,1.4515717624876423,0.2695094269663866,0.31109158648399005,26.558891313141824,24.64417299969047,1.4554204368884538,0.9697603942723766,1.4785928455529367,1.1841059577875264,1.5756165363504866,1.2780953699760877,0.6652430732781733,0.8741356235815673,0.36823104693140796,0.5751222921034241,0.8620442700954958,0.7788641038291058,0.5469958363629981,False,4.142792503380284,guided_rematch
662,558,1.0359170888363216,663,559,279.0,337.0,76.6274169979695,82.2842712474619,0.5970981073721524,0.625469462127629,0.9520745187586372,0.9435809476367863,0.93,0.903485254691689,34.65548182015434,36.677823318102234,10.59993931142008,12.145566168302356,3.2694037958139526,3.0198529084485544,0.6941338352636739,0.6688580436476461,18.847647942942654,20.71428798138497,1.0488742666854196,1.0053218334151481,1.5933097142646038,1.638239396182778,1.6403612625736954,1.6556772130652535,0.7005179932510348,0.6977980030671754,1.6224611708482677,1.2294757665677547,0.750213275153496,0.6835653116055808,0.5457162794083633,True,1.3048720145391033,guided_rematch
417,341,1.041045652970348,418,342,371.0,335.0,73.698484809835,70.52691193458118,0.8583544348082796,0.8463401308110525,0.8089403804683584,0.7852603382555463,0.9661458333333334,0.9517045454545454,28.44511422283444,26.514724483269983,16.722617766118525,16.41700873949816,1.700996495923426,1.615076467583125,0.41210931216108915,0.3808342700352473,21.73411767467788,20.65272978291924,1.1180390773533577,0.9730671276691327,1.3329124337307492,1.0934082971637118,1.7570060219763328,1.5849908596533289,0.712934951560242,0.8215877585248342,1.4258760107816713,0.746268656716418,0.7745940868821362,0.9097741840908525,0.5434672353282859,False,18.89120627873486,guided_rematch
1042,898,1.04142888012054,1043,899,493.0,477.0,88.42640687119284,88.76955262170047,0.7923057849417549,0.7606768174080258,0.7544082460111883,0.8107046916356297,0.9214953271028037,0.9208494208494209,31.490995032783527,33.207923824393944,20.670862769848714,19.441754853594766,1.5234485073703579,1.7080723460646776,0.34359448634984613,0.4145447045589402,25.05408341078227,24.64417299969047,1.1022266657034772,1.3319952762593112,1.1315957895578426,1.374385699530876,1.322686617984703,1.3935321783701105,0.8435237864476759,0.7317228163615648,0.44016227180527384,0.8336827393431168,0.9503473407674495,0.8898891807554739,0.5432991776164313,False,9.082474045590558,guided_rematch
346,291,1.0424488798035039,347,292,474.0,531.0,85.84062043356595,87.84062043356595,0.8083557089310508,0.8647958480606329,0.7785731127287716,0.7369958975157918,0.9423459244532804,0.9619565217391305,31.617015551885093,31.96794253118289,19.841381686257762,21.607043368677132,1.5934886013398548,1.4795148964029727,0.3724460914504385,0.32410278366833567,24.566553364370574,26.001734523957655,0.9849996866581546,1.1405126923837654,1.0696536013350917,1.3964848617509367,1.0716357390219577,1.8251690192579644,0.9596041741745877,0.6877316465397505,0.39592123769338955,0.41745134965473946,0.7532831153619967,0.7952350576249598,0.5428518742019277,True,1.8694856088660123,guided_rematch
430,358,1.0545003759244207,431,359,486.0,404.0,89.84062043356596,79.84062043356595,0.7566597774483297,0.7964223201025058,0.7957853758010127,0.8199120451992488,0.9310344827586207,0.9417249417249417,32.93835794181012,30.339905208328048,19.946769988701284,17.369277441708157,1.6513128672194963,1.7467568993672724,0.3944212390933439,0.4275104908060017,24.875578761936154,22.680140565547774,1.3177118922825874,1.2250579130523542,1.9403034440122642,2.1941747488672,2.6065003803002984,2.714125391284321,0.5115511910916585,0.4891284633925608,0.8422496570644719,0.8547854785478547,0.8658358882073675,0.8929867346962418,0.5375668967114455,True,1.4056031936477476,guided_rematch
187,153,1.0620550840038896,188,154,505.0,410.0,85.01219330881976,76.2842712474619,0.8780895322958175,0.8853677882848725,0.6705995574897581,0.7101115463064659,0.9637404580152672,0.9601873536299765,29.743514684743573,27.57989760058472,22.06432045296444,19.418707846632678,1.3480367432185023,1.4202746041811036,0.25818045759461117,0.29591080692696325,25.357168021907675,22.847936741452536,1.306062833272143,2.57006889666954,1.4168722394525213,3.2465522387694548,2.23527641055201,3.4348536402226433,0.6050568859594965,0.3242726238515252,1.2336633663366336,0.9373983739837398,0.8299145486067467,0.7443383806277973,0.5342539087017777,False,3.1121957381497047,guided_rematch
975,821,1.067633695646221,976,822,356.0,384.0,72.2842712474619,77.84062043356595,0.8561941341822372,0.7963949742573353,0.8110738628862294,0.8061025266898666,0.967391304347826,0.9504950495049505,28.02550706604582,29.36160627354609,16.39334515763048,17.37549099393495,1.7095660950566278,1.6898288677882534,0.41505625147129743,0.4082240994563797,21.290215544369623,22.111625566165472,0.8355739869073191,1.0599811094915992,1.0052621348072448,1.2169716589260113,1.330425674636908,1.2622943691478408,0.9459956927717198,0.8476378968165573,1.054307116104869,0.611111111111111,0.6922904582716449,0.8060690282211437,0.5318075039847159,False,12.797655345538182,guided_rematch
467,388,1.08500141798263,468,389,79.0,61.0,31.313708498984763,27.071067811865476,1.0124368560712562,1.0459933549553553,0.51713088859219,0.43839368138048135,0.9404761904761905,0.953125,10.870139943607139,9.372237819085782,9.303821575113188,8.423608540113605,1.1683521503339767,1.1126155464673793,0.14409367097570092,0.10121694490512956,10.02925341359355,8.812923024107548,0.5011415981879195,0.7530691042306458,0.7738444695285056,0.8629584412098763,1.014914008591463,0.9336588271987528,1.3101008341102112,1.1766153014712113,2.4556962025316458,4.688524590163935,0.736963159548667,0.78419297203162,0.5241911864181726,False,11.131334718176536,guided_rematch
290,244,1.0955502039625822,291,245,853.0,769.0,113.39696961966997,106.08326112068522,0.8335967209841881,0.8587020107967616,0.6975860243987043,0.761432914450334,0.9509476031215162,0.9540942928039702,39.028946170564666,38.98470778991946,27.96428047344748,25.271591888758305,1.3956713889929426,1.5426296832239221,0.28349896122642615,0.35175628287528293,32.9556267071208,31.29091257699814,1.328303084334535,1.4720149469186488,1.3782318691146982,1.4912384859629921,1.6138174487637469,1.5644002375984303,0.6943878000468975,0.6625948489743712,0.6697928878468152,0.5609016038144776,0.8427987447445098,0.8201488373588162,0.5195651967570881,True,2.411339939074847,guided_rematch
537,451,1.0979738021869072,538,452,365.0,341.0,69.698484809835,65.698484809835,0.944182734366518,0.9927811800715042,0.63120465086322,0.5146963207480666,0.9707446808510638,0.9742857142857143,24.565058971082312,22.499526368716428,19.05306084367241,19.2904764003917,1.289297251115453,1.1663541066440208,0.22438367169802276,0.14262744538421146,21.557653718072718,20.83685880248485,0.7994275137967952,0.7774702846727871,1.8854578920427065,2.127424243867532,2.0476611485925127,3.5476424622001224,0.633908185687156,0.46493340593088855,0.6904109589041096,0.8387096774193549,0.8656312668506487,0.7857495487065944,0.5185023692099506,True,0.7688880400125271,guided_rematch
439,361,1.1047355296573111,440,362,425.0,370.0,93.49747468305833,89.25483399593905,0.6109406633673887,0.583644093647148,0.9321263389702165,0.9454042771324318,0.9259259259259259,0.9203980099502488,39.726747143008964,38.41897882871545,14.386375914540137,12.520741827548026,2.7614145062661417,3.0684267240608984,0.6378667535312711,0.6741000877881309,23.26213245840639,21.70480664627101,0.9184397514757352,0.7616235902026007,0.9959114340952349,0.8074404750063959,1.1104629274041777,1.0916992661294511,0.9917964833380318,1.1274959951026178,0.5513725490196079,0.6153153153153152,0.7493244799940183,0.7620767339830822,0.515537129282948,False,13.053704006814224,guided_rematch
211,171,1.1087186482348195,212,172,111.0,174.0,49.11269837220809,59.35533905932738,0.5782894253427834,0.6206396708758252,0.940902073139764,0.9376602669182617,0.8538461538461538,0.8571428571428571,21.00492225977667,26.28464291602018,7.113920599569933,9.135311643352589,2.9526506468242713,2.8772573878359684,0.6613212602460938,0.652446804297854,11.888212206450685,14.884343478431232,0.7746884232185917,0.9024372167434709,1.1905785606375487,1.0476849063766918,2.050488523387122,1.2384750540810203,0.7470574328015903,0.9408526173987504,4.33033033033033,1.6800766283524904,0.7348056280539765,0.8173858538527673,0.5137904007595477,True,2.2321627280087517,guided_rematch
592,504,1.1179217649702002,593,505,405.0,484.0,80.42640687119285,89.15432893255071,0.7868058024209934,0.7651918836710514,0.8569236745166497,0.8827611393864174,0.9484777517564403,0.9584158415841584,31.76682602478016,36.446453697856796,16.373998269617907,17.1233480617778,1.9400775242369346,2.12846538926645,0.48455668007735053,0.5301779370983157,22.708192698181442,24.824341676101277,0.9252755363537615,0.924551559461023,1.417971313416734,1.649246205974562,1.6101274324188535,1.808511020312405,0.7588454281992806,0.6845706559420248,0.6123456790123457,0.9490358126721763,0.705967243906045,0.6697704518123739,0.5097545313288345,True,2.784112868572756,guided_rematch
381,318,1.1186482625889247,382,319,343.0,411.0,70.2842712474619,77.01219330881976,0.8725447138499418,0.8708286351034202,0.6812657303141357,0.6137243495007788,0.9423076923076923,0.9535962877030162,24.682595997518,26.268706281329674,18.068553891243145,20.73967883881976,1.366052654024533,1.266591758024762,0.26796379549946614,0.2104796248165307,20.897874625046462,22.875783109789968,0.9561839087000209,0.8575671614211634,1.1813331461438479,1.0109113257710016,1.4629631099533569,1.4265998885834774,0.8332221988977284,0.9104487535273929,1.0126336248785228,0.9221411192214112,0.8719374395368394,0.8336837203400812,0.5094359382244329,True,1.587275117282631,guided_rematch
979,832,1.1326499201026978,980,833,599.0,510.0,96.76955262170047,91.01219330881976,0.8038207628291257,0.7737147547728619,0.8165604589566707,0.8132159329534998,0.9584,0.9426987060998152,36.86788507707429,33.86559220950001,21.282352442214812,19.70849001226622,1.7323218933234397,1.718325056278926,0.4227400785881015,0.41803793389038746,27.616489409343153,25.482389366284572,1.1160753030217947,1.2142775197462448,1.1211115912059726,1.6214836869424574,1.2458540932291486,1.6762789016357675,0.8613163068719443,0.6648877066640348,0.526989426822482,0.9888888888888888,0.87834544090513,0.6461897424583308,0.5032957508114113,False,12.341054754195563,guided_rematch
413,339,1.137011917132841,414,340,191.0,211.0,55.21320343559643,57.45584412271571,0.7873309801542568,0.8032003706773408,0.8111033413517477,0.864227220478407,0.8967136150234741,0.9254385964912281,20.939760434600082,23.202794690499154,12.247726016727407,11.673365242343268,1.7096855698765203,1.9876697258074922,0.41509712802207044,0.4968983091022583,15.594510349620345,16.39065416446578,0.9234878620672017,1.9298882470221381,1.2990079461003106,2.5499064049539015,2.6894811429725363,2.954511508927048,0.610752051534711,0.40353463189032457,1.6701570680628273,1.296998420221169,0.8538393754831838,0.7102392313663232,0.5013828716230884,True,1.384424048060548,guided_rematch
143,117,1.1394334359057385,144,118,380.0,296.0,73.94112549695427,64.94112549695429,0.8734164089947022,0.881986530682043,0.7480324393081604,0.7055012725426949,0.9571788413098237,0.9396825396825397,27.12626705065379,23.114496790789357,18.0026771292231,16.381443878908275,1.5067907320639937,1.411017060623706,0.33633783463068867,0.2912913472796891,21.996159369293583,19.413369239820483,0.9348718181702632,0.8314126674650466,1.2736011863103864,1.262365295859322,1.4335307133709623,1.6733806372037303,0.8237223881170762,0.7963561713540399,0.8359649122807018,0.9752252252252253,0.8839602130925114,0.9362485179789632,0.5003209559838068,True,2.367134096278954,guided_rematch
551,467,1.1432682730450472,552,468,443.0,338.0,77.94112549695429,68.18376618407356,0.9163897956606732,0.9136178834249888,0.6569738735169538,0.6454502239897459,0.9609544468546638,0.952112676056338,27.41200992204729,23.753997212602044,20.666280052545478,18.143358558340793,1.3264123902487683,1.3092392533730726,0.2460866564941766,0.23619766408344434,23.74963406702674,20.7449985808745,1.5170543561157406,0.9202989310626818,1.5236628965453163,1.498863177195717,1.6316978876606512,1.6726553594681874,0.642066235534337,0.733170534526996,0.9142212189616253,1.331360946745562,0.791138672565867,0.8423365223586528,0.4986392537488672,False,3.8685717627460368,guided_rematch
1196,1043,1.1675405319011993,1197,1044,86.0,60.0,37.31370849898476,30.48528137423857,0.7761961538209141,0.8112985480094018,0.9064737470588792,0.9291693673791959,0.9555555555555556,0.967741935483871,16.48809775978938,14.341871890672795,6.962300050113021,5.301534327634322,2.3681969523163144,2.705230411489668,0.5777378232744079,0.6303457199975295,10.464157913908982,8.740387444736633,1.1244820920239884,1.3939720541905005,1.2074963654754143,1.6733689214248852,2.1350942775144715,2.815835634873294,0.671580737086584,0.509928597868628,2.104651162790698,5.161111111111111,0.7789383016159911,0.7935480879877274,0.48799506978939367,False,4.611763093234172,guided_rematch
494,408,1.1697219473883695,495,409,494.0,423.0,86.91168824543142,78.18376618407358,0.8218270670358263,0.8695950470310518,0.773340666549691,0.7495227513695497,0.9518304431599229,0.9570135746606335,31.658293135859797,28.74523489044311,20.07106357017088,19.0287298787708,1.577310192117052,1.5106228883154427,0.3660092954463138,0.3380214163740489,25.079480359432697,23.207333483685147,0.8445078965891379,1.26183467076676,1.1364262096381201,1.3146367058058346,1.5017162318292627,1.5342205725391815,0.8614129208487057,0.7298041393367433,0.6956815114709852,1.0173364854215918,0.8077733645055764,0.7577225910491969,0.4870384473392504,False,13.17969570022379,guided_rematch
529,446,1.1713609239518696,530,447,372.0,409.0,85.4558441227157,85.94112549695427,0.6401316006061675,0.6958747817365272,0.9375212962254306,0.9165223279536685,0.9370277078085643,0.9533799533799534,37.68222753300744,36.23488026802675,13.110698050570186,14.493355232269407,2.874158750942223,2.500102956653537,0.6520721064303862,0.6000164723861892,21.76338922689847,22.820056393372074,0.8810436379154601,0.9616193035373934,1.1024553557895496,1.1150779331539944,1.4830467831131158,1.5382208865560916,0.865414794191364,0.8298943150903056,0.7482078853046594,1.1931540342298288,0.7159371269784848,0.821447778290019,0.4863197022010022,False,3.5417672119632884,guided_rematch
512,432,1.1714778084429898,513,433,488.0,596.0,81.84062043356595,91.01219330881976,0.9155706448570751,0.9041843016561288,0.5642246238684151,0.6163927413096106,0.9682539682539683,0.9612903225806452,27.60888115625537,31.20066363461658,22.794481067506393,24.568615602442918,1.211209023556668,1.2699398346040394,0.17437867407597485,0.2125611208094792,24.926710529686012,27.547246117573295,1.001055761175896,1.0149499225652463,1.2398286279441162,1.0218880140703297,1.4375951491254653,1.5447623435866082,0.815554353044168,0.8376144084436735,0.8825136612021859,0.2980984340044743,0.7389358867616278,0.8575099319012717,0.48626844450665807,True,1.0884698092018217,guided_rematch
828,703,1.177059662649512,829,704,337.0,376.0,74.18376618407356,79.59797974644667,0.7695237161356139,0.7457506122829858,0.7818595514806318,0.8381425151772928,0.9083557951482479,0.8973747016706444,27.398263996436526,30.939587409972603,17.081573797439702,16.876038275783984,1.60396602334986,1.8333442306995058,0.3765453971951884,0.45454869671777154,20.71428798138497,21.880083839428522,1.8817967849545068,1.7356404392989504,1.9125366308693297,1.9610000192128,2.3988187118272895,2.1843225895164746,0.4844059919997167,0.510120532215526,1.5806132542037585,0.9060283687943262,0.8720451266219493,0.7512528297659241,0.48382061781853236,False,5.887722772183695,guided_rematch
245,210,1.180721960455401,246,211,341.0,431.0,72.08326112068522,81.11269837220809,0.8246988525930531,0.823207721949379,0.8273092365374094,0.8322995571312841,0.9472222222222222,0.9556541019955654,28.05710585072755,31.690120447559078,15.760988425729686,17.566661506735567,1.780161566829435,1.8039922062258766,0.4382532357548564,0.4456738801038974,20.83685880248485,23.42576026046658,0.927433468760584,0.7701081134092779,1.6993721534351158,1.2715766383541371,2.1361141347441235,1.3700235945888388,0.629865744773223,0.8793248705469076,1.4506353861192571,0.7509667440061872,0.7705454019870767,0.7891783630254346,0.48221457975708604,False,7.532224620252314,guided_rematch
250,208,1.1810742104673606,251,209,430.0,539.0,82.01219330881975,91.32590180780451,0.8033808331279394,0.8121022063883634,0.7910183826538922,0.8254391082896874,0.945054945054945,0.9607843137254902,30.10514275227061,34.93943920940868,18.418096985767686,19.72300484103043,1.6345414390821111,1.7715069022709455,0.3882076183020742,0.4355088322161933,23.398568422792877,26.196872229566885,0.9564731932441616,1.0755476041541383,1.3689479073443795,1.3295731027791653,1.7291714107625926,1.8634273966696604,0.7399017266473206,0.7028150854075611,0.6364341085271318,0.6846011131725418,0.7641835116740321,0.6417350762872559,0.4820601065393585,True,0.7031935400029221,guided_rematch
667,567,1.1836576033791792,668,568,609.0,507.0,90.66904755831214,83.01219330881976,0.9309129017155181,0.9245577553481213,0.5247815752318583,0.5749009268038332,0.9744,0.9694072657743786,30.453167191926283,28.288197230288667,25.92286032208361,23.146054408440413,1.1747610724107986,1.2221606642371463,0.14876307745894302,0.18177697150465533,27.846056861676377,25.40733061895184,1.443450913187262,1.2901076139200696,1.9587963049546195,1.8079217985353198,2.2498332383280073,1.823328767525388,0.5307780069842999,0.6095878191112922,0.5730706075533661,0.5950032873109796,0.9206300721210309,0.7839724638794731,0.4809272037652095,False,3.279741818369973,guided_rematch
925,790,1.1841030116074593,926,791,501.0,471.0,87.59797974644667,84.42640687119285,0.8204637721668644,0.8303747952370836,0.8254462429115831,0.7597015868667907,0.9597701149425287,0.9671457905544147,33.79650607360979,30.84120781245931,19.07747658518145,20.055169734953143,1.7715396437630246,1.5378183391142148,0.43551926510893935,0.3497281346143907,25.25654394235911,24.488687706168772,1.1221728338651846,0.8629744725950209,1.1750495582942235,0.9047219443672295,1.7133149354375232,1.250761013990189,0.7480294421789027,0.9938851445234345,0.45708582834331335,1.1408351026185422,0.6837926619367035,0.7232258932691852,0.4807318776051279,False,7.158901565751416,guided_rematch
860,733,1.1870702658560195,861,734,408.0,372.0,75.11269837220809,73.94112549695427,0.9087476465152069,0.8550286951211294,0.7082768506312309,0.7862756491436601,0.9737470167064439,0.9562982005141388,27.41358265921329,27.82856020986924,19.352201234743355,17.19459613956896,1.4165614715703345,1.6184480277398858,0.2940652276166693,0.38212411961323833,22.792141940852034,21.76338922689847,1.0553083762914892,1.3886224661433078,1.0553174591470338,1.6036649571903792,1.6751885744441684,1.6758505426201913,0.7924318720348891,0.6426545277538699,0.559640522875817,0.6747311827956989,0.8981618876176661,0.8303225932900804,0.4794306390074604,True,2.503087158535687,guided_rematch
1088,938,1.1956829014480868,1089,939,468.0,395.0,82.42640687119285,77.01219330881976,0.8656114252602032,0.836927763663871,0.7804078684912108,0.8370134103611534,0.9649484536082474,0.9634146341463414,31.05623102934549,30.458896977285317,19.418554059722453,16.666571570236297,1.599307081970725,1.8275442462131686,0.3747292116234717,0.4528176255802904,24.410573670769317,22.42609239636699,0.7321231626203931,1.0683216072511306,1.0698171548082531,1.0774075671236008,1.179397229445299,1.146232030518399,1.0062597585253714,0.9113108609970365,0.7606837606837606,0.6354430379746835,0.7385894116142299,0.8441689953918807,0.47565371498233466,True,2.4720675816742816,guided_rematch
946,806,1.1997051246584858,947,807,250.0,233.0,58.66295090390226,54.04163056034261,0.9128975929094314,1.0025565913589036,0.4321663273529019,0.4810161435651498,0.9398496240601504,0.9708333333333333,18.88157178258055,18.405797536056863,17.027286543053705,16.13657872698683,1.1089008066457484,1.1406257700261448,0.09820608479414528,0.12328826309344354,17.841241161527712,17.22396045987371,1.0701231705673788,0.9914022703121669,1.0953867468070333,1.4764200793543283,1.0984316382469093,1.9099431793413684,0.9191341048473285,0.6852811051942959,1.688,1.1216022889842632,0.7895228977717869,0.8218328073987934,0.47388983779104055,True,1.0533276635680147,guided_rematch
1105,954,1.2001796617314175,1106,955,406.0,447.0,85.25483399593904,89.39696961966999,0.7019365735754175,0.7028647974822281,0.896984455730844,0.8991154060486566,0.9508196721311475,0.9085365853658537,34.889530697251075,36.89903325272412,15.423338652445597,16.151136646693853,2.262125696871658,2.2846090686922254,0.557937915924424,0.5622883522158002,22.736210219877808,23.85661494212072,1.4692186184282254,1.065121680529281,1.7122467558214036,1.3948491123103661,2.231853060374903,2.185574873713481,0.55418871737001,0.6457798965575384,0.20689655172413793,0.7576435495898584,0.9885650500438358,0.7654460849145291,0.47368173767436783,False,7.195523137638267,guided_rematch
980,833,1.2010680372200089,981,834,513.0,621.0,90.42640687119285,99.9827560572969,0.7883819644098284,0.7806408184499731,0.842276912758352,0.8197794528246405,0.9535315985130112,0.9524539877300614,35.068779110786565,37.605662246544036,18.90365297015637,21.53598656659968,1.8551324003963918,1.7461778279926556,0.46095491632493346,0.4273206405618123,25.557227675339483,28.11906394744562,1.1078433260822256,1.0176184740397347,1.6775549297043046,1.4093936463446541,1.7235320695788239,1.4998183060087054,0.6653462758391401,0.7639749299680317,0.9922027290448343,0.34514224369296836,0.8087892044133392,0.9055915422994995,0.47329215579895634,False,3.5722950738276604,guided_rematch
534,456,1.2052354886816272,535,457,290.0,238.0,68.5269119345812,60.2842712474619,0.7760425590307495,0.8229601207435928,0.846674291609687,0.7966779866197933,0.9177215189873418,0.937007874015748,26.82459414876511,22.828478984582592,14.2736749158381,13.797623831267531,1.8793053860993068,1.65452249342019,0.46788850423314987,0.3955960079256321,19.21560480373171,17.407785949022028,0.7994275137967952,0.7774702846727871,1.101885659854421,1.4057247250395999,1.3052930205940019,2.7702218291633662,0.9355685788245507,0.6056425488877071,0.9551724137931035,1.34593837535014,0.9216779919625715,0.8423565684825648,0.471464591242129,True,3.118958114654172,guided_rematch
141,115,1.2124239242343104,142,116,380.0,291.0,78.52691193458118,70.2842712474619,0.7743840910850888,0.7402638825957232,0.8750519273900631,0.9067114659234523,0.9429280397022333,0.9448051948051948,31.79798680253289,29.739661458262187,15.391149446656785,12.54274647026657,2.0659916865039567,2.371064545453587,0.5159709467697875,0.5782485120797507,21.996159369293583,19.248706645328987,0.8883626726690094,0.8120946899948434,1.4964451064768223,1.425715714975413,2.339375446837853,2.402291913118112,0.6350304076902797,0.6465374671384276,1.0833333333333335,1.3573883161512028,0.7977733255860208,0.9163997326151626,0.46831222578421916,True,0.7748209303635235,guided_rematch
272,229,1.2239322997531548,273,230,432.0,542.0,83.35533905932738,92.18376618407356,0.7813160864299944,0.8014939637128526,0.8380900618467397,0.797641520837715,0.9473684210526315,0.9393414211438474,32.32576460439104,34.38229185629322,17.634735615185562,20.73705460336146,1.8330733904825196,1.6580123124486483,0.45446810520948633,0.39686817010234243,23.452920571340155,26.26967516446403,0.9404029866119407,0.5925801443341675,1.2108355537767168,1.166754074850853,1.3689479073443795,1.3295731027791653,0.8522275863916153,0.9712172258027958,0.845679012345679,0.620541205412054,0.8016332371241256,0.7507168140057688,0.46326542454403574,True,1.2259168637307631,guided_rematch
142,126,1.2251696914368355,143,127,373.0,443.0,71.35533905932738,79.94112549695429,0.9205889286366142,0.8711101486013189,0.7296632173830114,0.7695116640768276,0.9713541666666666,0.9693654266958425,26.4746174928412,29.887054618173565,18.10352055504423,19.086852101962563,1.462401603729199,1.5658451408601053,0.3161933100661618,0.361367242580126,21.792621462004423,23.74963406702674,1.5490206732185572,0.7846697845793658,1.6195182542616924,1.3028190555751142,1.6646673720629876,1.4408566525948814,0.6207059690962324,0.850256871433057,0.9982126899016979,0.9059443190368698,0.7045738746381263,0.8715272031208591,0.46272278758597274,False,10.878073226388983,guided_rematch
508,427,1.2260737292997794,509,428,170.0,204.0,48.04163056034262,53.4558441227157,0.9255999170717354,0.8971181592772387,0.6113291660849693,0.7218271045333784,0.96045197740113,0.9444444444444444,16.87856773799309,19.49027419564506,13.357300645180652,13.488700895196956,1.2636211601692833,1.4449333814337257,0.20862357206329685,0.3079265709760567,14.712264360219255,16.11647812414279,1.1675101481749974,1.2520449340751705,1.2168107439221199,1.839387873851512,1.5535044222668086,2.323713111921654,0.761841818898609,0.5540016916264413,1.7686274509803923,1.5032679738562091,0.8497407017255729,0.8128141472480412,0.46232633724418415,True,2.0512177738764588,guided_rematch
696,596,1.2429046747487673,697,597,290.0,331.0,62.526911934581186,67.35533905932736,0.9321244528726526,0.916840531948083,0.6172191728515253,0.7147087757865076,0.9602649006622517,0.9706744868035191,21.768794535909056,24.7175984793421,17.127497362546286,17.288036258286777,1.2709851343204506,1.429751656582399,0.21320873628103953,0.30057783434198226,19.21560480373171,20.529059630371258,0.6832398804227265,0.7703956083833684,1.0185298121337174,0.8749572203689231,1.041333175665122,1.312990744478504,1.0936520225889261,1.0140809969288698,1.089655172413793,0.9305135951661632,0.8263878053192761,0.7643141302920453,0.4549454140003846,False,6.463996147573791,guided_rematch
341,290,1.2491604608500815,342,291,347.0,281.0,77.1126983722081,67.94112549695427,0.7333098825496271,0.7649811079328169,0.8719842897937881,0.8794542296935274,0.9204244031830239,0.939799331103679,30.84620128763423,27.72731174271489,15.100259928051884,13.19774188699826,2.0427596236493235,2.10091332139405,0.5104661417707422,0.5240165361336967,21.019374919894773,18.91508160359296,0.6811799643459223,0.9753000172869056,1.040682900602693,1.774716227347623,1.595884581962664,2.210517435606353,0.9042279582772063,0.6047736379554873,0.6512968299711815,1.4400948991696323,0.7540976904650609,0.8196426466733272,0.4522020460069839,False,9.563765019892177,guided_rematch
1020,876,1.255713996544837,1021,877,264.0,340.0,63.11269837220809,70.52691193458118,0.8328758957991739,0.8589720730619638,0.8251904997731315,0.8059638639974747,0.9295774647887324,0.9577464788732394,24.64649615478381,27.095428967731102,13.921684980334659,16.039538484588107,1.7703673218865883,1.6892898130308585,0.43514547086513544,0.40803526293345804,18.333991376950163,20.806283791440396,2.1100565603057886,1.1667941363777568,2.32493755072391,1.2813402051166733,2.6857763922081808,1.6361337059282657,0.4213027225966449,0.7345257375781435,1.3585858585858586,1.0470588235294118,0.8981314435140207,0.724346604878371,0.449328105022201,False,3.389442039163295,guided_rematch
853,721,1.2558212316660469,854,722,384.0,395.0,77.25483399593904,79.59797974644667,0.8085181266789708,0.7834348187547323,0.8317940027593186,0.806452391276198,0.96,0.9427207637231504,29.899112414025513,29.964032691564494,16.596532109713255,17.717703407792,1.8015277056902035,1.6911916856214404,0.4449155586997321,0.4087009719229179,22.111625566165472,22.42609239636699,1.176872001359299,1.2538060183739916,1.2889886591610673,1.2829889177385296,1.6407670653941298,1.6758505426201913,0.7305264076090405,0.7121415782897753,0.5972222222222222,0.7949367088607595,0.9038562716600005,0.7959778748573488,0.4492810788939845,False,27.72256325758443,guided_rematch
549,463,1.272927264413907,550,464,367.0,278.0,69.94112549695429,59.698484809834994,0.9427807249243072,0.9802301192182983,0.6568305382582355,0.6055402579452169,0.9683377308707124,0.9754385964912281,24.927367856741064,21.145225384599232,18.79618820022622,16.827680654788786,1.3261927147782577,1.2565739639575206,0.24596177549715914,0.20418532558915437,21.616635097022034,18.81384047546846,0.8966177738399684,0.6622641650881402,1.1621607635325033,1.373790528594008,1.318349199914284,1.4193820719231398,0.8883288502466459,0.868197048159407,1.0408719346049047,0.7086330935251799,0.8227779016352956,0.8416530662486936,0.4417795208204618,False,6.415472686219009,guided_rematch
342,286,1.2734559751499024,343,287,329.0,253.0,81.84062043356595,71.59797974644665,0.6172597175368395,0.6201958400466696,0.9123387190078004,0.9325050876109546,0.8457583547557841,0.8547297297297297,34.254142941347645,31.476269403513985,14.024888627034247,11.367869927435512,2.4423825281093263,2.7688801512012677,0.5905637268155082,0.6388431620754138,20.466944330257718,17.94796937867892,1.6626999553155262,1.8251690192579644,1.6730736279869234,1.9568563186303443,1.9034668680070574,2.1774315848530317,0.5726020838097198,0.5034015748233658,1.2512664640324216,1.2938076416337285,0.7181425005948495,0.811960442625018,0.4415476637704593,False,4.269711671066964,guided_rematch
956,811,1.273589253648862,957,812,56.0,64.0,28.72792206135785,31.727922061357855,0.8526866494394522,0.798926042326935,0.8363530735650171,0.8591076467747966,0.9032258064516129,0.8888888888888888,11.464019850585672,12.954044869093048,6.284474219241931,6.629814498123162,1.824181220361268,1.9539075901384897,0.4518088505472301,0.48820506914089956,8.444016491289505,9.0270333367641,0.9381611884919235,0.7836954840393292,1.0880881100834743,1.0448257250024833,1.237827977554492,1.0599811094915992,0.9190958872018503,1.038600516520686,6.470238095238095,6.296875,0.7855118784295193,0.7882256508987355,0.44148921676438635,False,19.964453901842905,guided_rematch
996,842,1.2741034148260884,997,843,296.0,274.0,67.11269837220809,65.5269119345812,0.8258328870684924,0.8019014959866675,0.7913105665810168,0.8303480733417857,0.9308176100628931,0.9383561643835616,24.995286280516424,25.14244705339236,15.282478346061295,14.010504872590044,1.635551885925517,1.7945425437580549,0.3885855847158737,0.44275492187226584,19.413369239820483,18.677998695187732,0.690907286894208,0.6327398541896295,1.0829352199123412,1.044879837556086,1.3557235501251987,1.2355973679700771,0.9585993538481896,1.0297893835252612,1.114864864864865,1.0072992700729928,0.8280169680483276,0.8269097213649551,0.44126374017452097,False,23.765089875792025,guided_rematch
654,588,1.2741374884967727,655,589,406.0,416.0,82.28427124746189,84.2842712474619,0.7535329425039095,0.7358852913236751,0.9058628936284308,0.9052907428700855,0.9620853080568721,0.9541284403669725,35.062747300528635,35.3382616370568,14.851564009072671,15.011428623651728,2.3608791154324997,2.354090508173119,0.5764289694193827,0.5752074966837,22.736210219877808,23.014509567006368,0.7224444733415063,0.6593929305201507,1.0488742666854196,1.312990744478504,1.505560389803703,1.6556772130652535,0.9155052356646001,0.8268879968001118,0.7701149425287357,0.7355769230769231,0.785726268162207,0.7437577675225099,0.44124879774905124,False,38.94860011374327,guided_rematch
336,281,1.2744543150121412,337,282,512.0,611.0,87.25483399593904,96.32590180780451,0.8450858534951854,0.827494102148727,0.7447441870655089,0.7878821904205865,0.9463955637707948,0.9458204334365325,31.57067299701372,35.74366437299377,21.068690359137715,22.01187761651027,1.4984639509556028,1.6238353218075232,0.3326499450572178,0.3841740067047684,25.532305945691693,27.891743614073043,0.8683207083897444,0.8169576082661125,1.0984663069785912,1.459075320777396,1.1996341837038138,3.017265176969347,0.9474418630342307,0.5667544014935014,0.650390625,0.8325150027277687,0.6834865109496094,0.787945175488702,0.4411098588998569,False,10.187392198486933,guided_rematch
287,238,1.2756280699778315,288,239,350.0,469.0,77.59797974644665,87.01219330881975,0.7304274386079218,0.7784352155408666,0.639412724322548,0.6281437220207224,0.9020618556701031,0.9196078431372549,25.763712139295144,28.404839864679573,19.808782685905097,22.101730231785048,1.3006206664898832,1.285186253148175,0.23113631378870725,0.22190266387427238,21.11004122822376,24.436639426909572,0.6803001304856773,0.8564568599127236,1.2818193928231418,1.4673958875756472,2.243011978607279,1.4962918804303578,0.713414074835241,0.7853105817185891,1.0361904761904763,1.2373845060412225,0.7662178302961183,0.6572985130365582,0.44059512873600215,True,1.3435825878079615,guided_rematch
1102,953,1.2761127031190722,1103,954,407.0,323.0,74.76955262170047,69.11269837220809,0.9148601464579337,0.8497607891050618,0.6901738372693559,0.6530417378242539,0.9667458432304038,0.9472140762463344,26.88514129719078,23.599878896993115,19.455260704682036,17.87270556916633,1.3818957096123978,1.320442436969767,0.2763563899619561,0.24267808122339507,22.764193258431348,20.279456919490165,2.71018946625946,0.8418517069685917,2.9729849240188053,1.1764062510040552,3.2362489833384247,1.645911910091122,0.33634461268806726,0.8187393346982761,0.7846027846027845,0.413828689370485,0.7734470158119605,0.9451158547568381,0.4403826011612595,False,4.35265380482167,guided_rematch
161,132,1.280330643341554,162,133,93.0,93.0,34.384776310850235,34.14213562373095,0.9884629733114125,1.0025624770819237,0.6749017948405077,0.7475186680301926,0.9393939393939394,0.9789473684210527,12.706435809977503,13.41200126958546,9.376175046696039,8.908798458581506,1.35518329667437,1.5054781328750557,0.2620924398537028,0.3357591995771664,10.881694613449236,10.881694613449236,0.662292604044419,0.7218676410258577,1.1894139459517987,1.0413104062158693,1.2635706280845023,1.4008011281463486,0.9629961728953631,0.9481731179953286,4.243727598566308,3.7455197132616487,0.8949480213805536,0.8156434506217844,0.4385328956219343,False,4.83202018352197,guided_rematch
