holdout_group,phase,config_name,train_groups,returncode,output_dir,log_path,n_pairs,mean_psnr,mean_ssim,mean_ncc,mean_mi,min_ssim,min_ncc,score
1,train,baseline_affine,"2,3",0,F:\programme\nxy\Cell registration\benchmark\results_tune\loo_smoke\holdout_g1\train\baseline_affine,F:\programme\nxy\Cell registration\benchmark\results_tune\loo_smoke\holdout_g1\train\baseline_affine\tune.log,4,27.883658006888787,0.8004940487237212,0.850725664211096,0.807671537497436,0.7794324837797408,0.7497981742820351,3.417115063084939
1,train,baseline_similarity,"2,3",0,F:\programme\nxy\Cell registration\benchmark\results_tune\loo_smoke\holdout_g1\train\baseline_similarity,F:\programme\nxy\Cell registration\benchmark\results_tune\loo_smoke\holdout_g1\train\baseline_similarity\tune.log,4,28.33950736586153,0.8089143956504158,0.8662589543005516,0.8238422233544698,0.7989990049477763,0.8113476838224705,3.5249930500537925
1,holdout,baseline_similarity,"2,3",0,F:\programme\nxy\Cell registration\benchmark\results_tune\loo_smoke\holdout_g1\holdout\baseline_similarity,F:\programme\nxy\Cell registration\benchmark\results_tune\loo_smoke\holdout_g1\holdout\baseline_similarity\tune.log,2,26.429971632298557,0.7576217024070908,0.5881552140392405,0.5305923116912128,0.7240989665047746,0.3756672628135259,2.694745093465015
2,train,baseline_affine,"1,3",0,F:\programme\nxy\Cell registration\benchmark\results_tune\loo_smoke\holdout_g2\train\baseline_affine,F:\programme\nxy\Cell registration\benchmark\results_tune\loo_smoke\holdout_g2\train\baseline_affine\tune.log,4,27.66518166801073,0.7890293431515949,0.7574126397525162,0.7464758833299302,0.7345126393493799,0.428650503039951,2.961362032493369
2,train,baseline_similarity,"1,3",0,F:\programme\nxy\Cell registration\benchmark\results_tune\loo_smoke\holdout_g2\train\baseline_similarity,F:\programme\nxy\Cell registration\benchmark\results_tune\loo_smoke\holdout_g2\train\baseline_similarity\tune.log,4,27.624506279518606,0.7880163329862863,0.7521884294714974,0.743487233453091,0.7304605986881454,0.4077536619158762,2.9307965526687703
2,holdout,baseline_affine,"1,3",0,F:\programme\nxy\Cell registration\benchmark\results_tune\loo_smoke\holdout_g2\holdout\baseline_affine,F:\programme\nxy\Cell registration\benchmark\results_tune\loo_smoke\holdout_g2\holdout\baseline_affine\tune.log,2,27.85901006482876,0.802345950759459,0.8356309046605472,0.710071215718582,0.8006876876788189,0.8100851900071016,3.4819947113247376
3,train,baseline_affine,"1,2",0,F:\programme\nxy\Cell registration\benchmark\results_tune\loo_smoke\holdout_g3\train\baseline_affine,F:\programme\nxy\Cell registration\benchmark\results_tune\loo_smoke\holdout_g3\train\baseline_affine\tune.log,4,27.25450977685908,0.7814724686667931,0.7189319342468472,0.6211562987717122,0.7266340962126517,0.4056122439906812,2.8823736791202603
3,train,baseline_similarity,"1,2",0,F:\programme\nxy\Cell registration\benchmark\results_tune\loo_smoke\holdout_g3\train\baseline_similarity,F:\programme\nxy\Cell registration\benchmark\results_tune\loo_smoke\holdout_g3\train\baseline_similarity\tune.log,4,27.61616004503703,0.7863985051708584,0.7353314477624953,0.6351810095319499,0.731691700727333,0.4125827988954934,2.919816318018119
3,holdout,baseline_similarity,"1,2",0,F:\programme\nxy\Cell registration\benchmark\results_tune\loo_smoke\holdout_g3\holdout\baseline_similarity,F:\programme\nxy\Cell registration\benchmark\results_tune\loo_smoke\holdout_g3\holdout\baseline_similarity\tune.log,2,28.69155834998452,0.8152439617439677,0.9018775001431381,0.9491411879879804,0.8027071218467001,0.900971121806238,3.6623773019816834
