idx1,idx2,distance,cell_id_1,cell_id_2,area_1,area_2,perimeter_1,perimeter_2,roundness_1,roundness_2,eccentricity_1,eccentricity_2,solidity_1,solidity_2,major_axis_length_1,major_axis_length_2,minor_axis_length_1,minor_axis_length_2,aspect_ratio_1,aspect_ratio_2,elongation_1,elongation_2,equivalent_diameter_1,equivalent_diameter_2,nn_dist_1_1,nn_dist_1_2,nn_dist_2_1,nn_dist_2_2,nn_dist_3_1,nn_dist_3_2,local_density_1,local_density_2,neighbor_area_ratio_mean_1,neighbor_area_ratio_mean_2,neighbor_roundness_mean_1,neighbor_roundness_mean_2,ransac_inlier,residual_px
814,775,0.09586918406099602,815,776,437.0,427.0,77.25483399593904,76.42640687119285,0.920110472288308,0.9186516405799393,0.7108326888707925,0.7088261455070664,0.9689578713968958,0.9682539682539683,28.2065449999822,27.843148133657117,19.839387549813647,19.640089651003702,1.4217447453536511,1.4176690956313531,0.2966388634330731,0.29461677405427666,23.58825303088947,23.31680264534386,1.1153233841018777,1.0633493916346086,1.1519603656713249,1.2032987036336782,1.2318072004273515,1.710801038763998,0.8573655394204748,0.7542522604075743,0.8146453089244852,1.1959406713505074,0.8242128338479798,0.8001198062319596,True,1.5568224198009535
1103,1056,0.13310953176394064,1104,1057,242.0,241.0,58.284271247461895,58.526911934581186,0.8952049782605523,0.8841291032657603,0.7813254668735173,0.778819559116518,0.9565217391304348,0.9601593625498008,22.351398908277307,22.292590085304717,13.950039969814846,13.982983271445805,1.6022462270101991,1.594265662237306,0.37587620233251795,0.372751967450234,17.55346033766304,17.517155313611116,1.0170044298963978,1.0088905509298867,1.1706150914463938,1.0817466386814945,1.2850535049208076,1.3203040201646077,0.8638878400906725,0.8795226348087726,2.3112947658402208,2.3333333333333335,0.699611219234503,0.7610907001906995,True,1.204680662779412
994,950,0.13369650783742984,995,951,675.0,667.0,96.18376618407358,95.84062043356593,0.9168748922066796,0.9125075468076596,0.6499745540266253,0.6615856656856308,0.9754335260115607,0.9751461988304093,33.781626358870234,33.78270355190043,25.67254868950449,25.33262217311448,1.3158657041589685,1.333565207779952,0.2400440281714411,0.25013040669773734,29.316150714175198,29.14190756176324,1.1479371717892548,1.1225637712851357,1.1479874636144989,1.1279906272086686,1.605843737361223,1.543443147054335,0.7688821358388475,0.7907227044783376,0.5718518518518518,0.5812093953023488,0.8689313190622049,0.8723575241017322,True,0.5146040118333409
337,312,0.13776851666611373,338,313,415.0,411.0,76.76955262170046,77.01219330881976,0.8848709574325028,0.8708286351034202,0.6618145711769698,0.6577077029952832,0.9496567505720824,0.9513888888888888,26.75536137626759,26.52366898279131,20.057626887823876,19.979570129815386,1.3339245727274756,1.3275395221446835,0.25033242475224815,0.24672675779590558,22.98683125324351,22.875783109789968,0.999973004133253,0.9913389205002152,1.4675081326530865,1.4114182986895476,1.5318571903590972,1.499009419066749,0.750124084186015,0.7688824776410866,0.6281124497991968,0.6601784266017843,0.849618804591327,0.8725592585941223,False,3.9067929115897235
811,771,0.14300752135576855,812,772,558.0,569.0,90.08326112068524,90.66904755831214,0.8640838008904363,0.8697691971693429,0.7472005726415247,0.7509078579902034,0.9587628865979382,0.9627749576988156,32.9736727127552,33.332344673590434,21.91425684882323,22.012913323863,1.5046676207286425,1.514217776774538,0.33540139614638265,0.3395930127500433,26.654599339742866,26.916041702938184,0.9578291694562727,0.963400863468317,1.292799622873397,1.240072389844828,1.393738109075242,1.4144086791746577,0.8231882467277083,0.8292144564090509,0.5232974910394266,0.5618043350908026,0.870707651700874,0.8411572140239595,False,3.1222069478459864
1201,1152,0.1475682529103675,1202,1153,319.0,320.0,71.11269837220809,71.94112549695429,0.792695203892573,0.776972032550095,0.8249025793113876,0.8214994378636907,0.9193083573487032,0.9195402298850575,27.273616943273883,27.24151975055573,15.417091622799191,15.533368571564953,1.7690507140102194,1.7537419282269182,0.4347250804737398,0.42979067563776174,20.153496341094687,20.185060176161283,1.037184361426993,1.0272266228462394,1.1930921925125104,1.0986129010672907,1.4439722384504048,1.3214002506161804,0.8164934302254081,0.8702614834528809,0.8108672936259144,0.796875,0.7208414570486997,0.8121797095082463,False,2.255471201661646
1173,1128,0.1520831389023035,1174,1129,561.0,565.0,85.59797974644665,85.59797974644665,0.9621564505205803,0.9690167460679642,0.3469537064232008,0.3399402665626875,0.9739583333333334,0.9792027729636048,27.628998568049564,27.681328219122715,25.912747500357202,26.032822894432876,1.066231921862732,1.0633241093897032,0.0621177442774582,0.05955297056703457,26.726155439876237,26.821266613927218,1.173139905296403,1.12170006478503,2.064693696574966,1.8869751348760166,2.2668040191094114,2.0157991121875933,0.544995003588534,0.5970773883599017,1.029708853238265,0.7852507374631269,0.807864443675609,0.900043078508188,True,1.853745052280679
180,155,0.1531085260030025,181,156,509.0,515.0,86.18376618407356,85.94112549695429,0.8611458423902401,0.8762237471743555,0.7645599634702581,0.7676601844789278,0.960377358490566,0.9626168224299065,32.040642777036595,32.35642687671325,20.6518798087264,20.73584636274385,1.551463744404415,1.5604102340789006,0.35544739372308964,0.3591428855308084,25.45739437315213,25.60699837034026,1.552353653452739,1.4795258531671402,1.6143987453273665,1.5241043822449574,1.789907998259408,1.728273350717143,0.6052462262276076,0.6339943207621521,0.8375900458415193,0.8336569579288026,0.8184466713526178,0.8218894719294263,False,3.482833759356376
623,591,0.1598800986412698,624,592,577.0,596.0,89.25483399593904,90.66904755831214,0.910169302795688,0.9110411977380112,0.6419879526340867,0.6462625908196409,0.966499162479062,0.9675324675324676,31.072689363640045,31.620970855929457,23.82388846304466,24.130440499646763,1.3042660694050696,1.3104183015802113,0.23328527556026823,0.2368848948506619,27.104597715372734,27.547246117573295,1.2644817657503973,1.2224871266184878,1.306316098978608,1.2693740175834065,1.5327163638611014,1.510785103143328,0.7310806866705433,0.7495041566538054,0.6140958983246678,0.6040268456375839,0.8922222299104611,0.9155289851336055,True,1.8923391007683033
1064,1018,0.16288062184500354,1065,1019,103.0,109.0,35.79898987322333,36.970562748477136,1.009963186162956,1.0021304061097107,0.7429065122374512,0.7331560801512018,0.9716981132075472,0.9732142857142857,14.037290021482338,14.322875047672987,9.396494354750251,9.740420286649966,1.493885856951109,1.470457601024018,0.3306048147206422,0.31993958934714883,11.451797811161432,11.780624362746345,0.9637292813600815,0.9571377993873844,1.2635832780255292,1.2683571829533884,1.4655975458156696,1.4350277101868818,0.8123674594121989,0.8195550887101447,3.8155339805825244,3.7981651376146788,0.8078899201687983,0.814452603630194,True,0.9654630227333687
1147,1104,0.17758878887150234,1148,1105,443.0,456.0,77.94112549695429,79.35533905932738,0.9163897956606732,0.9099602126429975,0.6606705866434247,0.672785415052365,0.9588744588744589,0.96,27.47558909869173,28.097099679116912,20.625263839322386,20.787292899766555,1.3321327335609203,1.3516478463356068,0.24932405397253254,0.2601623250382441,23.74963406702674,24.095585330081406,1.0907794578057841,0.8713224691140828,1.1907143455974039,1.1262022453844187,1.468221775798581,1.1812570787803047,0.8000606810393425,0.9437577647963061,0.6320541760722348,0.847953216374269,0.749303818790756,0.840953629557573,True,1.7808147318724554
1157,1114,0.18434015134355214,1158,1115,393.0,410.0,74.18376618407356,75.59797974644665,0.897397093297615,0.9015157973129113,0.7524129357396473,0.7571168797745593,0.9703703703703703,0.9669811320754716,27.67417196202747,28.302814608102437,18.22874776402603,18.48964695631904,1.5181608918107774,1.5307385086890284,0.34130828597010165,0.3467205572188611,22.36924542940416,22.847936741452536,0.901841605223328,0.9273833262622259,0.9479302613603138,0.9705832068819852,1.4388242304270205,1.4005748103646558,0.9122433742249478,0.9094929205309614,1.020356234096692,1.01869918699187,0.8151333027416793,0.8493969953869748,False,2.4698540988805
1143,1098,0.18955020416216634,1144,1099,925.0,946.0,116.5685424949238,117.9827560572969,0.8554386414163333,0.8540119081362719,0.6231439915032089,0.6248762979827778,0.9747102212855637,0.9692622950819673,39.697602386691834,39.86697968637313,31.0477779481093,31.125098862485064,1.2785972140434378,1.28086274882245,0.21789286804591224,0.21927622540405567,34.318312587888485,34.70568554746418,1.463855104495333,1.3545918715026237,1.562851331484219,1.4270465431414057,1.5965822398287661,1.5517134546971854,0.6488887478944827,0.6923047309463195,0.581981981981982,0.4249471458773784,0.8436351475903292,0.8722066397192098,True,1.5118362395670368
857,815,0.19353861433901495,858,816,395.0,403.0,75.01219330881976,75.698484809835,0.8821516105714453,0.8837726080683059,0.5806641916981513,0.5597101708875375,0.9518072289156626,0.9527186761229315,25.011033317941514,25.08890611037704,20.36256187705103,20.79088637532177,1.2282851965758492,1.206726142284963,0.18585683293444466,0.17131156361088073,22.42609239636699,22.65205369339104,0.7897596515603333,0.789070630332188,1.0704077088294228,1.066515800020623,1.2046774981742923,1.1597685606539039,0.9788423683558227,0.9949077335661936,0.8734177215189873,0.8866832092638544,0.8600730345925399,0.8697558933181089,True,1.2361725314491425
490,469,0.19932065765521448,491,470,650.0,652.0,92.91168824543144,93.49747468305833,0.9461990719156563,0.9372548529777353,0.5293069121255893,0.5104302120570083,0.975975975975976,0.9716840536512668,31.273312796585977,31.10532088254514,26.533230190838584,26.748062071945665,1.1786470238133333,1.1628999812726444,0.15156957104540758,0.14008081855360532,28.76813695875796,28.812361638146328,1.1974596700019884,1.112820647291307,1.3510661953734595,1.2809847676809207,1.622078701224253,1.4986447337051152,0.7193201733929678,0.7707227801027593,0.561025641025641,0.6252556237218814,0.7688779813903878,0.768291630331778,False,3.8293546157418827
816,779,0.20021654482681078,817,780,443.0,435.0,77.59797974644667,76.18376618407356,0.9245124437237408,0.9418337393145108,0.6403925295065076,0.6448070463322945,0.9651416122004357,0.9688195991091314,27.156936881112504,26.924101494764354,20.857825362281236,20.57931281842059,1.3020023137322083,1.3083090641716923,0.23195220972112884,0.23565461144831767,23.74963406702674,23.534213434057992,1.1158094479025162,1.1560985425039503,1.225371060111922,1.1628032342294727,1.295662758792493,1.227901523366568,0.8248911981939584,0.8458320764265175,0.5680963130173062,1.0122605363984674,0.83723723120616,0.7577116832240733,True,0.25995867607538203
829,789,0.20196793135426255,830,790,670.0,684.0,99.49747468305833,100.91168824543142,0.8504730386886816,0.8440788568196304,0.6865856515745729,0.6814395108510974,0.950354609929078,0.9566433566433566,34.7456259376248,34.840250940436874,25.261770075011082,25.498689078077508,1.3754232515953084,1.3663545931226233,0.2729510724497839,0.2681255619636541,29.20737055903114,29.51094455619561,1.0156840563262126,0.9554048609444411,1.5907464632637245,1.5456490300519137,1.5922832416592483,1.5584169581436196,0.7145045293841253,0.73901257367954,0.5373134328358209,0.5487329434697855,0.8119037745617828,0.7908889567794294,False,2.3628154817595513
263,237,0.20539034916735338,264,238,406.0,406.0,85.84062043356595,85.25483399593904,0.6923890671434739,0.7019365735754175,0.8995585567316384,0.8923317796618775,0.9164785553047404,0.918552036199095,35.272697664812505,34.76845630228313,15.407120921758267,15.69378929525871,2.2893763113781787,2.215427749675925,0.5631998134033233,0.5486198996350564,22.736210219877808,22.736210219877808,1.555173293754343,1.4792188695028152,1.6986360485794205,1.6042820121165915,1.7003738192918776,1.711582138080953,0.6055488669126223,0.6256408883171886,0.8021346469622332,0.8004926108374384,0.8576978622423539,0.8561402507527612,False,3.0619232991937495
512,486,0.2080155779402259,513,487,395.0,415.0,73.94112549695429,76.18376618407356,0.9078933725076505,0.8985310386563723,0.7322605670793483,0.7340325241130539,0.9634146341463414,0.962877030162413,27.306914256471334,27.95760630162238,18.596679478531886,18.98641066710435,1.4683758080572713,1.4725061409348648,0.31897543223417313,0.32088568447998467,22.42609239636699,22.98683125324351,0.9105728637682504,0.921526697719628,1.0445902017131008,1.0019333475381498,1.41458428665601,1.3458287994489244,0.8902744587356561,0.9176307577892033,0.6590717299578058,0.7028112449799198,0.8997802286580442,0.8961054522008461,False,2.5510787159728134
372,353,0.2106309326848032,373,354,454.0,469.0,89.49747468305833,90.32590180780451,0.7122691829405544,0.7223673267752194,0.8955538566114263,0.8906991369991013,0.9380165289256198,0.9342629482071713,36.71040975236942,36.91746887083028,16.334411805881977,16.78243314666709,2.247427712037363,2.1997685644385787,0.5550468677395328,0.5454067231589799,24.04268606686374,24.436639426909572,0.874972241718425,1.049492927449084,1.0473189912903345,1.1113601902343295,1.1583117617103846,1.1686601665761438,0.9738353189757605,0.9010325966208491,0.5770925110132159,0.7889125799573561,0.8197703718645869,0.8683811255617816,False,2.945514683767269
231,207,0.21433459504799027,232,208,162.0,155.0,46.384776310850235,45.21320343559643,0.9461803955931165,0.9528203078637303,0.7097589135182056,0.7270092598243806,0.9585798816568047,0.9567901234567902,17.208432618058506,17.025123076929788,12.122388534124756,11.68992032843303,1.419557917123052,1.4563934225898965,0.29555533596920747,0.3133723453504029,14.361922094451577,14.048207338801282,1.317271581076034,1.2408656393458444,1.4469181817752854,1.327780326997663,1.522714169385782,1.4709976156507711,0.6998057449900593,0.7426397747988869,1.92798353909465,1.8989247311827955,0.8600241331843712,0.8587474508667001,False,3.9764641014335056
1206,1164,0.2166549639211799,1207,1165,668.0,686.0,102.18376618407355,103.94112549695429,0.8039379233085938,0.7979196299006389,0.858089219637969,0.8643903485313378,0.9611510791366906,0.9634831460674157,40.86104778824352,41.87450165044169,20.98217354820293,21.055394089621362,1.9474173013759655,1.988777862442503,0.4864993757149837,0.4971786347360799,29.163744887841286,29.554057719513263,1.412860860108752,1.35461894494559,1.6387891181190448,1.654472004531068,1.689007452190255,2.38344582953767,0.6328236207811048,0.5563244393018963,0.7015968063872255,1.5058309037900874,0.8284041021040492,0.7537193319469185,False,3.323518074235084
1135,1088,0.21687508721165588,1136,1089,656.0,639.0,97.84062043356593,96.08326112068524,0.8611430628449387,0.8697916867777042,0.759539886647751,0.7485466643818534,0.9576642335766423,0.9609022556390977,35.953672717007755,35.23997374918777,23.386452182864783,23.366996326419713,1.537371826896897,1.5081088410727383,0.34953927052348377,0.33691788499251396,28.900607975374268,28.523675588636344,0.8002969839684477,0.7118389958173603,1.6951305794386904,1.0513989356191424,2.0985675167170212,1.615744476497912,0.6530263850258458,0.8878412604207407,0.4227642276422764,0.24673969744392277,0.8620158411126632,0.8919030074543199,True,1.4207301503452865
701,665,0.22351882168744536,702,666,630.0,611.0,92.76955262170047,91.59797974644665,0.9198976068266411,0.9151226066054086,0.5587363149329371,0.5395251592089279,0.9707241910631741,0.9683042789223455,31.291011314149355,30.584742552667034,25.95105512273788,25.751419734492586,1.2057702920422952,1.1876915085850774,0.17065463745484066,0.15803052158609643,28.32209231647889,27.891743614073043,1.6458334596420816,1.0231942263362779,1.748210980985197,1.5306678614236136,1.9123481878438313,1.707268006494064,0.5653558283463028,0.7040385845166842,0.4084656084656084,0.4719039825422804,0.9078562610304255,0.898266553956549,False,2.9232926725027264
1096,1048,0.23346246935732287,1097,1049,502.0,513.0,87.59797974644667,87.84062043356595,0.8221014244067184,0.8354807345670523,0.7171316942114961,0.7032975397008239,0.9453860640301318,0.95,30.96595478374533,31.005873724914792,21.581340760470294,22.041939566144254,1.4348485169403595,1.4066762878044936,0.30306231759407,0.2891043883587632,25.281737508665255,25.557227675339483,0.896840303376,0.8460865316370758,1.2463100838855052,1.1857347380738557,1.563690946637712,1.553145401042827,0.8093143811052488,0.8368278635542333,0.7456839309428951,0.8258609486679662,0.8229065210291179,0.8173211367008215,True,1.516100473896993
544,515,0.24247435612384347,545,516,553.0,579.0,88.42640687119285,90.66904755831213,0.8887324524803047,0.8850551233058871,0.6866029220431816,0.6853769915439502,0.9600694444444444,0.9633943427620633,31.221571723478714,31.956108582162752,22.699101024026312,23.270068315218378,1.3754541067697625,1.3732709397017024,0.27296738213353555,0.271811576951292,26.534910368014152,27.151532118863187,1.3226983083425714,1.2787312857937183,1.4543018186302807,1.603706324014776,1.6794381045463544,2.0593358238128596,0.6731833460142667,0.6070695146785771,0.26763110307414106,0.5532527345998848,0.992680792003612,0.8527513519232984,False,2.2557657622526026
562,527,0.2439663109764286,563,528,526.0,554.0,88.18376618407356,90.18376618407356,0.8499988191809916,0.855978571496031,0.8116597056548173,0.8154613907128155,0.9616087751371115,0.9601386481802426,33.967648420789565,34.943636242070134,19.84154181637727,20.225777534468193,1.7119460138300626,1.7276782651505083,0.4158694305068982,0.42118852788086447,25.879026267050612,26.558891313141824,0.9475851131100621,0.9316059375704137,1.008476571773868,0.9906639059056346,1.4900376770460715,1.4015801751312507,0.8705494778072326,0.9025678003537015,0.5228136882129277,0.529482551143201,0.9120869239955994,0.928129713815526,True,1.8793202366323885
739,705,0.2531311907205695,740,706,452.0,472.0,80.76955262170047,82.76955262170046,0.8706687240640596,0.8657861758121141,0.7447368530459932,0.7370302172998199,0.9617021276595744,0.9554655870445344,29.658874075891433,30.03793790465626,19.793093986319477,20.30143447200976,1.498445573814329,1.479596820907928,0.3326417605849533,0.32414020774499364,23.98967015655475,24.514670406003766,1.1317873792102613,1.3281456030110763,1.3430130427073108,1.5205184048774476,1.5516570614011167,1.879039427168834,0.7450718186964037,0.6345575692743517,0.6408554572271387,0.9223163841807909,0.8569647583225987,0.7644889116508115,True,1.1726268550588341
999,955,0.256861194195147,1000,956,414.0,406.0,75.35533905932738,73.94112549695429,0.9161828302194216,0.9331764790838128,0.6227127529191425,0.6077709852629001,0.9561200923787528,0.9620853080568721,26.005482928724366,25.547261630227407,20.348003824950702,20.28739605047675,1.2780360743217705,1.2592676539987522,0.21754947290460402,0.20588764682032323,22.959119571977435,22.736210219877808,1.6467521642466882,1.527124146895012,1.7181373563241296,1.597959211556721,2.1044852273229817,1.8673742506309488,0.5485087671411196,0.6009064542765786,0.8848631239935587,1.2249589490968802,0.8619565628312237,0.8402708697071947,False,3.059513399172907
1162,1116,0.26846593921663914,1163,1117,844.0,871.0,107.25483399593905,108.66904755831213,0.9219737592941413,0.9268646050652092,0.5164884052896438,0.49548753191228123,0.9768518518518519,0.9742729306487695,35.620430897363086,35.87301279881589,30.50156776008985,31.159838818964722,1.1678229518408911,1.1512579704675046,0.14370581737269716,0.13138494963564207,32.78130832893156,33.30152614317138,1.2184081119995192,1.1804838526971388,1.407645321954954,1.3695914036605592,1.433990003512348,1.409466933795265,0.7389083506633088,0.7576633499349342,0.4233807266982622,0.38384998086490624,0.7965361771895262,0.7844785477984436,False,1.9823679114492563
916,879,0.26848022338648786,917,880,649.0,655.0,96.08326112068522,95.59797974644664,0.8834034502640538,0.9006451921338879,0.6737105102938239,0.6787277630043367,0.9600591715976331,0.9689349112426036,33.50611961254612,33.75936892652488,24.760867066241335,24.792541834117905,1.3531884615716046,1.3616743758022989,0.2610046357928655,0.2656100329340487,28.745999104799274,28.878571671769564,1.1442354967350263,1.1139419314626313,2.821355870958569,2.720773352457763,2.9421271478190003,2.853901875204365,0.434296793255679,0.44852320421827907,0.6702619414483821,1.1211195928753181,0.7903956881698647,0.7591017766386581,True,2.236481714961093
339,318,0.27365460055211843,340,319,557.0,575.0,90.18376618407358,91.01219330881976,0.8606138345185724,0.8723254588125403,0.6479840299711985,0.6251262439609755,0.932998324958124,0.9319286871961102,30.926408790707477,31.00625893379675,23.555220548904984,24.20111861239124,1.3129322532344176,1.2811911478307123,0.23834607799717533,0.21947634301627805,26.63070457981699,27.05758189903005,0.884585978558679,0.9745392268874691,1.065684248890533,1.190240124979292,1.2015646636476767,1.2061738141149518,0.9518265085757562,0.8899560012505598,0.3040095751047277,0.76,0.8915093711017726,0.6931293199789591,False,2.96061106462255
971,929,0.2747514862606401,972,930,569.0,554.0,98.32590180780453,96.91168824543142,0.7395818656777688,0.7412544443155781,0.8626871207964324,0.8654651580572135,0.9252032520325203,0.915702479338843,38.671241606874574,38.203432644757704,19.557516654180027,19.138740070978745,1.9773083817678545,1.9961310150550575,0.4942619931110954,0.49903087900649756,26.916041702938184,26.558891313141824,1.1479371717892548,1.1225637712851357,1.157876509747894,1.130048920797391,1.7755960027534754,1.7238276691906924,0.7350401532948339,0.754443604691566,1.0246045694200352,1.095667870036101,0.8689718883071436,0.877390615888873,True,0.6183752879284832
789,755,0.27987726884828407,790,756,381.0,390.0,76.87005768508881,78.2842712474619,0.8102525859065166,0.7996969597322328,0.8519715657641385,0.865031612795511,0.9596977329974811,0.9629629629629629,30.701891194833554,31.594894205276827,16.075143489388676,15.851706895636264,1.9098984226859377,1.993154075664522,0.4764119451998525,0.49828264045939463,22.025082668269306,22.283703068536735,1.1837077561972935,1.16969031598265,1.3430130427073108,1.3281456030110763,1.4300471508758312,1.6125589605377764,0.7581945765018827,0.7298568842957337,0.9833770778652668,1.0495726495726496,0.8539730261672847,0.8601730630675442,True,1.467956846625416
761,724,0.2818740883981663,762,725,446.0,454.0,77.01219330881976,77.59797974644665,0.9449867913774341,0.9474687346514186,0.46286705174900733,0.49871415934347363,0.9653679653679653,0.9680170575692963,25.376070380624398,25.857794908042077,22.49405206149172,22.412670714561077,1.1281235729007002,1.1537132382551254,0.1135722858545195,0.1332334874544745,23.829914749152643,24.04268606686374,0.674090445228247,1.067210504558856,1.2171858257186965,1.170959243649958,1.2216814364443884,1.2625064415323073,0.9637137031694558,0.8569772916420051,0.7877428998505231,1.3245227606461087,0.7931842675845227,0.6943254587278079,True,1.2907606076552818
1076,1024,0.2942285388700723,1077,1025,952.0,960.0,117.7401153701776,116.9116882454314,0.8629743716238297,0.8826026624873304,0.700935127218903,0.715855978663956,0.9635627530364372,0.9706774519716885,41.30527997044734,41.89288653095264,29.459959662258417,29.251622683750462,1.4020820274022348,1.4321559861437878,0.28677496718733986,0.3017520370161687,34.815571898044055,34.961549778946534,1.2271865723137705,1.1854509255807948,1.2662859874830876,1.2022319473831335,1.3399729105257692,1.2983191684236748,0.7825858025698006,0.8138899453432327,0.4023109243697479,0.42118055555555556,0.7410024563547196,0.7685263185231214,False,3.745408232784453
539,506,0.29555438534067047,540,507,708.0,695.0,99.9827560572969,97.49747468305831,0.890005957266636,0.9187723874775181,0.6575206082515634,0.6506957276250019,0.9725274725274725,0.972027972027972,34.93897689757558,34.27150363393764,26.32430255852457,26.02367470017563,1.3272517598481002,1.316935599172178,0.24656344014609033,0.2406614259432297,30.024216853608277,29.747293718772774,0.9810476712245173,0.9879585655207823,1.4674981832505007,1.4049133164218053,1.5956293864467141,1.5473283647782905,0.7418076174454429,0.7613826232554212,0.8733521657250471,0.9448441247002397,0.7689526983145915,0.77510044174812,True,1.5017271800725822
801,764,0.29647185416720145,802,765,235.0,233.0,58.04163056034262,56.8700576850888,0.8765940473797376,0.9053123553782296,0.7959662613829631,0.7847922509226255,0.9591836734693877,0.9628099173553719,22.297768905049438,21.963251451353518,13.49775344052526,13.61192106956403,1.6519614914659255,1.6135306206309767,0.39465901283654314,0.3802410767953406,17.297725082009,17.22396045987371,0.9147540739725394,0.8970060265362216,1.1238035001704911,1.1928293199554554,1.5042199698808614,1.4112339950049317,0.8467932188010302,0.8568810575792777,1.778723404255319,1.8283261802575108,0.7760758486905567,0.7812917741789911,True,0.1871459890697951
647,614,0.3016276856967942,648,615,739.0,770.0,104.32590180780453,105.7401153701776,0.8532376431530709,0.8654082466493969,0.792700593114006,0.781066693739271,0.9723684210526315,0.9685534591194969,39.438517314332834,39.68583470594296,24.042160394774672,24.781724705956183,1.6403899095068182,1.6014153646216818,0.39038883730963136,0.3755523881611814,30.67448489476694,31.311251163856024,1.306316098978608,1.2693740175834065,1.5122832910225876,1.471838345715075,1.7861824512719744,1.738938432136167,0.6514966622545867,0.6696203179270331,0.699594046008119,0.6965367965367966,0.8667343470949042,0.8605374851464264,True,1.5962733135957548
813,777,0.3041503979625627,814,778,489.0,466.0,82.18376618407356,81.01219330881976,0.9098014907359071,0.8922673469957997,0.7199397863449156,0.7206203709979606,0.9664031620553359,0.9588477366255144,29.994807483128874,29.30597238671273,20.81749208336545,20.318705439020434,1.4408463499355286,1.4423149385508083,0.30596347067489504,0.30667014999874587,24.952237121658943,24.35835848013133,1.0708077473860096,1.0612214679440204,1.0828784868206096,1.0820830820950356,1.10783051935048,1.0941802025166578,0.9198174428287447,0.9266452908022995,0.5964553510565781,0.6473533619456366,0.6989239428646649,0.7902457484745663,True,0.8371860822687396
1110,1063,0.3054217536633213,1111,1064,624.0,643.0,105.01219330881975,105.59797974644665,0.7110743205800555,0.7246188339955469,0.8962279147336691,0.9012024191244655,0.9271916790490342,0.9359534206695779,43.19738879703797,43.99555628419622,19.162097033512417,19.067605052917035,2.2543142705879453,2.3073456872060403,0.5564061262233898,0.5666015692642493,28.18690255978371,28.61281229213077,1.5370180743831308,1.5571032291051536,1.6773998339502105,1.5792384444117804,1.830732025212084,1.6318260682083758,0.5946304945375096,0.6291724961241574,0.4930555555555556,0.4976671850699845,0.9379950440094976,0.9487552264361897,False,2.3184839125111854
