cell_id,centroid_y,centroid_x
1,28.850747219408824,35.10535455933524
2,29.707710737497614,70.28065033291153
3,36.537940978963526,102.70956450798485
4,37.20978707169379,580.7291018025008
5,37.45202714252607,682.6737408951731
6,28.403416688970538,1.1368007379909955
7,33.173325511569885,142.34047418586704
8,33.24212895937767,172.70947332617743
9,42.530567783519274,202.05868465745684
10,48.3552220380567,520.5305623044906
11,30.83651059692478,530.1258640231437
12,43.541962802376986,547.941153338433
13,26.48024957399709,637.6708375681172
14,28.979032394376155,722.5216461231511
15,28.5493082159724,933.4040551607098
16,27.247224882639063,990.8675968273765
17,40.97407673449092,846.9845630583133
18,48.52983357829124,18.187343204188068
19,58.51767690704283,152.30613676082072
20,60.56629458471888,811.8171120044423
21,55.56247645496611,702.2999081481312
22,61.75076518764996,91.19044541125447
23,54.470505899081516,647.4413075897083
24,49.812147363259214,1435.5812596180742
25,46.93174869216287,1484.5967634940432
26,62.114472944654565,629.742261406983
27,63.27116105285183,1573.8497185767856
28,59.14108133032763,126.5669581412451
29,56.57131832754841,1520.1978792541547
30,63.21597488263907,608.5238468273765
31,59.7212223763734,794.8549088574516
32,67.51953127994545,669.3072012044809
33,60.05451654930573,1019.1488468273765
34,66.73579420417299,1496.1159375353411
35,74.23580512955265,4.138738802685118
36,74.20824638801541,584.8908261401394
37,70.37052420236697,182.65118526275063
38,76.10945606543476,1005.6317097306023
39,69.61497850582748,986.7344446534635
40,73.03624137262729,1544.0007682054684
41,73.03015029056448,541.8461807434604
42,78.28409921703735,1469.7799370829675
43,86.36687320068188,1031.7649592126975
44,85.94709467430573,608.9183780773765
45,89.17170404930573,146.08439370237647
46,95.96604772646191,662.466227363507
47,87.57120447447579,532.079756691322
48,92.2315145001254,39.196862848240855
49,92.0491952369413,172.98432676230055
50,93.81328179320818,124.7504959404585
51,94.52680503531082,624.1743716365368
52,93.12121783329364,992.4527554376484
53,105.77323937539269,103.07792291433299
54,101.08018284059702,1026.2964631937427
55,96.8543121100534,1044.3039286030773
56,109.95516233315371,590.9229709366401
57,111.60876732570324,-2.0077913713812876
58,110.18699581470858,565.0154048842485
59,119.06434065110214,619.5668233742826
60,117.2609636213778,533.4850517823314
61,114.72070973112392,145.01750941478906
62,125.82892794603002,1534.2276400484866
63,119.95355018384389,75.68779428386911
64,112.50674869216287,1048.9658111130907
65,118.67859743165867,32.44235172933726
66,116.63099681246362,1006.8734166654331
67,116.90937347701657,1026.556602851473
68,130.4149785058275,954.7692272621591
69,133.31990516503947,578.0571770089196
70,137.54518085748185,99.9819836198293
71,127.92704944404257,1020.3248336694817
72,144.1116361490516,124.5171362174654
73,139.5607362094999,978.2262133322308
74,144.88738904513212,551.0853555919841
75,144.0254060721273,1699.3657814746794
76,145.1123181227323,149.3129639602436
77,155.9741068214422,62.77900015800198
78,147.21188005505286,19.033545103238538
79,148.44070213426394,1013.1083698078778
80,153.84284838383812,1641.2664277626284
81,148.32298245839664,1031.0550968273765
82,160.8998070422635,39.15720950343281
83,157.93918916835335,1062.3661087321384
84,156.0182148575764,1608.0729539702336
85,166.8333700769131,90.230710324309
86,163.7353798436201,1035.5387924795505
87,167.34678628614785,-6.392710190167385
88,167.5490628555156,15.69455078883258
89,167.11125997035836,1697.3708863010606
90,176.7261905846755,108.23717078236041
91,172.58623374199675,1617.2590004818614
92,176.5769350275666,169.32683595781126
93,177.47409864989746,566.377434105483
94,171.13504539545957,1585.0377891350688
95,193.50102544051913,137.83637297800408
96,188.5712876373253,27.738165287034178
97,183.5581223185365,1023.8766780239578
98,183.12109493913624,1629.8351815731392
99,186.08940968402075,994.7694750657186
100,198.5120320451735,1579.919766248864
101,200.50214456135393,1599.1614221285813
102,200.25575033893108,-1.5655804060529235
103,199.51473424593493,92.39975974872479
104,206.02409404151757,74.28523701429236
105,202.76783891772678,55.00378103790278
106,207.83565908713243,113.36888637345626
107,202.01369775085612,580.4184689203997
108,211.50967077008494,1608.4073695546492
109,213.18632744674161,25.56684896412861
110,215.77439879568254,175.09676349404313
111,214.5785594459847,571.8415359417676
112,212.2099441808847,1162.0353599852713
113,223.49501399828532,470.04030090900915
114,225.3691113295255,923.7213056185852
115,223.68511796440006,37.618776072659486
116,231.16820189413332,56.5163037239282
117,226.08203575734356,1896.2728864254852
118,232.1419988939385,86.71117027370417
119,226.24447894185587,539.4888360823908
120,223.96675716195395,-3.824843884085979
121,231.43337206878624,129.99178513906477
122,233.77017080047577,157.61808434687725
123,236.55700749133473,1685.8576330592605
124,229.88200895821262,19.4199753698866
125,235.00889154930573,109.55509682737647
126,242.24510776552194,517.2349616922413
127,245.64505593286736,1546.4951653205271
128,232.06475361827125,1431.6473382066868
129,242.06830331401162,-6.051520819682352
130,246.9519085809359,188.03350315341055
131,245.01246878507808,1568.474812274531
132,242.17012322085998,1607.108982457875
133,248.89334623440558,589.2403886860554
134,245.59715113632637,449.44337116365966
135,249.0472502119197,489.82371384865303
136,246.17064830606247,1163.3253670976467
137,254.58046582868488,91.1274360734962
138,245.1484421111035,1709.3233552543427
139,250.44955220996638,1872.7949616922413
140,255.12511714583502,221.27716841089057
141,261.5614033976469,71.4988172065234
142,252.38340374442768,1619.2319260956692
143,257.31036394194376,1643.6601581770697
144,257.9518031610908,131.86597204401426
145,256.5073126019373,1181.9511494589553
146,256.94945492958743,1425.152632038644
147,255.09798245839664,547.9800968273764
148,256.2816973047014,899.1639097770168
149,260.7142646836341,1912.0153846738583
150,255.18283094324514,29.91494531222496
151,262.71460583502005,107.97200158928123
152,260.5897214248244,424.8429598979159
153,257.9864963397249,1705.7564441327656
154,262.4843043933424,471.5172527906792
155,260.7526377728707,250.44369199353963
156,259.9384061124125,1385.555339545823
157,265.1898655752798,390.49503189231154
158,263.1078570665471,621.2346945285259
159,258.7605227549795,1592.2066925720574
160,267.9813798122165,23.073289315639386
161,266.82785258826675,1576.9846422819219
162,269.99167484950453,-3.4615532720271034
163,270.15275293544437,196.2097997976735
164,274.9701415493057,1888.7550968273765
165,274.1546773629358,584.3640328496296
166,271.8424032549914,1445.8565182320588
167,271.69133057369595,1530.594261930566
168,278.917392373029,644.3073620662562
169,277.64903140944557,457.09443249171215
170,273.04618597901396,508.548133962655
171,277.93647424650675,1414.8206820691069
172,276.67525518566936,1924.746763494043
173,278.57438537646624,44.548923987870296
174,280.2548989658694,143.53331067162864
175,270.5327939883301,1348.06424316884
176,274.2732220336362,1843.505595402875
177,271.24028043819465,334.4023190495987
178,277.91134052889754,85.97907641921321
179,273.96364883085914,900.1825240118425
180,280.15988966606653,229.93386330571923
181,284.4838555780827,1686.7171471870888
182,279.9019568759389,1563.3195440635575
183,282.18963366433354,301.588723914575
184,280.25331102496114,609.2409582505975
185,295.99560989555897,197.87841724081318
186,279.9516034137125,275.791113776529
187,284.07488760453253,411.1549488983824
188,280.8005194562825,1609.70335264133
189,284.1338190855376,438.4692272621591
190,288.0777318118878,1764.7309721008994
191,280.01442346419935,1800.5130755507807
192,288.01402967085266,490.9756769378737
193,291.75890918599003,1395.5456171095634
194,288.2677997378913,358.0566476958628
195,289.23401350052524,575.0886334127423
196,285.98089154930574,1206.5487634940432
197,287.0532593653977,1340.7232002756523
198,289.9034109767086,377.3472747414869
199,289.57650216877477,104.94779594242073
200,295.1485753437721,247.2344446534634
201,294.42859743165866,891.1506850626706
202,287.99990072361766,167.24202343288107
203,298.1125279129421,342.96464228192195
204,297.0116518398626,57.71217915183168
205,291.7444471048613,1657.158668255948
206,297.0551958971318,313.93281421868085
207,301.1402429006571,628.2309977282774
208,290.62114961382184,1503.3688065047959
209,291.8803948172796,858.7274824482915
210,299.4923615808515,16.34965518699792
211,303.1494863448448,265.2014722920605
212,306.4578335288279,568.8174688410284
213,297.12222488263905,1476.1628012298922
214,300.3210344064486,596.7658111130908
215,295.52270449894604,818.8869313597505
216,303.27975316810466,1200.6167809004835
217,307.75420074990905,1721.967804218025
218,302.541618822033,89.52282410010375
219,302.82639154930575,546.5050968273765
220,300.01111377152796,1937.3375042347839
221,308.74906224631854,452.6242646794391
222,301.05304249270193,776.15022261354
223,305.28889154930573,1367.6040098708547
224,303.5757767952074,-0.7256408775415579
225,313.0009806267182,149.18884550181974
226,309.6315311432144,1310.082381091336
227,305.36105649775936,1159.620818476861
228,301.74663802817895,1340.1413644330103
229,307.23462798341427,70.16653093590361
230,309.4109845725615,330.22660845528344
231,310.64990237963065,799.7965228201563
232,304.1888915493057,287.48723968451935
233,306.2953850557992,585.1508760481557
234,308.69091857633276,734.8388806111602
235,314.7614190218332,1182.55647045375
236,315.14878165919583,26.39163528891494
237,312.66389154930573,883.0875042347839
238,312.78150238674414,1631.2872396845194
239,311.30593700385117,1822.8107786455582
240,310.5025479369709,1923.4543259022664
241,317.07862997988923,296.1252678535334
242,313.0022910530278,397.044240747972
243,312.41446232556143,417.8890009369655
244,315.3088915493057,109.98343016070982
245,322.3125135965498,614.4248474835445
246,316.77062670912306,1248.8479050465546
247,314.4328706068974,1485.2337617488424
248,321.5910305867389,516.065569198143
249,319.5803025922505,756.3983994858631
250,317.8113864368313,1224.4392992813641
251,315.5700074291341,1426.346405840252
252,319.10404306445724,544.8937331910129
253,323.8124209610704,1585.1247492337936
254,321.6962989567131,192.6602555575352
255,320.8581223185365,-9.908364711085063
256,324.857789187101,87.72930942580166
257,322.58319534677406,1666.0978183463637
258,325.90865202834766,1687.2434700808694
259,321.8207640592659,1806.3484235206035
260,323.0352683608999,230.2717117342088
261,334.95867764556243,859.8244818541144
262,327.91389154930573,1558.056699391479
263,332.3342152903129,66.8941256043549
264,329.08394105425623,1458.314255243218
265,326.02714658286277,1536.4737209884504
266,330.2086446357255,311.47577583972213
267,328.3044722858496,345.423014674402
268,335.7197167920242,1731.4398055652405
269,333.4676415493057,166.28259682737647
270,326.874065050883,902.5136930418876
271,329.2253994858137,810.2052291025087
272,330.3774008660759,397.6319601814137
273,333.90149659132254,644.9469035500656
274,329.91655112377384,675.0270235413244
275,332.82408823667635,739.174403245596
276,334.3646491250633,1753.2850751823548
277,337.16694032979353,1777.6211537379456
278,332.30486206527627,26.679482576762226
279,346.96245270038486,453.21786661154914
280,345.36970489654243,1296.1615879639771
281,334.0873325292612,1870.5514776737016
282,337.56242844498,1798.9835319418803
283,337.3667279609152,1275.9063501255296
284,342.94455990801976,1824.2465096869366
285,344.0251120217467,1474.4550312105787
286,346.150960514823,1610.0100341314517
287,344.0778649333362,246.88573687807354
288,344.8818740054461,330.6020266519379
289,345.049477868524,105.65973852118753
290,340.35106771510885,368.35755796727284
291,335.18472488263905,1845.1800968273765
292,337.70317726359144,558.0372396845194
293,350.5293710979658,1171.7749487314668
294,341.09584598575657,1429.3161879544748
295,343.31520733877943,893.8097960754968
296,345.57969273624934,1369.2387021686227
297,348.0749950915401,1882.9273720317362
298,342.13809789851206,135.41422381150346
299,354.09549532289066,-7.2680163801706925
300,351.21992603206434,185.49290470914988
301,347.21564314166244,304.7199057445739
302,347.1262409468961,713.8156389960511
303,354.26331015395687,1138.3417247343532
304,345.7401809475865,1206.021787371789
305,352.5186895291037,813.0790867263664
306,356.34737778783784,1523.650280313615
307,349.6116763594323,1333.8161727767435
308,348.3668732006819,1677.3062436163673
309,353.51542216155065,1353.3505049906419
310,359.80781046822466,353.56658331386296
311,355.4918990681027,486.83235246647416
312,356.8279250065548,664.1680150429899
313,356.0686969021038,1644.404549382121
314,353.90517061907315,745.3176937266013
315,360.77074272897903,1248.741349095979
316,358.75974356724294,1756.683460056076
317,356.4811992416134,206.7579356552153
318,361.2656099528534,132.26269106240974
319,360.9106306797405,1221.9109663925938
320,360.48779264820683,71.79383309111273
321,356.5442106982419,829.8769053380148
322,365.85981353512136,1452.3107114845868
323,369.2726256370002,1851.0234490197386
324,365.4140789556026,26.89561406875579
325,366.0293786117106,236.21472392022275
326,361.3805145859549,847.1081072985806
327,365.1868296936356,1712.2476226005724
328,364.8423674851346,637.9675299824567
329,364.41481747523164,1623.674541271821
330,364.5868009569712,1893.919643865704
331,367.169614440872,1387.2385305623163
332,364.39758720147967,678.6746620447677
333,367.2218029417108,310.36047657421193
334,370.0505936769653,110.70669257205734
335,364.293093229978,881.6359791803177
336,371.56689154930575,1268.5860968273764
337,370.93989826071515,900.7455330689872
338,365.93006801989395,754.412449768553
339,372.91897285011873,779.1496090224985
340,374.1837834942959,156.93599073700318
341,372.8592798988203,1609.6461162448522
342,373.6138915493057,1676.383668255948
343,372.14091647142413,287.3226201918624
344,376.4867046705781,810.7352658134599
345,373.9070234174376,1906.7652616625412
346,375.57592858634274,190.61528201256166
347,372.9236741580014,615.98227074042
348,368.76149428903176,592.4643434027189
349,381.640184652754,691.070183034273
350,371.0316099959077,832.4349511963085
351,377.5743082159724,1475.6071801607097
352,377.45110528976375,1124.348035758674
353,377.92126794484,1317.4707666838358
354,381.29848643203496,1342.2947023710865
355,376.60570836612254,329.2544211517008
356,375.27851810532235,935.6188935078744
357,374.4606472744966,1586.0216998808116
358,381.7364570923769,47.20725038542891
359,380.7246345211933,264.5385305623162
360,378.04436600186045,1200.7987099660627
361,385.70401500609586,1428.9007758397222
362,383.4836451264122,547.7695244903335
363,379.84329569438347,667.4845009724542
364,381.58822265298465,742.9936419778782
365,385.11231162365516,137.30370277533186
366,381.30317726359146,516.7300968273764
367,383.2233743079264,1660.9852692411696
368,388.10393219971223,9.673999266400862
369,384.08868190569984,66.47307376657983
370,388.2650820254962,280.6703565676362
371,384.9625556714431,858.0598678197429
372,381.61339486056403,1151.125461065787
373,383.4476842002244,306.305424911366
374,396.592856307015,1277.75168273046
375,389.4836077919672,1813.8948717784529
376,387.7313915493057,92.46259682737647
377,387.09323937539267,637.2748173242709
378,385.74578810102986,955.4990623446179
379,390.2975335246144,477.64367707429005
380,390.58998146756187,593.2352739390931
381,387.76346782049217,1713.8114527595799
382,392.6692106982419,1171.48062874227
383,398.69443877569256,1384.325898926327
384,395.5777546583545,1538.5171037879334
385,396.50574548189,1844.8941417711967
386,394.9388915493057,175.018558365838
387,401.1092258111442,905.7936065766801
388,399.6324934450403,27.39455180367979
389,404.5677788531574,370.4736060998444
390,400.52626528667946,412.0580429553226
391,391.3864525249155,1096.454487071279
392,402.89741868108865,722.2401743467564
393,401.3312338916481,221.57874547602512
394,399.9025279129421,515.350551372831
395,402.34464694498917,1136.5847730863693
396,400.8013915493057,1360.0050968273765
397,402.6955582159724,758.0278746051542
398,401.65681607760763,1932.1565119217162
399,408.03580512955267,316.37454127182093
400,401.62825806514286,557.1427665106344
401,407.13889154930575,925.6634301607098
402,405.5360441688957,799.6886389686066
403,404.25535496393985,1656.7227797542057
404,408.41142676057336,497.3920686583624
405,411.07089846972093,131.27438748481592
406,403.48038091100784,948.0045649124828
407,410.3154504407607,44.82617073037878
408,412.379993244221,256.3178086917832
409,402.88119924161344,647.2993275966072
410,404.94551805532984,1343.014434176774
411,409.9111486025973,1704.4034510593515
412,404.3662725016867,591.1324777797574
413,413.30988391571793,826.8633029342467
414,416.86987746479866,1905.5110827428693
415,412.73721196274244,1262.0980554837072
416,425.7992418677771,1515.7589184834274
417,407.59880890467764,1099.880510050517
418,415.36654822505506,1419.469606364161
419,414.3273530877673,533.8303817276613
420,418.8656915493057,861.1796968273765
421,430.9509661036007,226.41307899917553
422,417.4659557694892,1880.842023432881
423,417.7506401831855,13.542118685299968
424,415.2430582159724,196.61759682737647
425,418.70013415285604,483.6431145788557
426,424.58370287006045,1572.776794940584
427,417.9329837683259,1007.7514224757915
428,415.62433458728043,575.0440208780094
429,420.01461333408264,1328.4996506331508
430,424.92657270872604,1204.6788890979078
431,420.46080755980444,1809.066579767009
432,423.6308098441547,151.53933306183472
433,418.0659999830407,439.9963618876174
434,422.2045086777692,1040.2046560213312
435,423.53473477970954,213.87308970148575
436,422.526986787401,654.1162440135237
437,424.3088915493057,716.5153599852712
438,431.38753867444666,759.9030393301949
439,429.11714639695117,1465.7071051376258
440,421.9013175848087,1485.5247713835895
441,423.82038761229785,345.0206480084788
442,429.6332793044078,838.8892805008459
443,429.51164489538604,1170.5859285673382
444,430.3746520671051,556.955986795014
445,420.53889154930573,1354.4550968273766
446,422.5864375615757,595.5190538825912
447,424.02052996738485,608.5120177313313
448,429.9457542944038,57.16702493195163
449,428.9649478873339,297.37199823582716
450,429.57460583502,912.9600507444271
451,426.6491856669528,1072.268332121494
452,428.31166812197387,1232.1730469358363
453,435.0395690560808,1381.6631591579999
454,429.802296375043,1440.2732603662505
455,435.9577227181369,91.37637781911201
456,434.9990563844706,493.03586605814576
457,432.9888915493057,1276.4575968273764
458,428.78889154930573,678.7425968273765
459,430.26257575983203,874.140623143166
460,436.91623237327576,1140.0050031944177
461,433.81560910655764,-3.3065443939975694
462,433.62514885924725,622.438868757201
463,435.86980441237625,955.3906777402395
464,443.03611817371143,401.52122202547474
465,436.1824225466103,1313.0756493880233
466,439.61159761462454,22.309568055992344
467,445.17488056029475,425.86965726693694
468,441.85372945454264,884.1021666528129
469,431.78889154930573,792.9300968273765
470,442.4315295861156,1013.1463544960882
471,444.2043845070522,541.8573268743248
472,438.3323698101753,1159.4355316099852
473,442.9254554259577,1933.2340615850858
474,439.0018545122687,811.3467634940431
475,441.401986787401,334.25152539880503
476,444.35673074528563,642.3597450685825
477,446.24840571934624,975.7094490540971
478,458.55540890652856,129.95249324394982
479,441.84228960755814,255.54660168174541
480,451.21585784144054,65.10565862512928
481,446.2427068103499,182.99836991974595
482,451.25437827496944,706.4185924025977
483,452.07995783172646,244.78600460835628
484,448.8055582159724,824.0134301607098
485,465.225538722795,920.6698629092479
486,455.6210714801016,271.3349411180339
487,450.82262648906476,1230.3349161044848
488,453.1387674798268,1838.0095012938777
489,457.3783903559883,1661.5267555385938
490,453.8915168476351,583.6317674717678
491,461.821719832134,1287.803834201114
492,456.9136915493057,1396.2068968273766
493,458.6594094775926,1902.2348777038706
494,461.21508697550115,1417.508059405339
495,461.9974902754204,1489.9476127509433
496,459.95386099940754,36.86899703104247
497,460.3322705447395,1466.8068091561436
498,471.8560671218248,1146.3629212548574
499,459.4490647094789,227.9690578663375
500,460.6712444904822,293.0124497685529
501,465.2136407131853,337.587287462828
502,461.60124309324874,1264.8113319817708
503,463.86562723749086,1623.3600602865727
504,463.30210740833655,500.69221136482145
505,467.66984393025814,1351.1523190495986
506,466.31063067974054,1052.3100590201932
507,471.60040234067264,1437.209233518024
508,470.30263362118734,1857.2472215631058
509,471.2905637901084,-7.387628925131885
510,470.08603440644856,591.6700968273765
511,471.28993539064186,1014.1639172866667
512,465.72694464665085,1172.4212472698543
513,467.5742796771596,1242.6195945442714
514,470.60370636412057,651.1668118032219
515,466.07460583502,884.6027158749955
516,472.77334750785496,1571.0682660847167
517,469.98279736648027,404.3179084617255
518,474.1735069339211,757.5303984865017
519,477.06644799020876,430.10273958966064
520,470.02199965741386,69.84563736791702
521,468.43504539545955,1205.6326609299406
522,478.6092378696521,370.0123479096276
523,474.22889154930573,1309.3872396845193
524,477.872623606722,463.4779437173286
525,480.53889154930573,1378.1739992664009
526,482.47391357573747,26.991770836187044
527,486.7038661685951,1779.9783201776304
528,482.62102151320465,1257.2694470078818
529,483.34809009211085,278.7825558437699
530,489.7873786900017,937.7742723190557
531,490.35259347238264,1466.6200006735303
532,487.67984899611423,991.4221181039723
533,488.29743044873646,1737.8712732979648
534,491.7333359937502,684.5374200596997
535,486.3923398251678,1545.6628554480662
536,490.39697590782947,166.6295695866032
537,485.57460583502,889.7413213171724
538,485.6355173161769,1214.9791765819778
539,485.8971947984032,322.00229899344146
540,489.9693649220868,1192.6786175374357
541,488.1642858710723,76.27709998195061
542,489.7447357051499,344.2417851390648
543,489.80547922703084,1401.7642200501252
544,485.1614405689136,705.8712732979648
545,495.90639754450956,1754.4456843573525
546,485.82632470438597,1881.0691342605317
547,487.0715002449579,131.73444465346344
548,490.3608472688629,1329.6385839122472
549,491.81063067974054,1497.7199518998402
550,499.4469142397433,1527.9560287560637
551,495.0565683169825,53.238177635457276
552,494.843553928727,119.95903573412889
553,497.3308915493057,618.5600968273765
554,494.9054993231573,485.28698728674044
555,492.6147621960719,963.5420371258839
556,502.490462229934,251.44187693208852
557,500.6866693270835,639.1900968273765
558,503.470757933187,740.8993439111516
559,494.4055582159724,1286.5842634940432
560,497.0436085304378,-7.6029220405480515
561,495.9674629778772,471.33188254166214
562,497.4344246905161,567.6505579224773
563,497.1074100678243,193.79676349404315
564,502.81172259953405,307.1036128091116
565,499.18499544540964,206.2612656585453
566,498.28889154930573,1596.6781884304298
567,501.44905868022494,405.9551664652595
568,506.00818979491976,10.9805354238677
569,504.58091434132854,132.79619369347333
570,508.4520859937502,365.7478051607098
571,500.78889154930573,1224.8745412718208
572,504.53075201442203,1928.4021898506323
573,498.01966078007496,1361.3403532376328
574,508.01692005286867,1378.6236835257137
575,504.0363662967805,521.8593897566694
576,505.6967862861478,714.1844827922888
577,510.3247406059095,1869.647077959452
578,510.2127598620629,1840.1193972388992
579,511.7180700195607,267.1340628330422
580,508.6350453954596,341.30072619800586
581,515.0652073387794,1411.40641261685
582,510.95495653125516,197.14309321726816
583,516.2343628986588,447.4273241841232
584,515.7182393753926,420.6393359578113
585,517.7297861179959,173.47482526188128
586,519.9241374509451,1884.3583755159011
587,521.4875026604168,382.03287460515423
588,522.6713366903716,1432.0664604637402
589,519.95460583502,-6.7841888869092415
590,517.3760475126085,660.5600662463368
591,522.8623682518147,1292.9032151069464
592,520.5288244352118,1345.4418417938193
593,516.7025820254962,1243.6890253988051
594,519.8379378708316,1506.5213774813274
595,519.1936024700766,1571.4889833370125
596,524.0617999158396,51.24682989510556
597,520.6276012267251,1264.1599355370538
598,523.2675800738959,119.76944108967155
599,528.0696292542237,1221.1821460077044
600,526.9268225837884,1914.5335451032386
601,523.9888915493057,1937.5119150091946
602,532.7029884656054,12.080977884645193
603,534.1336317267455,84.514380731052
604,524.8568527143543,231.8330094487357
605,533.2337658239672,266.411721585597
606,543.3261908883048,1183.4097946555162
607,532.5643152781192,1204.048740895173
608,529.3669506210357,1610.3731348020601
609,531.0795582159724,1539.8634301607099
610,527.5940386081293,1689.4006850626706
611,535.3384410988554,156.58475148203112
612,540.1002899041823,190.98297579329892
613,538.0509397420768,748.1755787550874
614,541.4574962004685,347.06963171109743
615,543.6538266142408,1362.2950318923115
616,538.8222944720615,451.7756083096312
617,536.9870482313333,1240.4900046614778
618,539.1613915493057,1798.1875968273764
619,540.0336172877023,620.8119533674609
620,532.6910654623492,1845.8974881317242
621,539.3661067391791,223.90224872611066
622,536.367631706786,1278.35529367777
623,537.5424126760663,1314.2293926020243
624,537.2128397693705,1651.0110029762438
625,540.6605622514849,296.9494672874249
626,539.1150564238577,1813.7652222754052
627,539.9274785058275,1885.2887924795505
628,543.3975872014796,389.07634188666503
629,544.4895567377758,662.7438440557579
630,547.5759285863428,1564.522689419969
631,551.634302177325,36.51222243124121
632,543.3474501078642,247.3805472778269
633,544.2663915493057,1408.8200968273766
634,551.1140071117094,1256.0287100785322
635,550.3857501880492,1919.0819292881094
636,554.4762423846279,364.9706696197392
637,561.1934028275012,559.1797208875269
638,553.8428483838381,1420.1207443093908
639,552.4455439098208,151.9601397458314
640,548.0263915493057,1214.9175968273764
641,559.6290691297719,1633.7913620881977
642,558.6982665493057,1780.3457218273766
643,556.9898484871047,763.5497140522568
644,554.1672699276841,138.42334007061973
645,557.2349009389771,1669.9887822733858
646,559.3930582159724,70.04259682737647
647,563.6447141001375,1856.8912798218312
648,567.0364302272242,342.8921221438322
649,555.3711700303184,981.3857930299082
650,554.2953850557992,1767.5924344897142
651,552.7000026604169,1830.3078746051542
652,564.8731349190405,1593.8115320847867
653,565.6808223850406,297.6116530233419
654,565.574473804389,705.7674350898534
655,560.8119938595368,1696.319535771271
656,565.2679202468775,1928.3429003593853
657,566.0207097311239,208.40282410010374
658,570.1333359937502,1279.598615345895
659,566.6514507910119,1744.6575849790352
660,569.1604511823333,1219.2328491209544
661,564.6111137715279,1557.585652382932
662,567.5666693270836,1895.4682912718208
663,568.263817802993,1330.3637251459606
664,568.841921852336,176.16999581727546
665,575.4142213646091,264.32587519149257
666,573.1244070975872,1819.5913079566726
667,578.0258707159724,1913.5238468273765
668,584.5813443794945,1308.0677216886418
669,574.1157397983329,731.9028594732908
670,578.8414243823264,1652.453548984975
671,582.931992060379,1680.780182006252
672,574.2537352993057,14.066815577376474
673,573.565362137541,1727.2477438862
674,576.005107765522,1369.658137367917
675,576.7795602895857,632.3095680559924
676,574.3084227993057,757.6410343273765
677,576.6176377266758,798.8689347478658
678,583.8736597612262,576.9830769598268
679,580.4114081055972,1714.214865039297
680,586.2493345872804,109.51237530838912
681,579.1086589911662,690.6510270599346
682,584.9411010419408,1774.4980182676384
683,576.5054269823765,1878.9694669061166
684,584.2279159395497,321.4844205524319
685,592.8633416339081,1629.7473557106252
686,591.3228148531406,743.4050230810637
687,595.1088915493058,726.4900968273764
688,588.590418266863,788.6476540792848
689,595.8584971177512,1573.1644355744763
690,593.5095619403672,1893.1554227119202
691,601.8413696834165,1590.2959860402045
692,588.0388915493057,1937.2217634940432
693,592.1013915493057,151.55509682737647
694,595.1424827095267,304.34722389919966
695,595.2242982478704,348.62866142067793
696,601.1132158736301,629.9990157462954
697,597.8326871697437,1153.6206077762815
698,593.5130294803403,10.624062344617855
699,601.2233038150638,1737.0834188035265
700,609.3835797710148,525.0167019082079
701,609.3902780311082,1779.9318299296294
702,601.543044373226,272.6377380233898
703,611.933378241321,1841.4567127969583
704,605.2942911173403,1690.787548231264
705,604.2668789706894,329.85462512926324
706,609.2316881594752,1236.5953510646646
707,608.1509605148229,1655.889866942319
708,612.6005301404236,664.8290248518788
709,607.3320570169317,742.0955644532758
710,615.9955582159724,1803.4723190495988
711,613.360953633563,1869.9788773151813
712,607.9240266844408,1936.7679346652144
713,610.3152073387794,577.4451344213614
714,621.7951156156957,747.7330013916918
715,614.0022248826391,802.5167634940432
716,617.4708791269455,1621.7673639081218
717,618.8077087536068,1153.7499893004947
718,623.3996141600284,1821.2471131443929
719,622.9846462662869,886.8168892802066
720,622.9749380609336,1314.876745254189
721,620.5963120440053,1195.7905208556451
722,622.0859212522761,260.6578195996537
723,619.9746713658195,599.453032607193
724,617.5551253155395,718.7320448793246
725,622.0994642365304,1570.3067488097554
726,627.2193934798076,1901.9185138157934
727,619.0013915493057,645.5050968273765
728,624.8096462662869,827.7168892802067
729,622.9138915493057,344.38009682737646
730,625.6568160776076,941.824436450018
731,618.7371674113747,1699.4818209653074
732,625.1213091317234,1453.7432836405633
733,628.8112462437916,1727.4442548005509
734,624.0720240794262,1127.1288920080995
735,625.1474572863575,1285.9460330823565
736,642.1172668353469,858.5353599852712
737,628.2283819951656,1178.6243643433
738,628.2478150620536,158.8281138245436
739,632.4498504534154,318.70920641641754
740,652.0149681043297,1533.8332068752234
741,637.2170352618806,288.9271028154004
742,635.6852879457022,959.0742409715206
743,652.5833304768132,1446.5914672345264
744,639.3792529950889,1684.2132293574969
745,642.2300093137768,1766.724508005021
746,636.2117486921629,1257.7358111130907
747,640.8703334718691,1653.8126068407275
748,637.352166983549,1919.498335040776
749,643.464787314778,179.64670920522664
750,645.8869982618703,252.19773882393412
751,644.0610895114601,1560.4861375842906
752,653.61232654128,1784.8626810970393
753,641.8077200011886,219.30457381482415
754,644.1344675092389,1136.7948714517504
755,641.1589702894632,1294.1072621817073
756,638.7324812928955,1231.4890711863509
757,644.2255112676156,1744.3047447147005
758,640.8109909968196,716.63175428594
759,652.6206156872368,1107.2404416549628
760,650.4113564479017,804.1001436292486
761,650.8101179644001,611.8216062613387
762,649.2528684945507,1325.9963792481258
763,649.0894695839878,339.1352991395152
764,645.0869047943388,1487.2479776220785
765,648.5185052832113,1513.917221290896
766,646.6962086224764,1841.593511461523
767,647.8798006402149,638.2210059182855
768,651.654176523399,1410.0699932004334
769,665.0061200137252,1420.3420818461032
770,657.836237316881,1183.2672560813219
771,651.348213583204,1710.8495883528003
772,657.82755587268,1822.945914050575
773,668.4883800403543,939.706311661136
774,659.7065216071092,496.0977268851799
775,651.1055582159725,785.1467634940432
776,659.7631304251839,1578.597544134168
777,658.2511341122348,1854.8271219990013
778,662.394041763898,1305.1232298745867
779,660.5617375023083,721.7603840336428
780,664.5475122389608,1469.9140048733534
781,661.1222248826391,1908.2838979969672
782,662.7482824122499,752.4504013959044
783,665.0143460947603,828.9628241001037
784,677.1787032879547,292.5214589536223
785,664.9324322191621,924.4611973058454
786,669.0513500210666,1090.1759440034562
787,668.4489900714732,1210.553249536736
788,670.3405139681848,964.0451410751641
789,672.2199260320643,1337.1956140687557
790,673.8605289762063,1622.35992138878
791,673.9680582159724,1133.5655134940432
792,670.5768662328501,795.0250335362373
793,674.8155187682406,1739.1697417977907
794,672.4733985915592,324.1441813344187
795,681.9287289476797,1263.4341618680269
796,672.0678031139316,610.2464233579888
797,679.3695367105961,1777.5164345882872
798,679.2102297048211,671.6751239521504
799,672.0790469897203,1874.4637755838532
800,680.9508853187762,516.8413117806475
801,683.2707568342798,976.4482315424024
802,683.949787679652,1925.6307078253399
803,681.680977880241,951.0919673309736
804,682.1032546929372,1724.5615331417396
805,683.5072223987842,1367.7661624011469
806,680.3284104496494,1513.514289267239
807,681.4938420443552,1656.6508889065844
808,679.3287688499192,1493.3165998948612
809,684.3208608587687,1567.0784344232843
810,682.2242227795897,1809.299182000878
811,684.4562105316932,996.088609547533
812,682.8343460947602,1103.5765614738411
813,697.1473668128905,1074.4548332426239
814,682.2569766556887,308.81307555078075
815,689.6049537254715,1891.6347600398117
816,691.2355416733752,1541.8655806983443
817,696.496438719117,464.0841848776909
818,690.1416047276003,1022.391337137454
819,686.1375757598321,1310.7129915642186
820,693.5253994858136,153.08565238293204
821,696.6696965028661,875.6622949697913
822,693.6575356171023,1613.8792493697495
823,707.1696201039473,601.856066275085
824,704.1535124879339,640.7158970680504
825,701.8129155733297,1298.1703370676166
826,698.0733743079264,1832.3410163676065
827,700.3810153186447,568.585511735956
828,699.8868414354105,691.3651765540279
829,697.4343460947603,939.5437331910128
830,699.7432294488491,1448.5556676036322
831,705.9943370938602,337.2395027679705
832,701.4645672249814,926.4088613061409
833,699.7504300108442,352.3275327248124
834,706.1995498565158,771.4128554480661
835,700.5483852201918,825.0693373337056
836,702.8618645222787,1520.8219887192683
837,701.8543677397819,306.2634301607098
838,710.1138391384043,493.55693120892784
839,708.0749492416135,854.8916352889149
840,709.1098135351214,800.1996003734757
841,709.987521686292,1313.1013297040888
842,709.79066774824,1352.1627788877672
843,713.2015259579078,1417.1935376875915
844,705.4938095820926,1581.198949286393
845,707.835644796059,1614.6339929312726
846,709.4719181341728,1874.0425712650042
847,708.7985378515565,1544.6825084029392
848,721.0556792081079,1005.4927102575034
849,713.6936534540677,1503.8031127003924
850,718.0180582159724,544.3560227533025
851,720.078840002914,1844.086024662428
852,711.6488915493057,1900.0860968273764
853,720.4384641988784,1335.554028451308
854,715.3521568554282,1667.5872396845193
855,720.4989186495767,1736.46532717968
856,716.4458383760639,1472.9455342201722
857,712.8072823539035,1711.3852692411697
858,717.0162967971191,309.32951373699746
859,723.9567747609846,1931.4580773626562
860,724.3021805858506,828.4799307144197
861,719.6042225597587,939.6478668622196
862,735.9056285394604,1115.9680715109207
863,728.5277183649482,667.6745102351977
864,731.1084350585782,868.6019941169628
865,727.4134649281453,1296.7884586021205
866,726.6094604770957,328.51871827157777
867,725.3378277195185,1063.4492457635467
868,725.2276670595098,1226.3722736981247
869,730.9302343054894,510.7887540711928
870,724.5444471048613,135.11898571626537
871,736.1294320898463,1319.6670337643134
872,727.0563812612398,590.6790680207921
873,739.1789559467298,1205.1481281061253
874,729.2888915493057,959.9889203567882
875,736.095769856184,360.9159874799338
876,738.7835865095179,1009.4791684454135
877,735.2581398408774,1897.9710991052807
878,729.2825624353817,110.05667910585748
879,737.1615800272574,215.8703528728957
880,739.5324029996874,1140.8155930105827
881,742.5365105969248,408.70628730356697
882,733.6222248826391,787.6384301607098
883,740.7291247854573,603.791612862362
884,750.6173229218548,1051.656812513651
885,743.7888915493057,1477.0004485861705
886,739.2171615914998,538.6874807936211
887,742.1238197789708,633.5377523297689
888,758.7274728641846,1438.5650449242623
889,742.8016141956161,1538.3143207459516
890,740.411466505214,1665.4609610249074
891,751.2428999881243,1725.8060461944651
892,740.6460344064486,118.89762929490894
893,747.6012777059542,1029.334468412076
894,753.4369893753927,256.34314030563735
895,751.9687161107092,953.125272265973
896,756.8946141487238,166.8049755858634
897,744.4252551856694,896.9820448793246
898,746.1041089406101,915.6474881317243
899,754.5402881973504,1516.8798174977676
900,752.6104683127912,325.73715076928517
901,754.1793677397819,1580.6729539702337
902,754.0987957026604,137.7000648784947
903,752.9819210399223,828.3831799372961
904,760.6299932442209,974.5190798782239
905,756.3967346865606,1391.5026458469843
906,759.7959338028269,612.7012235879398
907,756.0259285863427,1081.742442506389
908,760.6544829471552,-2.1182902693977184
909,763.9378277195185,1560.7740684585822
910,764.3931696241721,674.0370486990342
911,762.9738230561551,994.1903707999793
912,761.3257086514435,377.920595639728
913,762.0215648166325,859.175146332327
914,763.280800934419,1369.8200644649169
915,755.3926651342114,1778.6282100349235
916,758.0273021453322,1895.4930107346613
917,762.2721317727694,216.02786219050495
918,763.3524407099771,1461.9061160120289
919,763.1608592042923,1622.7818488489397
920,766.9085670056952,797.1085958131777
921,762.6087967625758,892.4537935098409
922,767.8407877568906,1011.8682205798714
923,769.9852739782463,632.2169185328029
924,763.511404638311,489.6421387121932
925,772.7356469569596,321.2761866776261
926,774.9661768678653,1646.8179084617254
927,769.9276670595098,1837.4035662151316
928,770.4541892905788,355.6754767041732
929,769.942506007137,1323.9511811647258
930,774.4044150150097,1500.9319018815281
931,776.5135750936096,139.05034999193344
932,770.934265998645,736.0754712767157
933,771.3997289877294,839.5163037239282
934,783.0662024736755,1298.3946826617102
935,774.7252211373207,107.79526536670232
936,776.441284496409,264.21976937145706
937,776.8891865345564,820.2870289807688
938,773.6660101933735,1196.1504358104273
939,781.0556792081079,1671.621566881823
940,778.355016839329,441.3894935791166
941,777.9193263319145,1223.2866185665068
942,777.2596232566228,1260.215462681035
943,780.9725650186934,529.7872396845194
944,778.8012372283181,1905.627627691574
945,780.1650670978951,34.85799651389685
946,778.2109098979296,243.47138123104622
947,776.1555582159724,198.76343016070982
948,779.0529941134083,418.31471221199183
949,777.1030677945165,941.5469550649244
950,792.7461108006427,1201.3231449557188
951,783.5595062419594,1477.340891430075
952,780.9508348691438,181.3430522929635
953,778.8418716817561,598.7115537810189
954,781.1828309432451,655.1535816758613
955,786.6762701900824,1594.1048541089299
956,782.0918472143304,1754.4473382066867
957,783.867631706786,1038.4497818667467
958,789.2044759648901,387.50639552867517
959,783.2648530877673,611.1464429812227
960,786.6348785341213,295.01903392065196
961,782.8776489457555,858.6401559989741
962,785.0289796550326,91.81555938244256
963,785.6598592912412,343.2397742467313
964,788.5303364162259,737.9205911239544
965,797.853407678338,1095.4984532021845
966,791.0732052747959,566.2575478077687
967,798.9109316221654,1072.636836353788
968,786.9644234641994,70.94605427418499
969,799.6238243708028,968.6728991306394
970,787.9349589650361,1881.4357148049046
971,792.4182845205518,787.0451128018174
972,792.3100183098691,1055.408970066813
973,796.7974752402929,1361.0588521921834
974,798.7325005718621,814.8379915642186
975,793.2705988663789,639.2288773151813
976,796.5037675823636,877.8743117034095
977,803.0787298864882,1415.9728220005866
978,799.5746058350201,233.88305849985034
979,795.2553094597534,414.6166639915556
980,804.1289725209657,990.9361697018703
981,796.4316321692079,1623.4521196658757
982,806.480981944786,345.27049230760247
983,811.794688650755,1026.8663287114343
984,801.6555582159724,370.6729539702336
985,803.6494116438683,1678.5282055744215
986,806.6950139982853,1655.0729539702336
987,802.1834861439004,1865.4382049354847
988,802.3012068202416,138.74783081752426
989,804.6940960102722,193.6661563069304
990,798.9279289824608,1894.6359791803177
991,801.7079198893867,47.35924662494732
992,804.2630294803403,78.59604510323854
993,807.933221446213,171.53422053871668
994,803.0054269823765,1727.1033251738331
995,799.7376094980236,899.3916352889149
996,816.3272057255509,944.7002117699052
997,809.5436085304378,543.7171588219857
998,812.7211905619997,1342.5619727088997
999,810.4566031480518,400.6385607772197
1000,812.9038648113378,107.05041768299145
1001,815.3493596897479,573.1901748507835
1002,814.2105017187972,221.76484259008834
1003,815.6806751164399,884.8639645628474
1004,826.0779770950285,1873.761955234456
1005,819.5223940873768,262.9453252537724
1006,823.7965105969248,302.5034301607098
1007,820.0696486470976,281.8070684362093
1008,820.6705816901508,998.5723503485033
1009,819.8546810229899,1720.6011494589554
1010,818.0095812044782,780.6749244135834
1011,818.0440998826391,1481.9613468273765
1012,821.471761919676,1683.6916709014506
1013,818.8046644199682,377.4821473005626
1014,823.4649174672323,596.532688620033
1015,826.9415019910728,801.7734703213524
1016,833.7591215899012,1154.6702862725726
1017,830.0261498972847,328.98457837394943
1018,826.0563687529532,1563.8161150644585
1019,821.9265062282049,1460.7374362769178
1020,831.3172866110341,1130.1375042347838
1021,838.094407815218,1381.2851180437838
1022,836.4058866231974,507.93255988156363
1023,832.9532369532054,412.68775699450737
1024,835.7346957451099,1408.8741527714324
1025,844.7628498826391,1710.921763494043
1026,834.4578413209953,1735.9871744529473
1027,837.5937695980862,261.2075358517667
1028,834.7888915493057,757.203906351186
1029,838.4970766026865,1272.5421964715047
1030,839.8444471048613,812.3214011752026
1031,840.1513076566882,1755.8327813911349
1032,837.1842403865151,886.3656147977782
1033,837.5775893380035,1489.0480329453126
1034,835.7324399364026,1809.5510645693118
1035,845.8419125110813,394.8573471356379
1036,841.733795130573,437.1918048163572
1037,843.1481408790645,998.2008743072693
1038,849.6142376621917,308.69899991576835
1039,844.7644416715551,1534.0645711550048
1040,849.9630750640803,1455.130718911358
1041,845.9555582159724,1188.0134301607097
1042,849.0137719320809,1297.0018671623047
1043,851.6085636804532,831.9464902699995
1044,855.1136621915076,1116.401656460404
1045,856.2604824583966,1216.0664604637402
1046,859.688587597938,1828.0699144565558
1047,857.6874764549661,457.3829270160557
1048,864.4996260125826,853.6724697087324
1049,858.81423267991,1255.1737615447255
1050,864.1367176362622,1273.4887924795503
1051,859.7700236247774,559.8499081481311
1052,855.9321347925489,925.2571238544035
1053,857.4347768360888,953.5335880991969
1054,853.3118800550528,1316.1829703905948
1055,857.0156357353522,1516.0957945017951
1056,856.2250148973234,543.6789955057906
1057,858.9797629186004,1390.2869433004055
1058,862.2597653357135,793.1946599341726
1059,864.0662352993057,1074.1957218273765
1060,865.7828063566079,337.0659994642933
1061,867.298357986483,906.5445546587018
1062,860.8470310841894,1139.999864269237
1063,865.5571842322325,405.7910724371326
1064,867.1014887499279,1026.118277231731
1065,867.3449663156608,1803.4441155189652
1066,867.8929183949433,990.5274122636181
1067,872.1490378015909,1721.244539240539
1068,868.6888915493057,975.025551372831
1069,874.2775707945888,1223.7621722990746
1070,872.8941547072004,1483.618517880008
1071,874.6257213861355,815.461565358845
1072,877.1521802682349,1180.92244864382
1073,875.8425999892034,1423.4006850626706
1074,880.5059179282026,772.5991615755779
1075,883.1414841418983,1287.9463931236728
1076,874.3396727993057,938.7582218273765
1077,872.5944471048613,1538.8189857162654
1078,878.6343460947603,744.4664604637401
1079,884.9763915493057,1148.8218378988051
1080,881.9898719414626,1382.2144105528666
1081,883.3996870038512,1315.788051372831
1082,878.7050592139764,1367.085785450131
1083,882.8096527949805,1057.5079514986567
1084,877.7412725016867,1518.5491444464242
1085,890.1378651563439,848.9125015194586
1086,885.3318779746451,1800.3033999947972
1087,892.4346681160632,943.3769633123901
1088,897.0640394782998,970.0084991942404
1089,892.2020370892118,1525.504431725655
1090,888.5984153588296,1121.0372396845194
1091,896.2217572807687,1203.6355076490197
1092,893.3787533004578,1733.8840138780677
1093,900.2017601820135,731.1700432080735
1094,895.8967632694223,996.9913213171724
1095,896.9207243467334,1397.5860453804312
1096,892.3232830836972,353.09411799139764
1097,889.4367788732494,1460.352632038644
1098,922.954699511835,1083.6851319561822
1099,908.2138386951831,1262.867728962683
1100,903.1212937839426,1116.3658510173207
1101,896.9457542944037,1641.812449768553
1102,907.7611137715279,1665.7609049081846
1103,908.7236386944934,1797.2041588175884
1104,907.318486564882,1188.0266700360992
1105,907.1814354089548,1227.9037810379027
1106,911.1561046640599,1613.887473876557
1107,909.9848714488032,1333.0883882846629
1108,909.8127642283508,913.1980013366602
1109,914.5066829603487,1037.1877655390329
1110,912.7874650157822,1424.9914377688885
1111,918.7864819107515,784.1300968273765
1112,916.28432533926,1136.9894575579701
1113,915.3268662328501,1591.7992951396127
1114,922.6058726813812,1291.6376439971878
1115,919.0084037444277,1158.6983895103033
1116,920.1563036898808,1312.5115664759387
1117,928.0081797238178,1648.492668583978
1118,930.3384666201273,807.2530430030139
1119,924.4098217818639,756.0580038041206
1120,924.5525279129421,1237.0710059182857
1121,934.1320288042077,1006.4791164352196
1122,926.5995424368797,1813.338380851045
1123,928.5100070871543,1338.830495233751
1124,930.1083359937502,1580.7807912718208
1125,929.3444471048613,1215.5219335620704
1126,933.6042510264299,835.8500314678994
1127,931.6302199625899,1730.944856974978
1128,942.1034695544208,1114.5247259833868
1129,938.8579180979783,1380.0893888627747
1130,941.2896479789578,942.9648925913705
1131,939.2322113873624,1163.9928498638137
1132,941.1322391887907,918.6382513338142
1133,932.4526083634651,1599.5141676238366
1134,942.6771029314195,724.2268447948561
1135,940.6073058715564,879.7689715076834
1136,935.8771268434234,1796.3320576116903
1137,948.8647536182713,1904.004234758411
1138,948.3076081268458,1226.2812554726527
1139,950.5156889349266,965.1170249319516
1140,947.4789500288379,749.6766855213336
1141,944.9354211122877,1602.9686572386875
1142,951.998836300687,706.6538537334538
1143,954.4268843808469,1030.8100251427886
1144,950.7888915493057,949.3300968273765
1145,955.4897649117512,1399.135337002049
1146,953.6467595696103,36.17628972077749
1147,953.6480752227751,1851.332137643703
1148,957.4345750025432,1657.8347730863693
1149,952.5423162068399,774.5054392931299
1150,958.3633596344121,1206.3485365436886
1151,958.4264320023801,825.5644010344962
1152,964.9506952628336,1158.148929718623
1153,962.0670165493058,1587.3894718273764
1154,960.3215002449579,1612.0931403056372
1155,968.1562384880813,991.8450628137709
1156,962.9317486921628,1092.2724613593962
1157,968.2211115885984,1776.9065211888696
1158,971.7092455316066,-25.541879573803467
1159,970.6962274566416,899.7216026188822
1160,971.531448466994,1723.1612702074115
1161,965.7768433565346,1750.8638317671355
1162,966.0381029057726,1830.0657435150736
1163,969.3053325551084,744.5683946997169
1164,974.6512103898855,836.8612562476663
1165,972.6795621032416,1063.33388691484
1166,971.1037953954595,1916.6200006735303
1167,974.8830091963646,1182.5983321214942
1168,979.1926474178504,855.5685944799586
1169,977.406967351055,1133.4811172355398
1170,983.9676994963256,-2.930830324941404
1171,975.0288915493057,1560.5700968273766
1172,984.6491856669528,1623.2775232979648
1173,990.8715361774049,1920.3433199678723
1174,985.570444947364,878.2189317788328
1175,989.7799629778772,1944.7783111130907
1176,983.2648530877673,1696.408462211992
1177,988.6445065225678,682.0691342605315
1178,990.5295554497206,443.7786445452188
1179,986.9202474815091,707.8665375053425
1180,986.9347248826391,1407.3973587321384
1181,986.2213239817381,1322.8129797102595
1182,995.4924171903314,1892.704135288915
1183,990.4347248826391,1747.859263494043
1184,1000.4324783824499,1119.311481617388
1185,993.1289816393959,364.7521688994485
1186,995.5910116906485,805.4071286294966
1187,995.9663109041444,1208.2956882252258
1188,995.9780807384949,1581.0352019324816
1189,995.7255670110471,1853.0752155608857
1190,1000.430649791064,756.7784484757282
1191,1007.4560323743412,1145.4137383636496
1192,996.7289460452185,1710.6140205330985
1193,995.3050205815638,277.4300968273765
1194,999.0160208868451,467.19192648037335
1195,993.2099441808847,731.3379915642186
1196,999.0686534540677,901.3646206369003
1197,1008.3718223061495,723.1780839449289
1198,1014.4469853465826,380.1343328334279
1199,1004.2984153588295,320.57771587499553
1200,1009.27460583502,1345.101525398805
1201,1013.6882704312933,1224.510221050979
1202,1013.0116403644716,1926.5367318984665
1203,1013.803384302929,1697.7175364409031
1204,1015.9134051679828,1609.7861279557812
1205,1014.3706223185364,313.0358660581457
1206,1021.2405044525316,1945.433322633828
1207,1024.1814149137917,1250.2057977619559
1208,1023.3266273983623,1719.3121722990745
1209,1023.3210803905074,680.5695818059172
1210,1026.0152525808244,1568.1192085752275
1211,1027.3888915493058,1632.5129539702336
1212,1028.894660780075,751.0839429812227
1213,1040.4164957159724,464.65145099404316
1214,1031.005822766237,1165.1258640231438
1215,1036.888165157054,1591.3053994908148
1216,1039.4217120621263,1665.4131737504533
1217,1041.7817741115832,436.5457551903658
1218,1034.1418327257763,1120.3183321214942
1219,1039.6992858145386,689.5465842825736
1220,1048.8715495719962,1139.850680295772
1221,1054.3751859655495,392.84295638744413
1222,1047.7888915493058,1173.7905619436556
1223,1051.4880065935536,755.9949935825388
1224,1051.692737703152,780.6488468273765
1225,1059.7449810273506,505.6069816658189
1226,1062.3876277262411,1111.37875401537
1227,1062.0267474957045,1585.3337819195037
1228,1061.512405761192,1089.922344889392
1229,1064.2378711411425,574.3076478477847
1230,1065.999417865095,449.68272840632386
1231,1067.9708999175064,1671.1351177478787
1232,1068.270566941976,710.9039188169053
1233,1073.8423266638097,372.5980357586742
1234,1082.5980788284578,687.4872228580008
1235,1075.7987925394045,1640.9498988075745
1236,1080.0315386081293,731.0845085920823
1237,1085.2779745187381,440.05236756973454
1238,1086.5739979322843,1596.500309593334
1239,1091.2186212790357,581.697664394944
1240,1085.4934370038513,1068.6573695546492
1241,1092.4374815709975,1632.3856282807387
1242,1093.1833720687864,519.6037981260778
1243,1095.5849640568586,376.09777054338855
1244,1095.519660780075,792.868558365838
1245,1097.211618822033,1667.9119150091947
1246,1105.4012946500811,1057.8804844242757
1247,1104.5264093809747,605.2924363423551
1248,1108.4046322900463,739.7379671977468
1249,1112.7909323656322,683.7198927457438
1250,1124.4487806435754,758.8007068088922
1251,1110.7281438857544,630.1684145843858
1252,1116.1162111369345,478.15947827067544
1253,1118.1061606256108,30.873871927778083
1254,1124.080947624072,708.0936482292457
1255,1123.9853201207343,0.6741444464240942
1256,1127.3993263319144,440.1370533491156
1257,1132.9642162246305,460.3456812429609
1258,1133.0683833823364,42.628826409953604
1259,1132.3559018585843,366.10741641500533
1260,1131.841811257335,625.3169581412451
1261,1131.9807282839997,729.6525458069683
1262,1135.6018411895934,68.23225510075777
1263,1134.897517747389,406.9812150382391
1264,1140.578080738495,660.5787454760251
1265,1144.1097471642788,782.004963137537
1266,1144.4830663065873,702.6946599341726
1267,1138.311827329122,1062.5814729741655
1268,1148.0689841418985,1634.5203746051543
1269,1142.7199260320644,-38.80170393890705
1270,1152.197110727388,483.40406943011624
1271,1139.2209903147377,1035.3375042347839
1272,1145.0880829239686,828.6713367195598
1273,1150.2141251941657,929.5515921544793
1274,1152.422419814413,7.725418464803376
1275,1149.307410067824,1054.3375042347839
1276,1153.8118800550528,91.30557575457954
1277,1160.4324559057413,880.1399978174754
1278,1153.1188915493058,1593.9050968273764
1279,1155.0856952022737,814.1173114392486
1280,1178.9885229989372,333.4694088666885
1281,1152.693001138347,734.0670831287464
1282,1170.0240889177267,1616.2080573536923
1283,1162.4099441808848,640.269570511587
1284,1164.0616188220329,698.7969799442596
1285,1155.5788915493058,850.5300968273765
1286,1163.3515513958532,-27.98550419564143
1287,1165.2974490065185,462.0083364361784
1288,1163.0027804381948,1047.685652382932
1289,1161.2333359937502,1388.9401978374774
1290,1165.4213239817382,746.5814481787278
1291,1170.8273530877673,370.5272628192793
1292,1161.139955379093,65.34499044439775
1293,1170.1303848173598,112.37195729249277
1294,1163.3988915493055,1364.7600968273764
1295,1172.716689383241,234.78388744109486
1296,1171.6304499908642,686.8132137104933
1297,1171.754238083959,905.5753113488286
1298,1178.2470196281233,787.3167963347656
1299,1179.2721366992178,1382.0341532647662
1300,1183.7340767344908,49.9034301607098
1301,1175.2088203749286,845.7806306352056
1302,1182.556132928616,1467.2318209653074
1303,1173.1008915493057,1588.8260968273764
1304,1182.5664633750703,194.49543510355812
1305,1181.8533406137549,995.6619055591852
1306,1181.411113771528,823.0757758397222
1307,1183.3995110183323,750.8416012521552
1308,1185.8294712594507,860.3561837838982
1309,1182.6614405689133,1561.1163713371805
1310,1184.4322481926624,124.57345347073311
1311,1188.5362599703585,1621.2739564764993
1312,1192.921396725289,107.4187096638154
1313,1186.312147363259,1362.7556782227252
1314,1199.3875401979544,294.0692860165657
1315,1188.248518878498,395.55742601992307
1316,1192.3516530555817,689.1853269528995
1317,1194.7354432734437,914.2128554480661
1318,1196.2177854544975,1539.977500890582
1319,1194.4321347925488,418.0760427733224
1320,1198.5235854268567,82.55804031246282
1321,1196.2186104248076,1607.1831088755691
1322,1199.7333359937502,661.5967634940431
1323,1195.4555582159724,226.13676349404312
1324,1201.73727864608,248.7774086553335
1325,1202.487521686292,758.5527618336031
1326,1198.9074260320644,810.1413037239282
1327,1202.1236022931075,359.7276174885335
1328,1212.5514333553256,640.9384580313898
1329,1207.2249228808982,730.9431516576636
1330,1203.2951752117833,972.5117844395847
1331,1206.155798024126,1378.3521591774963
1332,1203.2782532514334,1597.7386074656742
1333,1203.5598006402147,1643.2210059182855
1334,1207.8736373120178,1265.131368013817
1335,1205.7297199516725,862.1727003776723
1336,1212.8524508713394,1294.9046730985629
1337,1211.4868082159724,141.87176349404314
1338,1205.317193436098,883.8357572047349
1339,1213.9670652686823,1242.6138384754834
1340,1212.4688915493057,215.6500968273765
1341,1217.560821373867,1344.7932547221133
1342,1224.4371128931793,378.61191500919466
1343,1219.6593234429934,898.3885685881738
1344,1218.0691113295256,1636.5015253988051
1345,1220.0805582159724,301.63009682737646
1346,1223.175916157807,807.4043697580253
1347,1221.4134870185612,831.2116502254347
1348,1224.0858103168125,323.4174917853597
1349,1226.3665529803702,979.5705854835719
1350,1225.8794712594508,931.8286475520141
1351,1224.471384130908,432.23276745052186
1352,1229.009005401298,1316.4367381936004
1353,1235.251391549306,168.7745412718209
1354,1227.5460344064486,753.2443825416622
1355,1231.3817668673719,111.27615280702025
1356,1235.360619297997,70.11334290067491
1357,1231.7929076135629,1221.2393337751676
1358,1236.4523156738192,775.7511085005282
1359,1234.1504734702098,1057.7154075618398
1360,1233.9929731819589,1278.5015253988051
1361,1234.864363247419,1343.7288389657413
1362,1233.7364439968583,1609.5699569672365
1363,1238.6748564615864,192.00904419579751
1364,1243.7082463880156,149.51343016070982
1365,1238.1573126019375,1235.6318512133414
1366,1240.818907347094,1491.3487382175817
1367,1242.0951978556122,1182.4413580886378
1368,1240.155033281589,1623.339545646274
1369,1241.6573126019375,750.5391193837675
1370,1249.0644214144309,623.1150679256424
1371,1254.3493311097454,1244.6471297944095
1372,1248.1868848603426,351.8866185665069
1373,1252.3461541191382,390.28065548659436
1374,1245.7736243737331,424.3155930105826
1375,1251.345822242375,910.9697007877725
1376,1247.940016951235,1083.6503540621031
1377,1244.8152073387796,1219.1669389326396
1378,1249.7530063818417,94.86550352594108
1379,1251.5303688220329,963.4897559182856
1380,1256.8949521553664,1507.496763494043
1381,1256.0045049322052,1302.2758217344397
1382,1265.7596028463768,638.186721653039
1383,1256.0282424620846,1458.6096100119607
1384,1256.5607665493058,1315.3425968273764
1385,1253.7148174752315,1262.0782449755245
1386,1259.6625474632842,762.2123548918926
1387,1257.7062143839512,996.4615928903686
1388,1262.4362599703582,134.5634301607098
1389,1261.0115477993058,1111.6254093273765
1390,1260.7888915493058,1151.5505588735812
1391,1254.0692653810816,1348.7338351451335
1392,1259.625403810886,1364.6521676720631
1393,1259.1122860447185,1429.604408753982
1394,1258.332022539721,1483.3965505014978
1395,1262.568419108361,1097.6820653313134
1396,1260.4565562199646,1216.4390788633045
1397,1266.0952295774746,88.33502640484127
1398,1270.643297679574,1275.307491463392
1399,1273.9665774997188,737.0953860835748
1400,1271.9063004561885,1126.7418377180647
1401,1273.5480983481725,430.5164990936654
1402,1271.063891549306,1396.8800968273765
1403,1265.2716501699956,1408.861131310135
1404,1284.2684237130484,459.24705589170395
1405,1280.9888915493057,153.40968866411117
1406,1277.6537564141704,63.40886130614095
1407,1284.9138915493058,1265.0262506735303
1408,1273.6979824583968,364.8573695546492
1409,1282.9152356353275,975.8360108058711
1410,1283.0725453954597,1442.5526929812227
1411,1277.8400279129419,1152.5948695546492
1412,1281.8277265007619,1378.119417215726
1413,1283.1057232324742,754.6462684445382
1414,1283.6039204510398,1389.8433916250644
1415,1287.8773436377578,1244.6549125521922
1416,1288.4385589550707,109.8414050313676
1417,1289.502737703152,1501.354712211992
1418,1292.4658741411818,1939.3962476977827
1419,1299.4986577116165,80.00712571320867
1420,1295.647530292761,394.1002538954393
1421,1296.8385369393768,650.6416807517263
1422,1293.6674629778772,170.48723968451932
1423,1294.3848511452652,418.1674705647502
1424,1302.0016915493056,53.84209682737648
1425,1291.8233743079263,717.10251062048
1426,1296.4170322528234,1289.6587400434569
1427,1300.2158578414405,1422.8514451419833
1428,1301.1094289773287,-6.7647208309728555
1429,1297.9252551856694,1108.526056423336
1430,1302.065758580271,747.3362899057007
1431,1302.389955379093,1398.9221181039723
1432,1305.3152073387796,9.8929451245901
1433,1311.0260883148044,1144.77915343115
1434,1318.3721264961769,1478.398809932453
1435,1309.4962086224764,482.89656024201065
1436,1313.834674681836,429.0096148996656
1437,1316.1158146262287,-37.742980095700446
1438,1313.8833121501639,100.19619124797734
1439,1313.5194304714614,1118.1456656896519
1440,1318.512468785078,38.45855211192932
1441,1326.1380039753412,626.873883809625
1442,1323.2623522711742,74.26130701845928
1443,1327.1064881158295,112.78632000334213
1444,1321.5993490656456,750.5804236247621
1445,1325.0383844499142,1280.098453825348
1446,1322.341737077761,1308.6319938463466
1447,1320.2888915493058,612.4618428591225
1448,1328.460445801505,1443.0034106103676
1449,1328.321699948256,-20.41635986553691
1450,1329.4145459995675,598.9327146284236
1451,1331.7656357353521,4.863236362260196
1452,1328.2022248826393,1255.3034301607097
1453,1332.9607665493058,438.83113849404316
1454,1345.7943785177558,519.2291366078978
1455,1345.1729623457659,714.082309216757
1456,1343.86431734006,1320.0687829587632
1457,1339.2297517643597,-42.44624725864503
1458,1342.3776765960347,33.95346131335778
1459,1346.1432871537013,1295.2789979262775
1460,1341.7888915493058,1425.780396228574
1461,1349.357760530269,560.4026612170741
1462,1349.0430721513126,468.3949797705203
1463,1356.900719506295,648.4849355370538
1464,1352.0470517866943,57.45531937930525
1465,1366.6315145001254,9.707146007704345
1466,1362.0498615262109,1458.1079259266837
1467,1360.7377104469433,775.8789157250143
1468,1369.1335344064487,1409.6908111130908
1469,1366.2462086224764,1912.3813163395716
1470,1365.9288915493057,1301.0500968273764
1471,1367.1692837061687,-29.093432584388232
1472,1360.6388915493058,84.18009682737647
1473,1374.1756599971427,743.9504530614731
1474,1378.7800026604168,639.7167634940431
1475,1374.8109503728351,776.6065674156117
1476,1387.9006927915416,51.44562477768703
1477,1383.675354431402,1375.8558610195162
1478,1393.2555582159725,1917.2412079384876
1479,1391.8991577090014,1929.8958762950572
1480,1383.915017675432,1320.335502232782
1481,1386.392787653202,1291.3391877364675
1482,1392.197412852564,1858.2057860504342
1483,1404.4638397894714,1942.110221050979
1484,1396.415814626229,636.4070199042995
1485,1402.2052551856696,45.13918773646738
1486,1398.9852105677105,618.4392992813642
1487,1400.3377480981621,1295.8614897587695
1488,1394.688891549306,1235.0550968273765
1489,1408.873537218597,1902.3336401344632
1490,1404.4476593218174,1425.0770162586562
1491,1419.3183033140117,654.3361226523406
1492,1410.650205417919,1249.324257411318
1493,1412.150960514823,-5.328523862278701
1494,1421.016631275333,38.74345299176004
1495,1421.854238083959,618.3439582135151
1496,1421.5424629778772,763.2729539702336
1497,1416.4641052245192,1857.2377891350689
1498,1430.1706778890607,93.89682187115932
1499,1422.9004795321384,1230.4708693595653
1500,1430.4747023601167,-26.974182451902806
1501,1436.2341470237584,681.9373960974494
1502,1437.6929395253178,8.217952899340489
1503,1440.0226577830722,1835.8088847061645
1504,1441.2814288627387,1935.63158936469
1505,1447.9335069339213,38.46240451968417
1506,1443.2310684200538,713.0933621334989
1507,1447.199359868865,643.6601243755858
1508,1448.1833138600628,698.6631645564602
1509,1449.770709731124,1948.4573695546492
1510,1459.8901573720905,1203.5144850130305
1511,1461.1622248826388,1908.0189857162654
1512,1459.1354262027712,-4.700266208927154
1513,1461.9522578859396,692.5068295006438
1514,1464.9536642765784,1893.2795286455582
1515,1476.082531603433,107.37123349855375
1516,1465.7670997817513,718.1891767305242
1517,1466.107668841882,628.1833719365468
1518,1476.7203201207344,611.0260968273765
1519,1475.4197326708008,552.1341466716133
1520,1480.6663844267987,1920.9728318701116
1521,1481.810259070673,-13.93315103587139
1522,1485.2634013532274,1181.7085281999255
1523,1483.6241856669526,1948.7653909450235
1524,1488.337474545257,583.6264531026801
1525,1483.9555582159724,48.296763494043134
1526,1494.225600410065,24.198029316827956
1527,1495.0379034070133,69.4478833886413
1528,1500.5943883780583,92.16265496691136
1529,1502.5759045363188,1794.7171098143895
1530,1501.892550085891,47.314243168839894
1531,1513.9644729446545,1.3870735715625173
1532,1507.837893364188,633.5544162466142
1533,1504.1896852000996,1778.5451761924558
1534,1506.2337895084893,1939.1892805008458
1535,1508.235637111436,552.0454814427611
1536,1513.8197904257104,1817.6126810970393
1537,1513.6948744552888,497.37454127182093
1538,1520.684214489172,25.767513308445515
1539,1520.1763454238444,118.05555808198903
1540,1525.5461474859812,528.2942129223633
1541,1528.092750070206,664.248424801653
1542,1522.4643532907307,1778.969674663788
1543,1532.0075295421375,1890.9408495155485
1544,1528.1164777562021,1907.1645795859972
1545,1537.4986507381523,62.017549298859365
1546,1536.2621739920537,611.6247533159261
1547,1538.3220240794262,1922.0987715261717
1548,1539.586836754785,547.0910557314861
1549,1536.3988915493055,1163.5500968273764
1550,1547.0183997460272,157.44063546906267
1551,1546.7392461592349,1879.419458529504
1552,1547.103050841341,1148.0761145264914
1553,1555.9246381556404,214.24533061319852
1554,1555.2843870448014,1899.3715382688179
1555,1553.6811474415617,601.0176389149185
1556,1557.10087502038,1924.3474521992773
1557,1558.5497401510415,101.74301871744399
1558,1558.2962911264726,131.45229555887752
1559,1553.2245351136621,179.88389220691442
1560,1560.0070416365656,-0.26362045011043733
1561,1556.108040485476,587.8822244869509
1562,1563.1659112979592,548.4274038291718
1563,1568.4895796227001,750.3498215980187
1564,1561.7622248826392,675.6000968273764
1565,1566.920967021004,507.01814714184184
1566,1567.901918369229,628.4377596626255
1567,1566.4716872482304,1152.0080538166237
1568,1567.2091501699956,1205.445183034273
1569,1574.9488915493057,1236.4850968273765
1570,1570.1329282465535,1946.287894992514
1571,1575.908995987948,664.8334910832511
1572,1571.347333107747,713.2839929312726
1573,1574.6433219290525,1113.0155398653512
1574,1582.9627326089085,1282.0840703373103
1575,1576.310127070541,611.40500030228
1576,1580.6001415493056,277.67884682737645
1577,1578.6284264330266,571.2556782227254
1578,1576.6291471403601,1895.172908328974
1579,1579.377512993507,184.84694584269377
1580,1579.0805582159724,302.14363849404316
1581,1583.0148655752796,410.63659033387
1582,1579.700075759832,488.17351788000803
1583,1577.045874789529,238.4105437547508
1584,1583.4312444904822,689.0430380038471
1585,1584.2512292116435,1878.3664604637402
1586,1587.9825535211367,1926.3702376724468
1587,1584.451500244958,1837.8761837838981
1588,1591.5780706537835,453.862932648272
1589,1592.7084625948823,102.75047216249712
1590,1592.6445400848706,130.1100131453681
1591,1600.4799292851549,784.463115695301
1592,1589.775066664513,81.85636410848247
1593,1592.089201146829,1302.4037810379027
1594,1597.3961059781636,1092.1866098534285
1595,1592.8084227993058,152.75040932737647
1596,1593.5498671590617,257.0520480468887
1597,1592.9598006402148,1209.04646046374
1598,1592.586188846603,535.2003670976468
1599,1598.0373387542745,619.9549415478733
1600,1599.226986787401,1115.3110492083288
1601,1598.4391378547243,209.78231357614496
1602,1591.4769649438012,1255.0677115062756
1603,1594.747955876791,751.4564126168501
1604,1597.1666693270836,1859.6412079384877
1605,1603.3851482337977,635.4247492337936
1606,1599.6534748826389,940.6384301607098
1607,1600.9619684723825,705.7570199042996
1608,1602.932776441392,1888.944485316585
1609,1607.045172956341,195.50798627461265
1610,1607.7739102758974,1841.461932033369
1611,1607.7775921142775,122.92444710986234
1612,1605.8022248826392,325.5834301607098
1613,1617.0690551484877,436.98122157175277
1614,1608.7130792749376,407.79291271185303
1615,1624.0605810470224,753.3056676036322
1616,1611.561838409209,172.5508697742364
1617,1609.5877742308699,691.9133370508401
1618,1614.0373387542745,1067.0791651503578
1619,1614.8671833642525,670.4852569697252
1620,1620.5328915493055,910.5820968273765
1621,1615.387531005088,1940.7532260790772
1622,1622.290552678874,372.7639838705658
1623,1616.6809778802408,1885.555996107952
1624,1623.3760229165978,351.0561021893068
1625,1626.6344513948657,166.52469142197106
1626,1619.7888915493058,290.2511195546492
1627,1619.5666693270837,226.80046719774685
1628,1618.1407434011576,889.4671338644135
1629,1631.7305683415293,941.8146654786523
1630,1621.6326415493058,398.3832218273765
1631,1635.0629300108444,387.0502891350688
1632,1626.6057929577564,727.3188292217427
1633,1634.349867159062,778.7485250116583
1634,1629.4882379545343,1044.093495520187
1635,1629.2530947825621,1087.4173947488546
1636,1632.7473115077255,414.20036709764673
1637,1636.72968102299,235.07044770456946
1638,1631.029962977877,1006.0818825416623
1639,1640.235794204173,1821.9876189512702
1640,1636.2968280572422,272.68671058399025
1641,1636.6206958306511,334.41633535948654
1642,1639.2345437232188,454.04314030563734
1643,1641.6646679468213,315.1816496224075
1644,1647.5300359634748,1067.1508052742429
1645,1644.2075466469196,1162.3379059380056
1646,1641.3218585822729,1056.0399869372666
1647,1647.2247468124638,1185.6159520905344
1648,1646.851067715109,742.3238792107961
1649,1645.2774411676264,838.4644479724146
1650,1652.0564192245824,1891.8692112185204
1651,1652.2908730552504,974.7874283993712
1652,1657.3225573847171,1842.0834634109176
1653,1644.140539900954,1917.2377891350689
1654,1650.4112873826389,284.22957599404316
1655,1650.5970096304864,1266.3692112185204
1656,1652.2511137715278,1944.5034301607097
1657,1652.2421882526023,1043.0729539702336
1658,1659.025293222946,1805.5033185846987
1659,1655.0210344064485,244.59081111309075
1660,1661.7503343353756,732.2124351358342
1661,1655.2705242023671,830.6811172355398
1662,1656.414719363875,883.9036067611513
1663,1657.535303032559,208.57602984173053
1664,1665.0329860374945,1003.775766118715
1665,1658.411113771528,412.01581111309076
1666,1655.5208064429225,859.5726500188658
1667,1666.1469896176563,29.203499501967855
1668,1664.593155115197,1239.9766084552834
1669,1658.935830324816,1019.1137702967642
1670,1666.369536710596,292.74461295640873
1671,1665.4755112676157,469.4230545738553
1672,1669.0042307823442,1869.351925735931
1673,1672.4186992416135,217.47576990429957
1674,1663.841523128253,1214.3686933186045
1675,1671.1913915493055,1787.3675968273765
1676,1670.0477747980367,1915.572228807072
1677,1672.7736243737331,948.4663563693612
1678,1665.217462977877,1261.8300968273766
1679,1674.2969129396802,352.571808057323
1680,1666.571786286148,444.1866757747449
1681,1674.9606367016604,486.20987522072824
1682,1673.8885800228259,872.2976980734824
1683,1677.9147656751798,1314.7377891350689
1684,1680.6759883234995,188.1102043542582
1685,1681.191488951903,1256.0123479096276
1686,1684.7076032057475,3.2675201402599114
1687,1677.1670165493056,248.13634682737649
1688,1675.2251331600442,808.6482176327456
1689,1677.1910654623493,1162.3703142186807
1690,1678.3269032452122,266.2458863010607
1691,1683.1494549295876,709.5667165456863
1692,1677.1712444904824,1177.439900748945
1693,1679.4753322272718,1831.9809442850035
1694,1688.86792380737,505.51558069834425
1695,1688.7695367105962,1147.068806504796
1696,1689.5899386697247,1217.4693638430833
1697,1688.1034610857296,582.3605604035354
1698,1685.9157572209474,1772.497261006481
1699,1698.5840233951476,42.810421370987015
1700,1688.5330091963647,1455.827155650906
1701,1689.3385098699164,1793.1705548426437
1702,1688.8235736302304,1879.947437867839
1703,1695.0199521553664,288.2861574334371
1704,1691.7371204321394,1917.6494428764229
1705,1690.4843648003343,1491.687298473467
1706,1696.3055155902266,213.10145232609773
1707,1692.3400279129419,1428.850551372831
1708,1698.127294591131,399.11070519239547
1709,1701.2859561285622,420.4682572970438
1710,1696.4023174752315,1124.8513931236728
1711,1701.4465678978536,359.1707607277914
1712,1694.3507472194087,632.5074164150053
1713,1703.4689558579876,791.2034087244825
1714,1692.3298751558632,1752.8891132208191
1715,1698.0124209610703,335.0242144744353
1716,1703.4288232899203,1278.5273664519498
1717,1697.051113771528,1239.6812079384877
1718,1702.5769902430648,591.0868457388424
1719,1707.0070733674875,1017.3161108133904
1720,1703.9683033140118,1309.1948027097294
1721,1707.2875141388372,444.49758994032413
1722,1705.0499441808847,943.999570511587
1723,1709.2256262431833,264.5545866232948
1724,1703.9763915493058,314.9027530773765
1725,1708.580335399573,762.0477438862
1726,1708.1496974101115,1185.7506096478894
1727,1703.7888915493058,-26.373568094089496
1728,1702.9707097311239,664.475551372831
1729,1707.531444740795,1458.3705223592913
1730,1710.0750812331657,1558.7204462450138
1731,1712.5535974316585,1226.654361533259
1732,1715.1399040854676,868.4691517936253
1733,1714.8363599037361,1832.3161727767435
1734,1713.4921001054554,1850.6279577899434
1735,1712.6941284570362,233.59343847326176
1736,1709.2421289593776,477.16750689931894
1737,1718.4626075613905,693.5494321748085
1738,1723.8529216811326,1886.8302851512935
1739,1716.5134817132403,1802.5235394503272
1740,1714.9009247443264,-39.72550483237456
1741,1718.7049754653895,1869.0489779462575
1742,1726.7613491764246,1430.6186561494103
1743,1724.5235450146524,675.0865324709408
1744,1721.5184289158537,1050.9372142650989
1745,1726.7403085533542,491.29851788000803
1746,1727.1268706433825,640.7523964789444
1747,1719.4895088332564,1653.0998499137963
1748,1722.7809864109659,1291.7324683688785
1749,1722.6542761646901,21.607981442761087
1750,1731.0775212869153,1145.2624583434115
1751,1724.1654097679293,1172.1770603901296
1752,1724.7379933457128,1923.963030959113
1753,1726.3332463880156,267.11961295640873
1754,1729.6082895426166,1250.7645449879117
1755,1729.5467203593266,1460.487508100863
1756,1726.6488915493055,35.820096827376474
1757,1730.7928131179333,375.7928419254157
1758,1739.4372317982684,597.9549930929367
1759,1734.7283487518112,1715.470806639485
1760,1735.621323981738,1948.0490157462955
1761,1739.880125896354,1583.0123866305964
1762,1740.0887053295664,185.28950092421073
1763,1738.5133282910733,414.6787970006867
1764,1736.9396852000996,1010.3725571448367
1765,1734.8870650652875,1544.2154849552303
1766,1731.0786111754742,-7.696071396922591
1767,1742.1415320944507,1271.9829077302725
1768,1739.6393588390251,211.84785383672227
1769,1736.2074962004685,456.0649805483067
1770,1736.3577321290159,560.7271982766518
1771,1736.5240694149184,1118.8391877364675
1772,1742.4506126175552,232.0458238303438
1773,1740.1540031111717,742.4513950018187
1774,1737.854563191097,62.00173861842126
1775,1744.1747362981641,335.3730192018057
1776,1739.0084761190387,1074.6749039490383
1777,1741.9888915493057,438.58509682737645
1778,1739.680457814366,1512.0475667068945
1779,1746.4472625900298,1731.4233094970598
1780,1744.7196031597928,8.518111808649884
1781,1751.0776743655347,1804.4026505266604
1782,1749.0146133340827,1905.541645383807
1783,1749.552306183452,85.29595048591307
1784,1748.9249459710745,550.485652382932
1785,1749.039210834108,656.8126000202245
1786,1747.7556884243058,789.5511905773765
1787,1743.2572459796856,1687.7528816375032
1788,1748.2138915493056,938.3479539702336
1789,1750.6921173557575,1160.1760645693118
1790,1744.3371371633407,1820.8116757747448
1791,1750.031444740795,-8.2316053002831
1792,1749.8804169730347,1091.2250120816138
1793,1750.3144597311239,1407.2425968273765
1794,1749.5903896766467,631.0199844678259
1795,1751.1611543230283,1867.9081990171576
1796,1752.8116188220329,1455.3259301607097
1797,1752.3047926093764,376.38592721606904
1798,1752.4673229218547,51.97323408227844
1799,1753.2316099959075,1617.5902910021337
1800,1750.8663823242136,1658.8193957203655
1801,1760.3327511984285,1042.6186933186045
1802,1752.520435173467,396.11801629046374
1803,1761.0243127156123,1850.6082825725168
1804,1760.8227515944523,706.0474783172184
1805,1754.5684614417787,1383.2688065047957
1806,1758.2621356964628,1499.277922914333
1807,1758.759286286148,1525.7064126168502
1808,1757.8120575724715,1555.1965060937857
1809,1759.1307097311237,1289.6828241001037
1810,1764.0322005517387,354.86683648674386
1811,1762.4850686116802,1683.6222497448814
1812,1763.1663318963774,1709.4658885844265
1813,1764.0423028553487,1769.0996874706514
1814,1762.8782635299822,185.85521760032333
1815,1757.1460344064485,931.2158111130908
1816,1762.5488915493056,1249.6377891350687
1817,1770.2705541409928,329.230830323709
1818,1763.9637886686473,1931.2634301607097
1819,1761.8438915493057,-22.854903172623526
1820,1768.0301093479006,236.14789542222422
1821,1762.69321253696,1352.0689857162654
1822,1766.7036642765784,6.827824100103747
1823,1768.3305582159724,146.79373319101285
1824,1769.4727403465567,663.7840487174109
1825,1783.9610488287958,-9.880742705035857
1826,1770.961221646393,64.75048517689103
1827,1767.3422512331003,800.4597410961512
1828,1770.9000026604167,394.0554529527326
1829,1768.8436027955063,447.2553247909023
1830,1777.391027730881,694.3426468941321
1831,1775.6588915493057,-39.646569839290194
1832,1771.9775707945887,371.5181471418419
1833,1777.5905444418677,415.277204265393
1834,1770.2258416959335,1805.085522047318
1835,1771.4128231732375,285.61813101541065
1836,1772.2038915493058,1557.5250968273765
1837,1781.8895982630866,308.64917809946127
1838,1786.9203348482747,511.2819009510878
1839,1779.605820683164,44.308049583281985
1840,1783.148359004927,456.3013986025244
1841,1791.5336045402423,274.11212099656075
1842,1785.6961763175177,579.2777789465817
1843,1775.4583830747297,823.904673098563
1844,1782.235150052707,1155.62805601105
1845,1775.0431650535793,1454.2527464000261
1846,1780.9279448037437,1003.788084993057
1847,1777.3134314266063,1632.1141459071312
1848,1776.8868296936357,190.6465916727373
1849,1784.4444471048614,782.5789857162654
1850,1789.9901724276224,942.9429056105421
1851,1788.2639252874974,1598.885562414421
1852,1779.9486853637386,1709.5847360026341
1853,1787.2305159147882,195.63568058372167
1854,1790.6031772635915,1767.5413213171723
1855,1785.9430417469343,1908.989385364926
1856,1781.8771268434234,1835.3320576116903
1857,1787.0647536182714,106.8449041296077
1858,1789.1697760000902,1295.0356603081182
1859,1785.7081999066545,1537.5871573461084
1860,1788.985372487722,1646.3494516660862
1861,1789.661319532845,372.74902686852874
1862,1792.4050052933817,349.92298782263714
1863,1792.0078998137687,651.928030711674
1864,1787.6297323901467,863.9961628934425
1865,1797.0958960202447,1734.5754023415345
1866,1790.099051977113,1320.7375834583925
1867,1795.7353860142503,1820.8433809602177
1868,1786.0342903223118,1407.0957409991556
1869,1796.9282720802794,212.71107027870391
1870,1793.705107765522,801.0895562868359
1871,1793.4983255115699,149.08104022360288
1872,1798.8175373826389,1573.0316593273765
1873,1797.6428241335752,1671.5508833442304
1874,1810.651071036485,330.00701990429957
1875,1802.4401371009071,170.09201853556152
1876,1804.8524366998072,1711.8799296032962
1877,1806.7582988150803,610.5859285673382
1878,1798.9350453954594,1390.622404519684
1879,1807.8720558495088,240.85504611743733
1880,1808.4362345444747,497.1668118032219
1881,1808.6734353109446,537.0418286709519
1882,1805.3447291127577,1913.3691831217927
1883,1798.869536710596,841.5268710209249
1884,1810.6018686485422,1340.6323869037124
1885,1807.5049409320218,-1.0668167528704373
1886,1805.0241856669527,115.70264584698432
1887,1803.946786286148,460.6879915642186
1888,1805.5511293115437,659.0175094147891
1889,1812.4579391683533,129.00152539880506
1890,1810.7744511160927,1695.9553675854993
1891,1805.93912629109,57.09441607620276
1892,1811.980810741225,196.82571972299937
1893,1808.1650383382967,887.5722986622388
1894,1822.1798923251008,1014.5305623044906
1895,1811.0337895084895,1462.0554612588633
1896,1809.162677957073,1543.4640774099007
1897,1809.0511866312731,1886.7251787945895
1898,1814.4841880728231,1509.6928780134706
1899,1822.2017643907502,562.7307247708616
1900,1817.06348171324,852.1090585760104
1901,1815.4071347925492,448.4740157462954
1902,1814.3324600140359,675.4612171593267
1903,1818.9450854451766,789.831353559872
1904,1824.6211992416133,86.3808660581457
1905,1822.3336944166895,375.5501685119643
1906,1821.0521765734602,1396.3576330592605
1907,1819.453711493904,1484.1267727276536
1908,1823.9571542032045,1598.4212048985119
1909,1823.8454953228907,459.2923609783199
1910,1828.5888915493056,633.3764245109923
1911,1824.8783652335164,955.8564126168502
1912,1832.0244204914216,482.650655709612
1913,1824.1148827387328,1300.6217267833235
1914,1837.6924789932518,-38.412952499977784
1915,1828.6387575010485,1542.344305942658
1916,1831.8113274467414,676.2730455453252
1917,1831.5836798229216,689.8421489446404
1918,1825.8913011878599,885.7011811647259
1919,1835.4215446105304,1762.8161512491452
1920,1830.9135974316587,1738.8995085920824
1921,1835.8585344064486,119.7354539702336
1922,1839.2181909123628,717.7886955534912
1923,1832.0227898543903,1311.7741646239867
1924,1828.4547206950342,1712.312006375115
1925,1830.2238691277812,1073.3067784417262
1926,1832.7148174752315,1880.9177511483642
1927,1843.524620936198,945.6499699774822
1928,1835.6854432734435,1401.5421657928937
1929,1839.5730445547701,1861.4300968273765
1930,1840.7290113097847,652.3312944321669
1931,1840.7929731819586,851.0484641743152
1932,1839.0253188697961,1793.6358761618774
1933,1837.8813646675853,357.8913871499571
1934,1853.0398875652418,830.1113717277749
1935,1843.7912896308403,1374.0859721271368
1936,1843.9288092447791,744.9671338644135
1937,1848.1724531931413,27.80093831465632
1938,1844.5217682616344,1937.327357101349
1939,1845.6130294803402,150.69906234461786
1940,1847.805466134941,1827.289212849476
1941,1851.6070733674874,767.1249020221817
1942,1849.8231657428541,1319.1881613435055
1943,1854.182988771528,-3.9327503948457476
1944,1847.8896980009185,881.1720323112474
1945,1854.260620143813,1086.7346202522554
1946,1850.8943767813735,683.963852101638
1947,1857.6866188220329,1351.1573695546492
1948,1857.3319949975817,802.0266485515144
1949,1854.261113771528,1553.4300968273765
1950,1856.9821282642815,162.3842031075697
1951,1860.13434609476,191.64282410010375
1952,1854.047353087767,558.0408660581458
1953,1855.1846362301567,903.2492457635467
1954,1855.6657759714162,1025.025574214311
1955,1856.2608915493056,1231.700763494043
1956,1856.9027705528642,1606.0546519875188
1957,1863.0625334004126,655.1755696643986
1958,1861.6448237526956,1712.1970459799188
1959,1867.5267703371846,873.555854403134
1960,1861.5776915493057,289.46929682737647
1961,1865.8233743079263,712.1559032789894
1962,1860.9190998826389,1796.9353051607097
1963,1858.0920589701204,1927.676703162218
1964,1864.6947439666087,1206.7443461912442
1965,1859.3222248826391,1517.6634301607098
1966,1857.6864819107514,1879.634916104485
1967,1874.4843527498915,128.51574836471175
1968,1877.7699641045106,508.1729990355784
1969,1872.5690524072147,1011.962268409146
1970,1870.2262409468963,333.0180486346054
1971,1868.764571091509,934.4722999747298
1972,1870.5974021876036,1773.9399167946433
1973,1870.2037063641205,1382.885652382932
1974,1867.4569587761966,745.9637102727546
1975,1866.320537118926,47.83305041387436
1976,1873.4658988485758,535.0395858784714
1977,1865.1555582159722,-43.536569839290195
1978,1876.6500629159,782.2034156993939
1979,1868.8305582159724,1330.5446801607097
1980,1883.4396192000336,673.7461051433847
1981,1868.3581223185365,103.02240451968416
1982,1874.5816547072004,11.673517880008056
1983,1873.259040803037,1490.63158936469
1984,1868.8222248826391,73.11343016070981
1985,1875.4610678578456,1510.4342290587815
1986,1874.8259285863428,1343.8683684323148
1987,1875.7497854040544,1839.5893147044715
1988,1882.3178490782634,725.420444317724
1989,1879.4960499007157,1888.5244569141444
1990,1876.7888915493058,1945.9363468273764
1991,1877.7309205348129,857.790000209019
1992,1880.3828765117119,-3.175166330518266
1993,1885.4000803604945,1548.5398870371666
1994,1882.8969247903028,223.62538768610221
1995,1880.884129644544,1475.0216719189516
1996,1890.2287783951333,1801.0828549603327
1997,1886.49578810103,1919.4719687485588
1998,1880.5439935901222,1324.6851988681929
1999,1882.650960514823,1610.389866942319
2000,1886.306132928616,1741.8113228810164
2001,1890.1048256152399,1875.4163605636402
2002,1887.3222248826391,972.6348587321384
2003,1889.1530076442928,1254.2704662205163
2004,1887.5534790744568,273.6282859621853
2005,1891.7888915493058,1375.299765073822
2006,1894.7540390023887,1415.662000312631
2007,1895.694098491896,194.3586682559479
2008,1898.557512785439,698.8904771760294
2009,1891.5280219840884,1341.2634301607097
2010,1889.0904788508929,1487.5491444464242
2011,1895.73232589274,756.3886826859623
2012,1895.769895619862,421.1526205722883
2013,1892.8017947751123,1499.4139677951184
2014,1896.5953431622088,859.3916352889149
2015,1900.0757767952073,1003.9382935486879
2016,1900.4270494440425,1572.1373336694817
2017,1896.762917523332,1949.0210059182855
2018,1899.8582192803983,1106.8061472475445
2019,1899.1481408790646,1613.015887712095
2020,1905.1192486921627,546.1280134940431
2021,1898.0836892371672,933.548593937203
2022,1901.116052043133,777.7572573212036
2023,1906.917804993136,788.7275185584998
2024,1908.7950517135769,1704.2360516528386
2025,1904.0454513160694,1481.4490472646942
2026,1907.1249076458853,1534.6846239903543
2027,1912.4515899620042,1083.4499380972177
2028,1906.9383577414765,1630.6240470053124
2029,1910.7994178650952,1869.8690441957974
2030,1905.472377787838,1.1319316897617924
2031,1908.7628692444732,1253.2237771247742
2032,1905.9659250421287,159.63823079866833
2033,1916.9041495075935,1058.3120946319868
2034,1908.5038673947165,1588.1281644602268
2035,1925.0030394592736,672.1532479527784
2036,1911.2057929577563,601.2174207710384
2037,1912.5296322900463,1651.2653794784485
2038,1915.8608093575249,922.0670831287464
2039,1918.5189800448811,1234.5252295707394
2040,1919.5691606076016,934.9300968273765
2041,1920.5325085705822,223.8928627848233
2042,1916.6364525249155,1600.704487071279
2043,1921.7993354135356,750.3635171929117
2044,1918.0856829931558,858.5878508380716
2045,1918.1651802090996,-31.513202141695693
2046,1923.5855017187973,726.4676270937204
2047,1919.5912867588868,1813.1277016177955
2048,1919.5072014084608,890.1906602076582
2049,1928.9039075237465,1557.3007038561304
2050,1930.7109254476109,428.39619852229174
2051,1926.599236376892,1726.611131310135
2052,1925.74578810103,1253.757683034273
2053,1928.8670674450714,1458.0278166970834
2054,1928.181048412051,281.6948027097294
2055,1927.6555582159722,1538.8824777797574
2056,1934.247955876791,707.704950628546
2057,1934.8155977807596,758.0458238303438
2058,1930.5339895885213,1003.8059138208405
2059,1928.641832725776,1506.9153909450235
2060,1935.6821969886364,1427.5326072876276
2061,1934.8518455444632,1525.8405084496526
2062,1937.6502776879197,195.1611199296867
2063,1936.1999587429818,835.5466976178903
2064,1932.86321587363,1649.0314481787277
2065,1936.2813538608634,1736.6788405459695
2066,1936.1274332159724,781.2790551607098
2067,1938.5282280421966,912.2191963534428
2068,1941.2422594249533,1040.500045013905
2069,1936.6254928564954,25.348397480971244
2070,1938.6087113691256,1814.6808475781272
2071,1939.8006562551882,511.54186153325884
2072,1940.2343460947604,619.1391877364674
2073,1946.9904419369027,934.4611045793145
2074,1945.9921702378301,1574.3530476470487
2075,1946.061850732979,1708.2107090722745
2076,1948.0582642430327,992.6090636170443
2077,1959.5720691193992,1130.5917790703672
2078,1951.237489680147,1005.3272930890587
2079,1952.2116557769482,1519.676438290791
2080,1950.5105664261532,1759.3906879603815
2081,1950.769187115808,960.2256633298396
2082,1959.9155883818848,1048.5681058771502
2083,1966.6301836841371,1430.088804692545
2084,1954.6438915493059,1824.2000968273765
2085,1958.1428434393401,1412.1431552466204
2086,1969.1602562025496,1492.093407789345
2087,1970.2920494440427,1741.081675774745
2088,1962.7860344064484,1587.4358111130907
2089,1967.8163829582404,1841.022880332531
2090,1973.4729306372537,1901.180911159624
2091,1964.6239430956975,1197.5280349717063
2092,1969.349867159062,1658.545272979138
2093,1964.3396936883432,1691.0798294476974
2094,1970.195358062008,1808.124092208439
2095,1975.1555582159722,979.1217634940431
2096,1974.4300952530093,1764.9138931236728
2097,1971.3396727993058,1453.6879093273765
2098,1974.6660246551078,1576.418151434885
2099,1977.7193728327284,1633.9247492337936
2100,1977.9437828536534,1672.9436837838982
2101,1977.63856475192,1614.8680053241085
2102,1975.9065386081293,1001.5477438861999
2103,1977.3133359937501,1087.8723190495987
2104,1981.1391740351814,1532.6928086917833
2105,1981.5830091963644,1115.5575478077687
2106,1982.7649681043295,1166.3080872579985
2107,1982.4964938884868,1594.1815588156805
2108,1984.1625179229322,1863.6773495746293
2109,1984.4912725016866,1047.8824777797574
2110,1983.9555582159724,1880.1800968273765
2111,1984.5819949975817,950.9990623446179
2112,1984.974076734491,1024.800467197747
