idx1,idx2,distance,cluster_id,cell_id_1,cell_id_2,area_1,area_2,perimeter_1,perimeter_2,roundness_1,roundness_2,eccentricity_1,eccentricity_2,solidity_1,solidity_2,major_axis_length_1,major_axis_length_2,minor_axis_length_1,minor_axis_length_2,residual_px
669,451,0.2324852330069793,0,670,452,531.0,542.0,85.35533905932738,85.84062043356595,0.915889333901938,0.9243223507186278,0.4906861105940008,0.4962244657487156,0.9654545454545455,0.9609929078014184,28.032479691022377,28.250747045022848,24.425720241155464,24.52713653088074,3.132985262846803
1218,876,0.3959756187325856,0,1219,877,443.0,461.0,77.94112549695427,80.18376618407356,0.9163897956606736,0.9010271708645032,0.5360871544485768,0.49736159638128163,0.9506437768240343,0.948559670781893,25.97751409036159,26.251958055682934,21.92924687613324,22.77471130760412,1.089905447375585
971,700,0.5764613989219399,0,972,701,305.0,319.0,66.04163056034261,68.62741699796952,0.8787677869131733,0.8511483090342891,0.7487821952089287,0.7255668451665556,0.9591194968553459,0.9696048632218845,24.42957000783522,24.839702370543616,16.192313086091755,17.0934832510285,1.766290306542677
761,515,0.7046955402435235,0,762,516,588.0,614.0,101.7401153701776,102.5685424949238,0.7138430549054,0.7334151329406584,0.7178800617181625,0.7341113543616024,0.8763040238450075,0.8924418604651163,34.74159854184497,35.43735155902642,24.185947572722156,24.062992955094618,4.546167079895911
965,693,0.44723639601027526,1,966,694,502.0,550.0,83.11269837220809,87.11269837220809,0.9132271534496383,0.9107718950336524,0.7013116591550509,0.7251422359376597,0.9709864603481625,0.9734513274336283,30.002136361384782,31.995081449751208,21.38716672292141,22.031784688887665,1.3586710382670864
568,391,0.5046914127766721,1,569,392,573.0,624.0,94.42640687119284,97.74011537017762,0.8075651290298226,0.8208215671850748,0.6890084493392136,0.6818951080784484,0.9455445544554455,0.9526717557251908,32.574354337298146,33.55565219777971,23.608371045790726,24.54428086142247,3.564432149006497
1091,795,0.552950643279662,1,1092,796,183.0,206.0,51.8700576850888,55.4558441227157,0.8547271351708582,0.8417486795457714,0.7969194040551376,0.8263910996189255,0.9432989690721649,0.9363636363636364,19.76018263114234,21.684235546598266,11.936842620091058,12.210318723379894,8.748631002044892
1007,744,0.5605047009659181,1,1008,745,362.0,396.0,77.59797974644667,81.11269837220809,0.7554706650744789,0.7563579069418889,0.8437549641533714,0.8539473916762833,0.9164556962025316,0.9209302325581395,30.221733170852666,31.72805012187133,16.220867701259035,16.50998751126008,20.955220833280702
672,453,0.5712484517712711,1,673,454,357.0,410.0,68.18376618407356,73.35533905932738,0.9649751017240266,0.957481216994677,0.5223019604187494,0.5524586256550643,0.9727520435967303,0.9692671394799054,23.119982712153934,25.078188765415877,19.715810617404145,20.90368151673028,3.5980107579838703
909,644,0.5870762055650427,1,910,645,180.0,154.0,48.87005768508881,44.62741699796952,0.9471018082904711,0.971688545099036,0.6348781953263113,0.6755187970733579,0.9523809523809523,0.9565217391304348,17.32969334986645,16.314749588478364,13.389133239064497,12.02956259068877,3.9709719948108737
1160,838,0.17916620253705517,2,1161,839,236.0,226.0,55.4558441227157,54.52691193458118,0.9643334387029225,0.9552048037822236,0.6227255878127623,0.6143217373041648,0.963265306122449,0.9617021276595744,19.661535338105942,19.127332253630723,15.383977849882346,15.092529393605826,1.5432723391416354
826,576,0.25803870529950995,2,827,577,323.0,317.0,68.04163056034261,66.87005768508881,0.876724132933217,0.8908523512031707,0.7335389198134246,0.7386802284592645,0.9528023598820059,0.9491017964071856,24.72689429864368,24.5558536586418,16.80557059878098,16.552021021005633,3.929276355701271
1114,811,0.3216211410517832,2,1115,812,659.0,618.0,93.84062043356596,91.35533905932738,0.9404019860512071,0.9305301977435677,0.4374053688077189,0.43150479410690534,0.9748520710059172,0.9732283464566929,30.707462121706484,29.759510140457472,27.614128904379868,26.84637083557717,1.1158130256937375
961,701,0.35318579100017256,2,962,702,294.0,295.0,63.698484809834994,64.04163056034261,0.9105399192178792,0.9038723850967236,0.7137419085644607,0.7427066765578629,0.9483870967741935,0.9516129032258065,23.16164164471615,23.82337981379215,16.22261764431638,15.952537735423569,8.48308264084583
1136,823,0.5107527209057043,2,1137,824,292.0,278.0,69.35533905932738,67.4558441227157,0.7628390507032204,0.7677423493844844,0.8302257018347652,0.8746679111392339,0.9299363057324841,0.9328859060402684,26.732575239640152,27.35295806313714,14.901469377428008,13.258598255638223,3.4815874932877224
1558,1142,0.684909121044171,3,1559,1143,750.0,733.0,104.32590180780453,100.91168824543142,0.8659380681526431,0.9045464942233757,0.5377664306347764,0.5833114399474119,0.9517766497461929,0.9670184696569921,34.060974576601396,34.01784898331296,28.71659871926382,27.63094970545969,2.8050492597271433
1347,963,0.6916109022993598,3,1348,964,382.0,384.0,73.94112549695429,72.5269119345812,0.878013337463095,0.9173661597694227,0.7005200264567306,0.6891313793984885,0.955,0.9696969696969697,26.302842252899385,26.069596428644733,18.77056947763665,18.89097904017165,15.876701477952578
1312,937,0.7951796310435292,3,1313,938,286.0,256.0,63.112698372208094,60.284271247461895,0.9022822204491048,0.8852008021443689,0.7169955538903515,0.656421262364942,0.959731543624161,0.9411764705882353,22.986555448586852,21.07591408704908,16.02341612410076,15.8995545733112,7.913978535571891
1413,1002,0.8169429701387712,3,1414,1003,505.0,551.0,92.18376618407358,94.9116882454314,0.7467794311346688,0.7686383796870596,0.8885163664572139,0.8557010055208072,0.9564393939393939,0.9649737302977233,37.683953879665836,37.01943878200317,17.291091046620352,19.15647002803096,22.117514554686778
1533,1121,0.9067153716760166,3,1534,1122,299.0,352.0,65.4558441227157,70.87005768508881,0.876968908632073,0.8806978882439371,0.5210899575929517,0.5946671569394032,0.9373040752351097,0.9513513513513514,21.27481874544754,24.064479390853517,18.158095265013806,19.347167560074517,8.841166069182314
395,279,0.1593453961468872,4,396,280,418.0,421.0,74.76955262170047,75.35533905932738,0.9395860963622021,0.9316738442569481,0.671687573497298,0.6737060634293904,0.9698375870069605,0.967816091954023,26.80596758547978,26.942742375603707,19.858786447480007,19.91067094025693,5.394178658378231
117,81,0.37398320390864065,4,118,82,415.0,426.0,75.1126983722081,77.01219330881975,0.9243389051563989,0.902610702077998,0.6001240912272437,0.6267187004596173,0.956221198156682,0.9530201342281879,25.72855898836151,26.437830737784456,20.580452287400075,20.601562688591407,6.119521995230071
258,187,0.5086700738727479,4,259,188,599.0,581.0,95.7401153701776,94.32590180780453,0.8211997215493398,0.8205859267458739,0.8582945259832953,0.8187585185735959,0.9739837398373984,0.9667221297836939,38.65154150759011,36.18959356450699,19.834324150303548,20.777822295087006,1.5782890428468812
279,203,0.5333499404380213,4,280,204,304.0,306.0,64.76955262170047,65.84062043356595,0.9106293695844325,0.8870405246199297,0.6628067431074118,0.7082621323155073,0.9620253164556962,0.9652996845425867,22.905506319798434,23.751060823717197,17.151425658449813,16.76705044453915,13.377094073147688
58,47,0.6550791889753044,4,59,48,535.0,599.0,87.84062043356595,91.25483399593904,0.8713103177258732,0.9039094517228543,0.7217584701314218,0.6937919690381559,0.963963963963964,0.964573268921095,31.58307898791309,32.60331856550879,21.86007042896211,23.480110183386877,3.5055959485924855
357,254,0.6825558972773067,4,358,255,672.0,636.0,99.84062043356595,96.66904755831213,0.8471583479502767,0.8552480650747458,0.7708286880421323,0.711330829904669,0.9559032716927454,0.9492537313432836,36.852252823733316,34.12612173544329,23.476450890118358,23.985795391112894,9.011819214962395
1732,1279,0.48106038395449235,5,1733,1280,358.0,372.0,70.62741699796952,72.5269119345812,0.9018747827399348,0.8886984672766282,0.6627834801443985,0.7008050963167395,0.9649595687331537,0.9612403100775194,24.825231560366266,25.974698721103245,18.58940886900146,18.529124056550998,13.296034406500569
1299,930,0.5963994574126347,5,1300,931,440.0,427.0,80.52691193458116,78.76955262170047,0.8526689541948517,0.8648105545683733,0.6504871573825511,0.7107621825670196,0.9322033898305084,0.9405286343612335,27.63133566397402,28.284329848105504,20.986476168875534,19.896113594449726,4.9324572298609874
1698,1253,0.5971642938980313,5,1699,1254,275.0,299.0,60.62741699796951,63.35533905932738,0.9401657510996342,0.9360835500745653,0.6165537194072003,0.5525680258059725,0.9581881533101045,0.9583333333333334,21.17312802002518,21.494016329625435,16.669875594225747,17.914570544937373,11.546439025416106
1346,969,0.5985366271067424,5,1347,970,503.0,516.0,82.18376618407356,85.01219330881975,0.9358489771782439,0.8972162349794891,0.5851753324608726,0.636566975783725,0.9691714836223507,0.9644859813084112,28.18482277128929,29.449857210809046,22.855264302884184,22.712360824358303,3.1694671875923324
1340,960,0.6170214844053328,5,1341,961,748.0,658.0,103.49747468305831,97.39696961966999,0.8775097597543919,0.8716554872521939,0.6539601337366545,0.6568481481021643,0.961439588688946,0.9619883040935673,35.682193915874855,33.58894836001137,26.994614849868785,25.32683572940449,4.4596715207962765
1392,1000,0.23913932681473027,6,1393,1001,601.0,604.0,91.59797974644667,91.84062043356595,0.9001451498688223,0.8998646360337063,0.7026738592380785,0.6870032220467709,0.9677938808373591,0.9633173843700159,32.89332638538505,32.61278899019555,23.40399924927736,23.698225625434155,4.509487120605327
1293,932,0.4728829142329992,6,1294,933,593.0,590.0,89.01219330881976,87.59797974644665,0.9405146235458933,0.9662148215138726,0.43384270949543613,0.3923411498947269,0.9705400981996727,0.978441127694859,28.976999785755652,28.580214828127,26.10794721028932,26.28864682887147,1.305577196895608
1338,962,0.4830802976157612,6,1339,963,611.0,663.0,94.42640687119285,97.59797974644665,0.8611209316530914,0.8746649759115539,0.6320004487998446,0.6396702932849168,0.9502332814930016,0.9567099567099567,32.128023598103574,33.40636668966472,24.898190848722805,25.67778405484758,3.140953534781911
1465,1066,0.49393754479120555,6,1466,1067,484.0,473.0,79.94112549695429,79.01219330881975,0.95173208109038,0.9521004481300445,0.42766504873483235,0.49503026755645985,0.969939879759519,0.9732510288065843,26.13086402551071,26.369454738529146,23.620662150067943,22.911779235944156,2.247380772207065
1486,1074,0.5211360093360959,6,1487,1075,471.0,523.0,83.01219330881976,87.84062043356593,0.858908683962456,0.8517669087301529,0.773012197296015,0.7745097249624837,0.9553752535496958,0.9543795620437956,30.984493212294254,32.728153026105396,19.656288565206463,20.70258598868397,6.57216402480631
1733,1273,0.5755548217696874,6,1734,1274,173.0,159.0,52.2842712474619,48.87005768508881,0.795268625032018,0.8366065973232494,0.896010358786405,0.8828059112075202,0.9558011049723757,0.9636363636363636,22.349369762848063,20.84466189615633,9.923861022300773,9.791528336338684,2.6828044571937424
158,122,0.44551730564226183,7,159,123,367.0,405.0,78.42640687119285,82.18376618407356,0.7498101101779079,0.7535165720818862,0.7680927046039846,0.7624117704727975,0.8886198547215496,0.8920704845814978,27.551573838265842,28.921337361240685,17.642337821791024,18.714771304784623,7.698617409351285
277,202,0.5159927261727619,7,278,203,506.0,454.0,83.35533905932738,78.52691193458118,0.9151526382721695,0.9251852035595534,0.6281484604359903,0.631518773834082,0.9674952198852772,0.9680170575692963,29.000472207234388,27.412893647598974,22.565079236501045,21.254877282077793,6.526271186456266
7,5,0.5420033609790957,7,8,6,139.0,154.0,44.14213562373095,46.97056274847714,0.8964333036038501,0.8771604828971784,0.8071368682525484,0.8031433678241022,0.9586206896551724,0.9625,17.507647751323603,18.43736354789237,10.335891235338682,10.984719565167156,23.759329576776945
303,213,0.594643902630077,7,304,214,909.0,894.0,132.5685424949238,135.1543289325507,0.6499692103583832,0.6150174833113248,0.9177394086871142,0.924925976767117,0.926605504587156,0.9141104294478528,54.78895797184277,57.11150005898458,21.761245608444465,21.71078012789454,2.9459142718052127
269,197,0.62731693103729,7,270,198,681.0,609.0,97.49747468305833,92.32590180780451,0.9002647422621435,0.8978009071604338,0.6676161301973752,0.6932176099977196,0.9673295454545454,0.9620853080568721,34.17225706336107,32.863939525376196,25.44143937074128,23.685972696485837,4.271074590460902
311,217,0.48686949553600134,8,312,218,482.0,448.0,89.11269837220809,87.35533905932739,0.7627420913517117,0.7377495794192294,0.8623325947259906,0.8591553927135382,0.926923076923077,0.9180327868852459,35.50598940984471,34.577871540407806,17.97818333543347,17.694007762642237,3.981980737900591
462,324,0.6273660159780869,8,463,325,453.0,449.0,82.04163056034263,81.69848480983498,0.8457451178260329,0.8453337348458132,0.7295169747871822,0.7929346335889275,0.9476987447698745,0.9553191489361702,29.41483726598761,30.893164039118016,20.118651699413576,18.823412142271003,6.5745620329228736
561,388,0.6535817886976512,8,562,389,393.0,348.0,73.11269837220809,68.5269119345812,0.9238826023145069,0.9312510708368993,0.6032371640061206,0.6569140427822463,0.9656019656019657,0.9586776859504132,25.160982552010466,24.266916123267144,20.067440097794677,18.296416988390032,2.2583728656238735
379,259,0.7193208564616866,8,380,260,617.0,543.0,95.01219330881976,89.9827560572969,0.8588876157112904,0.8427351563977628,0.7260647567353282,0.7544082023566726,0.9625585023400937,0.9627659574468085,34.03147995442763,32.72692376011766,23.400941648645222,21.482134842932005,7.287100542942879
537,369,0.7401450273710283,8,538,370,171.0,167.0,49.556349186104036,50.62741699796952,0.8749986149223054,0.818756563539872,0.8329511201419084,0.871801928728447,0.9606741573033708,0.9597701149425287,19.8917400726217,20.856380281605777,11.007026229013277,10.216676161638567,12.211774053667623
340,231,0.8409293467421699,8,341,232,609.0,563.0,103.18376618407356,95.59797974644665,0.7187939378389149,0.7741423559868378,0.8740825261627096,0.8803861273662538,0.9485981308411215,0.9558573853989814,40.59439593047864,38.95245520095101,19.719842412178618,18.473497736330547,6.089916015418294
